Workbook

Sheet phauthuat
A1: BV TRƯỜNG ĐHYD CẦN THƠ
A2: KHOA NGOẠI CTCH - TK
A3: BẢNG KÊ TIỀN PHẪU THUẬT
A4: THÁNG 6/2026
A6: STT | B6: NGÀY | C6: Họ và tên bệnh nhân | D6: Tuổi | F6: Chẩn đoán và phương pháp phẫu thuật | G6: Loại phẫu thuật | H6: Số tiền thực tính thù lao cho khoa | I6: PTV chính | J6: Số tiền | K6: Phụ mổ 1 | L6: Số tiền | M6: Phụ mổ 2 | N6: Số tiền | O6: Phụ mổ 3 | P6: Số tiền | Q6: ĐD + HL | R6: Thực lãnh
A7: 1 | B7: 46163 | C7: Vũ Thành Đạt | D7: 71 | F7: Thay toàn bộ khớp háng | G7: Đặc biệt | H7: 3525500 | I7: HOAN | J7: =R7-L7-N7-P7-Q7 | K7: DUY | L7: =IF(K7="-",0,H7*0.03) | M7: BẢO | N7: =IF(M7="-",0,H7*0.02) | O7: G.TỬ | P7: =IF(O7="-",0,H7*0.01) | Q7: =H7*0.005 | R7: =IF(I7="V.Tân",H7*0.1375,IF(I7="nguyện",H7*0.1375,IF(I7="TOẢN",H7*0.1375,H7*0.17)))
A8: 2 | B8: 46164 | C8: Trần Văn Xiên | D8: 62 | F8: Cắt lọc hoại tử ổ loét vết thương mãn tính | G8: Loại 2 | H8: 2127400 | I8: TOẢN | J8: =R8-L8-N8-P8-Q8 | K8: V.HƯỞNG | L8: =IF(K8="-",0,H8*0.03) | M8: - | N8: =IF(M8="-",0,H8*0.02) | O8: - | P8: =IF(O8="-",0,H8*0.01) | Q8: =H8*0.005 | R8: =IF(I8="V.Tân",H8*0.1375,IF(I8="nguyện",H8*0.1375,IF(I8="TOẢN",H8*0.1375,H8*0.17)))
A9: 3 | B9: 46164 | C9: Nguyễn Thị Chuối | E9: 74 | F9: PTNS cắt hoạt mạc viêm gối | G9: Loại 1 | H9: 0 | I9: SƠN | J9: =R9-L9-N9-P9-Q9 | K9: BẢO | L9: =IF(K9="-",0,H9*0.03) | M9: V.HƯỞNG | N9: =IF(M9="-",0,H9*0.02) | O9: THUÝ | P9: =IF(O9="-",0,H9*0.01) | Q9: =H9*0.005 | R9: =IF(I9="V.Tân",H9*0.1375,IF(I9="nguyện",H9*0.1375,IF(I9="TOẢN",H9*0.1375,H9*0.17)))
A10: 4 | B10: 46164 | C10: Khuất Hùng | D10: 78 | F10: Cắt lọc hoại tử ổ loét vết thương mãn tính | G10: Loại 2 | H10: 2128200 | I10: DUY | J10: =R10-L10-N10-P10-Q10 | K10: V.HƯỞNG | L10: =IF(K10="-",0,H10*0.03) | M10: THUÝ | N10: =IF(M10="-",0,H10*0.02) | O10: - | P10: =IF(O10="-",0,H10*0.01) | Q10: =H10*0.005 | R10: =IF(I10="V.Tân",H10*0.1375,IF(I10="nguyện",H10*0.1375,IF(I10="TOẢN",H10*0.1375,H10*0.17)))
A11: 5 | B11: 46164 | C11: Nguyễn Thị bé Tư | E11: 59 | F11: Cố định cột sống và hàn khớp qua liên thân đốt cột sống thắt lưng cùng đường sau | G11: Đặc biệt | H11: 0 | I11: NGUYỆN | J11: =R11-L11-N11-P11-Q11 | K11: DUY | L11: =IF(K11="-",0,H11*0.03) | M11: KHANG | N11: =IF(M11="-",0,H11*0.02) | O11: - | P11: =IF(O11="-",0,H11*0.01) | Q11: =H11*0.005 | R11: =IF(I11="V.Tân",H11*0.1375,IF(I11="nguyện",H11*0.1375,IF(I11="TOẢN",H11*0.1375,H11*0.17)))
A12: 6 | B12: 46167 | C12: Huỳnh Thanh Hùng | D12: 81 | F12: Cắt lọc hoại tử ổ loét vết thương mãn tính | G12: Loại 2 | H12: 2127400 | I12: NGUYỆN | J12: =R12-L12-N12-P12-Q12 | K12: TOẢN | L12: =IF(K12="-",0,H12*0.03) | M12: THUÝ | N12: =IF(M12="-",0,H12*0.02) | O12: - | P12: =IF(O12="-",0,H12*0.01) | Q12: =H12*0.005 | R12: =IF(I12="V.Tân",H12*0.1375,IF(I12="nguyện",H12*0.1375,IF(I12="TOẢN",H12*0.1375,H12*0.17)))
A13: 7 | B13: 46167 | C13: Võ Văn Bé Ba | D13: 62 | F13: Cắt lọc hoại tử ổ loét vết thương mãn tính | G13: Loại 2 | H13: 2127400 | I13: HOAN | J13: =R13-L13-N13-P13-Q13 | K13: NGUYỆN | L13: =IF(K13="-",0,H13*0.03) | M13: TOẢN | N13: =IF(M13="-",0,H13*0.02) | O13: NHỊ | P13: =IF(O13="-",0,H13*0.01) | Q13: =H13*0.005 | R13: =IF(I13="V.Tân",H13*0.1375,IF(I13="nguyện",H13*0.1375,IF(I13="TOẢN",H13*0.1375,H13*0.17)))
A14: 8 | B14: 46167 | C14: Nguyễn Thị Lý | E14: 82 | F14: PT thay khớp háng bán phần | G14: Loại 1 | H14: 3897500 | I14: HOAN | J14: =R14-L14-N14-P14-Q14 | K14: NGUYỆN | L14: =IF(K14="-",0,H14*0.03) | M14: TOẢN | N14: =IF(M14="-",0,H14*0.02) | O14: - | P14: =IF(O14="-",0,H14*0.01) | Q14: =H14*0.005 | R14: =IF(I14="V.Tân",H14*0.1375,IF(I14="nguyện",H14*0.1375,IF(I14="TOẢN",H14*0.1375,H14*0.17)))
A15: 9 | B15: 46167 | C15: Kim Thanh Đạt | D15: 19 | F15: Cắt lọc hoại tử ổ loét vết thương mãn tính | G15: Loại 2 | H15: 2127400 | I15: ĐIỀN | J15: =R15-L15-N15-P15-Q15 | K15: KHANG | L15: =IF(K15="-",0,H15*0.03) | M15: THUÝ | N15: =IF(M15="-",0,H15*0.02) | O15: - | P15: =IF(O15="-",0,H15*0.01) | Q15: =H15*0.005 | R15: =IF(I15="V.Tân",H15*0.1375,IF(I15="nguyện",H15*0.1375,IF(I15="TOẢN",H15*0.1375,H15*0.17)))
A16: 10 | B16: 46168 | C16: Phan Thị Nỡ | E16: 69 | F16: Cắt lọc hoại tử ổ loét vết thương mạn tính | G16: Loại 2 | H16: 2128200 | I16: SƠN | J16: =R16-L16-N16-P16-Q16 | K16: LỘC | L16: =IF(K16="-",0,H16*0.03) | M16: - | N16: =IF(M16="-",0,H16*0.02) | O16: - | P16: =IF(O16="-",0,H16*0.01) | Q16: =H16*0.005 | R16: =IF(I16="V.Tân",H16*0.1375,IF(I16="nguyện",H16*0.1375,IF(I16="TOẢN",H16*0.1375,H16*0.17)))
A17: 11 | B17: 46168 | C17: Mai Thành Dương | D17: 62 | F17: Cắt lọc hoại tử ổ loét vết thương mạn tính | G17: Loại 2 | H17: 2127400 | I17: SƠN | J17: =R17-L17-N17-P17-Q17 | K17: LỘC | L17: =IF(K17="-",0,H17*0.03) | M17: - | N17: =IF(M17="-",0,H17*0.02) | O17: - | P17: =IF(O17="-",0,H17*0.01) | Q17: =H17*0.005 | R17: =IF(I17="V.Tân",H17*0.1375,IF(I17="nguyện",H17*0.1375,IF(I17="TOẢN",H17*0.1375,H17*0.17)))
A18: 12 | B18: 46168 | C18: Khuất Hùng | D18: 78 | F18: Cắt lọc hoại tử ổ loét vết thương mạn tính | G18: Loại 2 | H18: 2128200 | I18: DUY | J18: =R18-L18-N18-P18-Q18 | K18: LỘC | L18: =IF(K18="-",0,H18*0.03) | M18: - | N18: =IF(M18="-",0,H18*0.02) | O18: - | P18: =IF(O18="-",0,H18*0.01) | Q18: =H18*0.005 | R18: =IF(I18="V.Tân",H18*0.1375,IF(I18="nguyện",H18*0.1375,IF(I18="TOẢN",H18*0.1375,H18*0.17)))
A19: 13 | B19: 46168 | C19: Hồ Thanh Vũ | D19: 44 | F19: PTNS tái tạo dây chằng | G19: Đặc biệt | H19: 3405500 | I19: SƠN | J19: =R19-L19-N19-P19-Q19 | K19: V.HƯỞNG | L19: =IF(K19="-",0,H19*0.03) | M19: HẬU | N19: =IF(M19="-",0,H19*0.02) | O19: THUÝ | P19: =IF(O19="-",0,H19*0.01) | Q19: =H19*0.005 | R19: =IF(I19="V.Tân",H19*0.1375,IF(I19="nguyện",H19*0.1375,IF(I19="TOẢN",H19*0.1375,H19*0.17)))
A20: 14 | B20: 46168 | C20: Hồ Thanh Vũ | D20: 44 | F20: PTNS khâu sụn chêm (50%) | G20: Đặc biệt | H20: 0 | I20: SƠN | J20: =R20-L20-N20-P20-Q20 | K20: V.HƯỞNG | L20: =IF(K20="-",0,H20*0.03) | M20: HẬU | N20: =IF(M20="-",0,H20*0.02) | O20: THUÝ | P20: =IF(O20="-",0,H20*0.01) | Q20: =H20*0.005 | R20: =IF(I20="V.Tân",H20*0.1375,IF(I20="nguyện",H20*0.1375,IF(I20="TOẢN",H20*0.1375,H20*0.17)))
A21: 15 | B21: 46168 | C21: Nguyễn Thị Xua | E21: 88 | F21: PT KHX trên màn hình tăng sáng | G21: Đặc biệt | H21: 0 | I21: NGUYỆN | J21: =R21-L21-N21-P21-Q21 | K21: G.TỬ | L21: =IF(K21="-",0,H21*0.03) | M21: ĐIỀN | N21: =IF(M21="-",0,H21*0.02) | O21: - | P21: =IF(O21="-",0,H21*0.01) | Q21: =H21*0.005 | R21: =IF(I21="V.Tân",H21*0.1375,IF(I21="nguyện",H21*0.1375,IF(I21="TOẢN",H21*0.1375,H21*0.17)))
A22: 16 | B22: 46169 | C22: Nguyễn Văn Gập | D22: 74 | F22: Cố định cột sống và hàn khớp qua liên thân đốt cột sống thắt lưng cùng đường sau | G22: Đặc biệt | H22: 4201900 | I22: NGUYỆN | J22: =R22-L22-N22-P22-Q22 | K22: G.TỬ | L22: =IF(K22="-",0,H22*0.03) | M22: KHANG | N22: =IF(M22="-",0,H22*0.02) | O22: THUÝ | P22: =IF(O22="-",0,H22*0.01) | Q22: =H22*0.005 | R22: =IF(I22="V.Tân",H22*0.1375,IF(I22="nguyện",H22*0.1375,IF(I22="TOẢN",H22*0.1375,H22*0.17)))
A23: 17 | B23: 46169 | C23: Trần Ngọc Ánh | E23: 65 | F23: PT thay toàn bộ khớp gối | G23: Đặc biệt | H23: 3525500 | I23: TẤN | J23: =R23-L23-N23-P23-Q23 | K23: NGUYỆN | L23: =IF(K23="-",0,H23*0.03) | M23: G.TỬ | N23: =IF(M23="-",0,H23*0.02) | O23: KHANG | P23: =IF(O23="-",0,H23*0.01) | Q23: =H23*0.005 | R23: =IF(I23="V.Tân",H23*0.1375,IF(I23="nguyện",H23*0.1375,IF(I23="TOẢN",H23*0.1375,H23*0.17)))
A24: 18 | B24: 46169 | C24: Nguyễn Thị Hấn | E24: 67 | F24: PT thay toàn bộ khớp háng | G24: Đặc biệt | H24: 3525500 | I24: TẤN | J24: =R24-L24-N24-P24-Q24 | K24: BẢO | L24: =IF(K24="-",0,H24*0.03) | M24: G.TỬ | N24: =IF(M24="-",0,H24*0.02) | O24: KHANG | P24: =IF(O24="-",0,H24*0.01) | Q24: =H24*0.005 | R24: =IF(I24="V.Tân",H24*0.1375,IF(I24="nguyện",H24*0.1375,IF(I24="TOẢN",H24*0.1375,H24*0.17)))
A25: 19 | B25: 46169 | C25: Bùi Văn Long | D25: 65 | F25: KHX trên màn hình tăng sáng | G25: Đặc biệt | H25: 4497500 | I25: ĐIỀN | J25: =R25-L25-N25-P25-Q25 | K25: KHANG | L25: =IF(K25="-",0,H25*0.03) | M25: HẬU | N25: =IF(M25="-",0,H25*0.02) | O25: THUÝ | P25: =IF(O25="-",0,H25*0.01) | Q25: =H25*0.005 | R25: =IF(I25="V.Tân",H25*0.1375,IF(I25="nguyện",H25*0.1375,IF(I25="TOẢN",H25*0.1375,H25*0.17)))
A26: 20 | B26: 46169 | C26: Trần Văn Xiên | D26: 62 | F26: PT cắt cụt chi | G26: Loại 2 | H26: 0 | I26: TOẢN | J26: =R26-L26-N26-P26-Q26 | K26: - | L26: =IF(K26="-",0,H26*0.03) | M26: - | N26: =IF(M26="-",0,H26*0.02) | O26: - | P26: =IF(O26="-",0,H26*0.01) | Q26: =H26*0.005 | R26: =IF(I26="V.Tân",H26*0.1375,IF(I26="nguyện",H26*0.1375,IF(I26="TOẢN",H26*0.1375,H26*0.17)))
A27: 21 | B27: 46170 | C27: Huỳnh Thanh Hùng | D27: 81 | F27: Cắt lọc hoại tử ổ loét vết thương mạn tính | G27: Loại 2 | H27: 0 | I27: NGUYỆN | J27: =R27-L27-N27-P27-Q27 | K27: G.TỬ | L27: =IF(K27="-",0,H27*0.03) | M27: NGHĨA | N27: =IF(M27="-",0,H27*0.02) | O27: THUÝ | P27: =IF(O27="-",0,H27*0.01) | Q27: =H27*0.005 | R27: =IF(I27="V.Tân",H27*0.1375,IF(I27="nguyện",H27*0.1375,IF(I27="TOẢN",H27*0.1375,H27*0.17)))
A28: 22 | B28: 46170 | C28: Trương Bé Lài | E28: 40 | F28: PTNS tái tạo dây chằng bằng gân chân ngỗng | G28: Đặc biệt | H28: 3405500 | I28: TOẢN | J28: =R28-L28-N28-P28-Q28 | K28: NGHĨA | L28: =IF(K28="-",0,H28*0.03) | M28: THUÝ | N28: =IF(M28="-",0,H28*0.02) | O28: - | P28: =IF(O28="-",0,H28*0.01) | Q28: =H28*0.005 | R28: =IF(I28="V.Tân",H28*0.1375,IF(I28="nguyện",H28*0.1375,IF(I28="TOẢN",H28*0.1375,H28*0.17)))
A29: 23 | B29: 46170 | C29: Dương Văn Chiến | D29: 77 | F29: Cắt lọc hoại tử ổ loét vết thương mạn tính | G29: Loại 2 | H29: 2128200 | I29: BẢO | J29: =R29-L29-N29-P29-Q29 | K29: V.HƯỞNG | L29: =IF(K29="-",0,H29*0.03) | M29: LỘC | N29: =IF(M29="-",0,H29*0.02) | O29: - | P29: =IF(O29="-",0,H29*0.01) | Q29: =H29*0.005 | R29: =IF(I29="V.Tân",H29*0.1375,IF(I29="nguyện",H29*0.1375,IF(I29="TOẢN",H29*0.1375,H29*0.17)))
A30: 24 | B30: 46170 | C30: Tống Mỹ Dung | E30: 17 | F30: PTNS tái tạo nhiều dây chằng bằng gân đồng loại | G30: Đặc biệt | H30: 4405500 | I30: BẢO | J30: =R30-L30-N30-P30-Q30 | K30: SƠN | L30: =IF(K30="-",0,H30*0.03) | M30: TOẢN | N30: =IF(M30="-",0,H30*0.02) | O30: THUÝ | P30: =IF(O30="-",0,H30*0.01) | Q30: =H30*0.005 | R30: =IF(I30="V.Tân",H30*0.1375,IF(I30="nguyện",H30*0.1375,IF(I30="TOẢN",H30*0.1375,H30*0.17)))
A31: 25 | B31: 46170 | C31: Tống Mỹ Dung | E31: 17 | F31: PTNS tái tạo nhiều dây chằng bằng gân đồng loại (50%) | G31: Đặc biệt | H31: 2198750 | I31: BẢO | J31: =R31-L31-N31-P31-Q31 | K31: SƠN | L31: =IF(K31="-",0,H31*0.03) | M31: TOẢN | N31: =IF(M31="-",0,H31*0.02) | O31: THUÝ | P31: =IF(O31="-",0,H31*0.01) | Q31: =H31*0.005 | R31: =IF(I31="V.Tân",H31*0.1375,IF(I31="nguyện",H31*0.1375,IF(I31="TOẢN",H31*0.1375,H31*0.17)))
A32: 26 | B32: 46170 | C32: Lê Trọng Nghĩa | D32: 75 | F32: Cắt lọc hoại tử ổ loét vết thương mạn tính | G32: Loại 2 | H32: 2127400 | I32: BẢO | J32: =R32-L32-N32-P32-Q32 | K32: - | L32: =IF(K32="-",0,H32*0.03) | M32: - | N32: =IF(M32="-",0,H32*0.02) | O32: - | P32: =IF(O32="-",0,H32*0.01) | Q32: =H32*0.005 | R32: =IF(I32="V.Tân",H32*0.1375,IF(I32="nguyện",H32*0.1375,IF(I32="TOẢN",H32*0.1375,H32*0.17)))
A33: 27 | B33: 46171 | C33: Mai Thành Dương | D33: 62 | F33: Cắt lọc hoại tử ổ loét vết thương mạn tính | G33: Loại 2 | H33: 0 | I33: SƠN | J33: =R33-L33-N33-P33-Q33 | K33: KHANG | L33: =IF(K33="-",0,H33*0.03) | M33: LỘC | N33: =IF(M33="-",0,H33*0.02) | O33: - | P33: =IF(O33="-",0,H33*0.01) | Q33: =H33*0.005 | R33: =IF(I33="V.Tân",H33*0.1375,IF(I33="nguyện",H33*0.1375,IF(I33="TOẢN",H33*0.1375,H33*0.17)))
A34: 28 | B34: 46171 | C34: Khuất Hùng | D34: 78 | F34: Cắt lọc hoại tử ổ loét vết thương mạn tính | G34: Loại 2 | H34: 2128200 | I34: DUY | J34: =R34-L34-N34-P34-Q34 | K34: KHANG | L34: =IF(K34="-",0,H34*0.03) | M34: LỘC | N34: =IF(M34="-",0,H34*0.02) | O34: - | P34: =IF(O34="-",0,H34*0.01) | Q34: =H34*0.005 | R34: =IF(I34="V.Tân",H34*0.1375,IF(I34="nguyện",H34*0.1375,IF(I34="TOẢN",H34*0.1375,H34*0.17)))
A35: 29 | B35: 46171 | C35: Lê Tiến Đạt | D35: 22 | F35: PT KHX trên màn hình tăng sáng | G35: Đặc biệt | H35: 4497500 | I35: BẢO | J35: =R35-L35-N35-P35-Q35 | K35: DUY | L35: =IF(K35="-",0,H35*0.03) | M35: G.TỬ | N35: =IF(M35="-",0,H35*0.02) | O35: LỘC | P35: =IF(O35="-",0,H35*0.01) | Q35: =H35*0.005 | R35: =IF(I35="V.Tân",H35*0.1375,IF(I35="nguyện",H35*0.1375,IF(I35="TOẢN",H35*0.1375,H35*0.17)))
A36: 30 | B36: 46172 | C36: Trần Thị Quắn | E36: 92 | F36: PT thay khớp háng bán phần | G36: Loại 1 | H36: 3897500 | I36: TẤN | J36: =R36-L36-N36-P36-Q36 | K36: TOẢN | L36: =IF(K36="-",0,H36*0.03) | M36: G.TỬ | N36: =IF(M36="-",0,H36*0.02) | O36: KHANG | P36: =IF(O36="-",0,H36*0.01) | Q36: =H36*0.005 | R36: =IF(I36="V.Tân",H36*0.1375,IF(I36="nguyện",H36*0.1375,IF(I36="TOẢN",H36*0.1375,H36*0.17)))
A37: 31 | B37: 46172 | C37: Vũ Thị Thúy | E37: 61 | F37: PT lấy nhân đệm cột sống qua da | H37: 8993000 | I37: SƠN | J37: =R37-L37-N37-P37-Q37 | K37: NGUYỆN | L37: =IF(K37="-",0,H37*0.03) | M37: THUÝ | N37: =IF(M37="-",0,H37*0.02) | O37: - | P37: =IF(O37="-",0,H37*0.01) | Q37: =H37*0.005 | R37: =IF(I37="V.Tân",H37*0.1375,IF(I37="nguyện",H37*0.1375,IF(I37="TOẢN",H37*0.1375,H37*0.17)))
A38: 32 | B38: 46172 | C38: Nguyễn Minh Tuệ | E38: 24 | F38: PT KHX trên màn hình tăng sáng | G38: Đặc biệt | H38: 4497500 | I38: TOẢN | J38: =R38-L38-N38-P38-Q38 | K38: NGHĨA | L38: =IF(K38="-",0,H38*0.03) | M38: CHỈNH | N38: =IF(M38="-",0,H38*0.02) | O38: - | P38: =IF(O38="-",0,H38*0.01) | Q38: =H38*0.005 | R38: =IF(I38="V.Tân",H38*0.1375,IF(I38="nguyện",H38*0.1375,IF(I38="TOẢN",H38*0.1375,H38*0.17)))
A39: 33 | B39: 46174 | C39: Phan Tuấn Giới | D39: 61 | F39: PT KHX trên màn hình tăng sáng | G39: Đặc biệt | H39: 4497500 | I39: DUY | J39: =R39-L39-N39-P39-Q39 | K39: TOẢN | L39: =IF(K39="-",0,H39*0.03) | M39: CHỈNH | N39: =IF(M39="-",0,H39*0.02) | O39: NGHĨA | P39: =IF(O39="-",0,H39*0.01) | Q39: =H39*0.005 | R39: =IF(I39="V.Tân",H39*0.1375,IF(I39="nguyện",H39*0.1375,IF(I39="TOẢN",H39*0.1375,H39*0.17)))
A40: 34 | B40: 46174 | C40: Nguyễn Hoàng Việt Trinh | E40: 27 | F40: PT KHX trên màn hình tăng sáng | G40: Đặc biệt | H40: 4497500 | I40: TOẢN | J40: =R40-L40-N40-P40-Q40 | K40: NGHĨA | L40: =IF(K40="-",0,H40*0.03) | M40: CHỈNH | N40: =IF(M40="-",0,H40*0.02) | O40: - | P40: =IF(O40="-",0,H40*0.01) | Q40: =H40*0.005 | R40: =IF(I40="V.Tân",H40*0.1375,IF(I40="nguyện",H40*0.1375,IF(I40="TOẢN",H40*0.1375,H40*0.17)))
A41: 35 | B41: 46174 | C41: Phạm Thị Hồng Gấm | E41: 47 | F41: Cố định cột sống và hàn khớp qua liên thân đốt CSTL - cùng đường sau | G41: Đặc biệt | H41: 4201900 | I41: HOAN | J41: =R41-L41-N41-P41-Q41 | K41: NGUYỆN | L41: =IF(K41="-",0,H41*0.03) | M41: ĐIỀN | N41: =IF(M41="-",0,H41*0.02) | O41: G.TỬ | P41: =IF(O41="-",0,H41*0.01) | Q41: =H41*0.005 | R41: =IF(I41="V.Tân",H41*0.1375,IF(I41="nguyện",H41*0.1375,IF(I41="TOẢN",H41*0.1375,H41*0.17)))
A42: 36 | B42: 46175 | C42: Ung Huỳnh Tâm | D42: 42 | F42: Cắt lọc hoại tử ổ loét vết thương mạn tính | G42: Loại 2 | H42: 2128200 | I42: SƠN | J42: =R42-L42-N42-P42-Q42 | K42: - | L42: =IF(K42="-",0,H42*0.03) | M42: - | N42: =IF(M42="-",0,H42*0.02) | O42: - | P42: =IF(O42="-",0,H42*0.01) | Q42: =H42*0.005 | R42: =IF(I42="V.Tân",H42*0.1375,IF(I42="nguyện",H42*0.1375,IF(I42="TOẢN",H42*0.1375,H42*0.17)))
A43: 37 | B43: 46175 | C43: Võ Thị Tĩnh | E43: 64 | F43: PT vết thương phần mềm tổn thương gân gấp | G43: Loại 1 | H43: 2697300 | I43: SƠN | J43: =R43-L43-N43-P43-Q43 | K43: G.TỬ | L43: =IF(K43="-",0,H43*0.03) | M43: - | N43: =IF(M43="-",0,H43*0.02) | O43: - | P43: =IF(O43="-",0,H43*0.01) | Q43: =H43*0.005 | R43: =IF(I43="V.Tân",H43*0.1375,IF(I43="nguyện",H43*0.1375,IF(I43="TOẢN",H43*0.1375,H43*0.17)))
A44: 38 | B44: 46175 | C44: Phạm Thanh Toàn | E44: 40 | F44: PT rút nẹp, dụng cụ KHX | G44: Loại 2 | H44: 2559100 | I44: BẢO | J44: =R44-L44-N44-P44-Q44 | K44: V.TÂN | L44: =IF(K44="-",0,H44*0.03) | M44: - | N44: =IF(M44="-",0,H44*0.02) | O44: - | P44: =IF(O44="-",0,H44*0.01) | Q44: =H44*0.005 | R44: =IF(I44="V.Tân",H44*0.1375,IF(I44="nguyện",H44*0.1375,IF(I44="TOẢN",H44*0.1375,H44*0.17)))
A45: 39 | B45: 46175 | C45: Nguyễn Thị Thủy | E45: 63 | F45: Cố định cột sống và hàn khớp qua liên thân đốt CSTL - cùng đường sau(PLIF) | G45: Đặc biệt | H45: 4201900 | I45: HOAN | J45: =R45-L45-N45-P45-Q45 | K45: NGUYỆN | L45: =IF(K45="-",0,H45*0.03) | M45: ĐIỀN | N45: =IF(M45="-",0,H45*0.02) | O45: DUY | P45: =IF(O45="-",0,H45*0.01) | Q45: =H45*0.005 | R45: =IF(I45="V.Tân",H45*0.1375,IF(I45="nguyện",H45*0.1375,IF(I45="TOẢN",H45*0.1375,H45*0.17)))
A46: 40 | B46: 46175 | C46: Nguyễn Hữu Thanh | D46: 50 | F46: PT rút nẹp, dụng cụ KHX | G46: Loại 2 | H46: 2559100 | I46: V.TÂN | J46: =R46-L46-N46-P46-Q46 | K46: BẢO | L46: =IF(K46="-",0,H46*0.03) | M46: - | N46: =IF(M46="-",0,H46*0.02) | O46: - | P46: =IF(O46="-",0,H46*0.01) | Q46: =H46*0.005 | R46: =IF(I46="V.Tân",H46*0.1375,IF(I46="nguyện",H46*0.1375,IF(I46="TOẢN",H46*0.1375,H46*0.17)))
A47: 41 | B47: 46175 | C47: Khuất Hùng | D47: 78 | F47: Cắt lọc hoại tử ổ loét vết thương mạn tính | G47: Loại 2 | H47: 0 | I47: DUY | J47: =R47-L47-N47-P47-Q47 | K47: KHANG | L47: =IF(K47="-",0,H47*0.03) | M47: LỘC | N47: =IF(M47="-",0,H47*0.02) | O47: - | P47: =IF(O47="-",0,H47*0.01) | Q47: =H47*0.005 | R47: =IF(I47="V.Tân",H47*0.1375,IF(I47="nguyện",H47*0.1375,IF(I47="TOẢN",H47*0.1375,H47*0.17)))
A48: 42 | B48: 46175 | C48: Nguyễn Văn Phụng | D48: 88 | F48: PT KHX trên màn hình tăng sáng | G48: Đặc biệt | H48: 4497500 | I48: V.TÂN | J48: =R48-L48-N48-P48-Q48 | K48: BẢO | L48: =IF(K48="-",0,H48*0.03) | M48: DUY | N48: =IF(M48="-",0,H48*0.02) | O48: V.TÂN | P48: =IF(O48="-",0,H48*0.01) | Q48: =H48*0.005 | R48: =IF(I48="V.Tân",H48*0.1375,IF(I48="nguyện",H48*0.1375,IF(I48="TOẢN",H48*0.1375,H48*0.17)))
A49: 43 | B49: 46175 | C49: HUỲNH THỊ HIỆP | E49: 57 | F49: PT KHX trên màn hình tăng sáng | G49: Đặc biệt | H49: 4497500 | I49: BẢO | J49: =R49-L49-N49-P49-Q49 | K49: SƠN | L49: =IF(K49="-",0,H49*0.03) | M49: - | N49: =IF(M49="-",0,H49*0.02) | O49: - | P49: =IF(O49="-",0,H49*0.01) | Q49: =H49*0.005 | R49: =IF(I49="V.Tân",H49*0.1375,IF(I49="nguyện",H49*0.1375,IF(I49="TOẢN",H49*0.1375,H49*0.17)))
A50: 44 | B50: 46175 | C50: Nguyễn Thị Ngân | E50: 72 | F50: Cắt lọc hoại tử ổ loét vết thương mạn tính | G50: Loại 2 | H50: 2127400 | I50: SƠN | J50: =R50-L50-N50-P50-Q50 | K50: G.TỬ | L50: =IF(K50="-",0,H50*0.03) | M50: - | N50: =IF(M50="-",0,H50*0.02) | O50: - | P50: =IF(O50="-",0,H50*0.01) | Q50: =H50*0.005 | R50: =IF(I50="V.Tân",H50*0.1375,IF(I50="nguyện",H50*0.1375,IF(I50="TOẢN",H50*0.1375,H50*0.17)))
A51: 45 | B51: 46176 | C51: Nguyễn Văn Luông | D51: 54 | F51: Rút đinh/tháo phương tiện KHX | G51: Loại 2 | H51: 2559100 | I51: ĐIỀN | J51: =R51-L51-N51-P51-Q51 | K51: V.TÂN | L51: =IF(K51="-",0,H51*0.03) | M51: KHANG | N51: =IF(M51="-",0,H51*0.02) | O51: - | P51: =IF(O51="-",0,H51*0.01) | Q51: =H51*0.005 | R51: =IF(I51="V.Tân",H51*0.1375,IF(I51="nguyện",H51*0.1375,IF(I51="TOẢN",H51*0.1375,H51*0.17)))
A52: 46 | B52: 46176 | C52: Nguyễn Văn Cấp | D52: 69 | F52: PT KHX trên màn hình tăng sáng | G52: Đặc biệt | H52: 0 | I52: NGUYỆN | J52: =R52-L52-N52-P52-Q52 | K52: TOẢN | L52: =IF(K52="-",0,H52*0.03) | M52: NHỊ | N52: =IF(M52="-",0,H52*0.02) | O52: - | P52: =IF(O52="-",0,H52*0.01) | Q52: =H52*0.005 | R52: =IF(I52="V.Tân",H52*0.1375,IF(I52="nguyện",H52*0.1375,IF(I52="TOẢN",H52*0.1375,H52*0.17)))
A53: 47 | B53: 46176 | C53: Huỳnh Thanh Hùng | D53: 81 | F53: PT chuyển vạt che phủ phần mềm cuống mạch liền | G53: Đặc biệt | H53: 0 | I53: NGUYỆN | J53: =R53-L53-N53-P53-Q53 | K53: TOẢN | L53: =IF(K53="-",0,H53*0.03) | M53: NHỊ | N53: =IF(M53="-",0,H53*0.02) | O53: - | P53: =IF(O53="-",0,H53*0.01) | Q53: =H53*0.005 | R53: =IF(I53="V.Tân",H53*0.1375,IF(I53="nguyện",H53*0.1375,IF(I53="TOẢN",H53*0.1375,H53*0.17)))
A54: 48 | B54: 46176 | C54: Lương Thị Phượng | E54: 61 | F54: PT thay toàn bộ khớp gối | G54: Đặc biệt | H54: 3525500 | I54: TẤN | J54: =R54-L54-N54-P54-Q54 | K54: NGUYỆN | L54: =IF(K54="-",0,H54*0.03) | M54: DUY | N54: =IF(M54="-",0,H54*0.02) | O54: G.TỬ | P54: =IF(O54="-",0,H54*0.01) | Q54: =H54*0.005 | R54: =IF(I54="V.Tân",H54*0.1375,IF(I54="nguyện",H54*0.1375,IF(I54="TOẢN",H54*0.1375,H54*0.17)))
A55: 49 | B55: 46176 | C55: Phạm Thị Hoa | E55: 70 | F55: PT thay khớp háng bán phần | G55: Loại 1 | H55: 3897500 | I55: NGUYỆN | J55: =R55-L55-N55-P55-Q55 | K55: DUY | L55: =IF(K55="-",0,H55*0.03) | M55: TOẢN | N55: =IF(M55="-",0,H55*0.02) | O55: NGHĨA | P55: =IF(O55="-",0,H55*0.01) | Q55: =H55*0.005 | R55: =IF(I55="V.Tân",H55*0.1375,IF(I55="nguyện",H55*0.1375,IF(I55="TOẢN",H55*0.1375,H55*0.17)))
A56: 50 | B56: 46176 | C56: Trần Văn Lâm | D56: 62 | F56: PT KHX trên màn hình tăng sáng | G56: Đặc biệt | H56: 4497500 | I56: NGUYỆN | J56: =R56-L56-N56-P56-Q56 | K56: THUÝ | L56: =IF(K56="-",0,H56*0.03) | M56: HẬU | N56: =IF(M56="-",0,H56*0.02) | O56: NHỊ | P56: =IF(O56="-",0,H56*0.01) | Q56: =H56*0.005 | R56: =IF(I56="V.Tân",H56*0.1375,IF(I56="nguyện",H56*0.1375,IF(I56="TOẢN",H56*0.1375,H56*0.17)))
A57: 51 | B57: 46176 | C57: Trần Thiện Bổn | D57: 62 | F57: Cắt u lành phần mềm đk <10cm | G57: Loại 2 | H57: 859300 | I57: TOẢN | J57: =R57-L57-N57-P57-Q57 | K57: KHANG | L57: =IF(K57="-",0,H57*0.03) | M57: - | N57: =IF(M57="-",0,H57*0.02) | O57: - | P57: =IF(O57="-",0,H57*0.01) | Q57: =H57*0.005 | R57: =IF(I57="V.Tân",H57*0.1375,IF(I57="nguyện",H57*0.1375,IF(I57="TOẢN",H57*0.1375,H57*0.17)))
A58: 52 | B58: 46176 | C58: Nguyễn Thị Kiều Oanh | E58: 59 | F58: Rút đinh/tháo phương tiện KHX | G58: Loại 2 | H58: 2559100 | I58: TOẢN | J58: =R58-L58-N58-P58-Q58 | K58: KHANG | L58: =IF(K58="-",0,H58*0.03) | M58: - | N58: =IF(M58="-",0,H58*0.02) | O58: - | P58: =IF(O58="-",0,H58*0.01) | Q58: =H58*0.005 | R58: =IF(I58="V.Tân",H58*0.1375,IF(I58="nguyện",H58*0.1375,IF(I58="TOẢN",H58*0.1375,H58*0.17)))
A59: 53 | B59: 46176 | C59: Nguyễn Duy Linh | D59: 62 | F59: PT cắt cụt chi | G59: Loại 2 | H59: 0 | I59: BẢO | J59: =R59-L59-N59-P59-Q59 | K59: - | L59: =IF(K59="-",0,H59*0.03) | M59: - | N59: =IF(M59="-",0,H59*0.02) | O59: - | P59: =IF(O59="-",0,H59*0.01) | Q59: =H59*0.005 | R59: =IF(I59="V.Tân",H59*0.1375,IF(I59="nguyện",H59*0.1375,IF(I59="TOẢN",H59*0.1375,H59*0.17)))
A60: 54 | B60: 46176 | C60: Nguyễn Hoàng Sơn Giang | D60: 50 | F60: PT KHX đốt bàn và đốt ngón chân | G60: Loại 1 | H60: 1897500 | I60: BẢO | J60: =R60-L60-N60-P60-Q60 | K60: CHỈNH | L60: =IF(K60="-",0,H60*0.03) | M60: V.HƯỞNG | N60: =IF(M60="-",0,H60*0.02) | O60: - | P60: =IF(O60="-",0,H60*0.01) | Q60: =H60*0.005 | R60: =IF(I60="V.Tân",H60*0.1375,IF(I60="nguyện",H60*0.1375,IF(I60="TOẢN",H60*0.1375,H60*0.17)))
A61: 55 | B61: 46176 | C61: Dương Việt Đa | D61: 40 | F61: PT KHX trên màn hình tăng sáng | G61: Đặc biệt | H61: 4497500 | I61: SƠN | J61: =R61-L61-N61-P61-Q61 | K61: NHỊ | L61: =IF(K61="-",0,H61*0.03) | M61: - | N61: =IF(M61="-",0,H61*0.02) | O61: - | P61: =IF(O61="-",0,H61*0.01) | Q61: =H61*0.005
A62: 56 | B62: 46176 | C62: Vũ Bé Tư | E62: 38 | F62: Rút đinh/tháo phương tiện KHX | G62: Loại 2 | H62: 2559100 | I62: BẢO | J62: =R62-L62-N62-P62-Q62 | K62: V.HƯỞNG | L62: =IF(K62="-",0,H62*0.03) | M62: CHỈNH | N62: =IF(M62="-",0,H62*0.02) | O62: - | P62: =IF(O62="-",0,H62*0.01) | Q62: =H62*0.005
A63: 57 | B63: 46177 | C63: Phan Huỳnh Bảo Trân | E63: 17 | F63: PT rút nẹp, dụng cụ KHX | G63: Loại 2 | H63: 2559100 | I63: ĐIỀN | J63: =R63-L63-N63-P63-Q63 | K63: NHỊ | L63: =IF(K63="-",0,H63*0.03) | M63: - | N63: =IF(M63="-",0,H63*0.02) | O63: - | P63: =IF(O63="-",0,H63*0.01) | Q63: =H63*0.005
A64: 58 | B64: 46177 | C64: Lê Thị Y Bình | E64: 31 | F64: Cố định cột sống và hàn khớp qua liên thân đốt CSTL - cùng đường sau | G64: Đặc biệt | H64: 0 | I64: NGUYỆN | J64: =R64-L64-N64-P64-Q64 | K64: G.TỬ | L64: =IF(K64="-",0,H64*0.03) | M64: NGHĨA | N64: =IF(M64="-",0,H64*0.02) | O64: THUÝ | P64: =IF(O64="-",0,H64*0.01) | Q64: =H64*0.005
A65: 59 | B65: 46177 | C65: Nguyễn Thanh Sắc | D65: 39 | F65: PT KHX trên màn hình tăng sáng | G65: Đặc biệt | H65: 4497500 | I65: V.TÂN | J65: =R65-L65-N65-P65-Q65 | K65: G.TỬ | L65: =IF(K65="-",0,H65*0.03) | M65: KHANG | N65: =IF(M65="-",0,H65*0.02) | O65: LỘC | P65: =IF(O65="-",0,H65*0.01) | Q65: =H65*0.005
A66: 60 | B66: 46177 | C66: PHẠM THỊ ANH THƯ | D66: 19 | F66: PT thương tích phần mềm cơ quan vận động | G66: Loại 2 | H66: 796000 | I66: V.TÂN | J66: =R66-L66-N66-P66-Q66 | K66: - | L66: =IF(K66="-",0,H66*0.03) | M66: - | N66: =IF(M66="-",0,H66*0.02) | O66: - | P66: =IF(O66="-",0,H66*0.01) | Q66: =H66*0.005
A67: 61 | B67: 46177 | C67: Nguyễn Thanh Liêm | D67: 32 | F67: PT vết thương bàn tay tổn thương gân duỗi | G67: Loại 1 | H67: 2697300 | I67: BẢO | J67: =R67-L67-N67-P67-Q67 | K67: CHỈNH | L67: =IF(K67="-",0,H67*0.03) | M67: LỘC | N67: =IF(M67="-",0,H67*0.02) | O67: - | P67: =IF(O67="-",0,H67*0.01) | Q67: =H67*0.005
A68: 62 | B68: 46178 | C68: Nguyễn Thị Kỷ | E68: 77 | F68: Cắt lọc hoại tử ổ loét vết thương mạn tính (gây tê) | G68: Loại 2 | H68: 2128200 | I68: NGUYỆN | J68: =R68-L68-N68-P68-Q68 | K68: - | L68: =IF(K68="-",0,H68*0.03) | M68: - | N68: =IF(M68="-",0,H68*0.02) | O68: - | P68: =IF(O68="-",0,H68*0.01) | Q68: =H68*0.005
A69: 63 | B69: 46178 | C69: Lâm Thị Mộng Trinh | E69: 43 | F69: PT gãy đốt bàn ngón tay KHX với kirschner hoặc nẹp vis | G69: Loại 2 | H69: 1697100 | I69: TOẢN | J69: =R69-L69-N69-P69-Q69 | K69: - | L69: =IF(K69="-",0,H69*0.03) | M69: - | N69: =IF(M69="-",0,H69*0.02) | O69: - | P69: =IF(O69="-",0,H69*0.01) | Q69: =H69*0.005
A70: 64 | B70: 46179 | C70: Lê Thị Ngọc Bích | E70: 70 | F70: PT thay khớp háng bán phần | G70: Loại 1 | H70: 3897500 | I70: HOAN | J70: =R70-L70-N70-P70-Q70 | K70: DUY | L70: =IF(K70="-",0,H70*0.03) | M70: G.TỬ | N70: =IF(M70="-",0,H70*0.02) | O70: KHANG | P70: =IF(O70="-",0,H70*0.01) | Q70: =H70*0.005
A71: 65 | B71: 46179 | C71: Tạ Văn Dư | D71: 37 | F71: PT gỡ dính gân duỗi | G71: Loại 1 | H71: 2697100 | I71: DUY | J71: =R71-L71-N71-P71-Q71 | K71: LỘC | L71: =IF(K71="-",0,H71*0.03) | M71: CHỈNH | N71: =IF(M71="-",0,H71*0.02) | O71: - | P71: =IF(O71="-",0,H71*0.01) | Q71: =H71*0.005
A72: 66 | B72: 46181 | C72: Châu Thị Đủ | E72: 63 | F72: PT KHX trên màn hình tăng sáng | G72: Đặc biệt | H72: 4497500 | I72: DUY | J72: =R72-L72-N72-P72-Q72 | K72: G.TỬ | L72: =IF(K72="-",0,H72*0.03) | M72: NGHĨA | N72: =IF(M72="-",0,H72*0.02) | O72: - | P72: =IF(O72="-",0,H72*0.01) | Q72: =H72*0.005
A73: 67 | B73: 46182 | C73: Võ Thị Út | E73: 52 | F73: Cắt lọc hoại tử ổ loét vết thương mạn tính | G73: Loại 2 | H73: 2127400 | I73: V.TÂN | J73: =R73-L73-N73-P73-Q73 | K73: NHỊ | L73: =IF(K73="-",0,H73*0.03) | M73: CHỈNH | N73: =IF(M73="-",0,H73*0.02) | O73: - | P73: =IF(O73="-",0,H73*0.01) | Q73: =H73*0.005
A74: 68 | B74: 46182 | C74: Võ Tấn Hưng | D74: 63 | F74: Cắt lọc hoại tử ổ loét vết thương mạn tính | G74: Loại 2 | H74: 2128200 | I74: V.TÂN | J74: =R74-L74-N74-P74-Q74 | K74: - | L74: =IF(K74="-",0,H74*0.03) | M74: - | N74: =IF(M74="-",0,H74*0.02) | O74: - | P74: =IF(O74="-",0,H74*0.01) | Q74: =H74*0.005
A75: 69 | B75: 46182 | C75: Võ Thị Kiếu | E75: 71 | F75: Cố định cột sống và hàn khớp qua bên thân đốt cột sống thắt lưng cùng đường sau PLIF | G75: Đặc biệt | H75: 4201900 | I75: HOAN | J75: =R75-L75-N75-P75-Q75 | K75: G.TỬ | L75: =IF(K75="-",0,H75*0.03) | M75: NHỊ | N75: =IF(M75="-",0,H75*0.02) | O75: THUÝ | P75: =IF(O75="-",0,H75*0.01) | Q75: =H75*0.005
A76: 70 | B76: 46182 | C76: Tôn Văn Phước | D76: 56 | F76: Cố định cột sống và hàn khớp qua bên thân đốt cột sống thắt lưng cùng đường sau PLIF | G76: Đặc biệt | H76: 4201900 | I76: HOAN | J76: =R76-L76-N76-P76-Q76 | K76: G.TỬ | L76: =IF(K76="-",0,H76*0.03) | M76: NHỊ | N76: =IF(M76="-",0,H76*0.02) | O76: V.HƯỞNG | P76: =IF(O76="-",0,H76*0.01) | Q76: =H76*0.005
A77: 71 | B77: 46182 | C77: Thái Thị Thủy | E77: 69 | F77: PT KHX trên màn hình tăng sáng | G77: Đặc biệt | H77: 4497500 | I77: BẢO | J77: =R77-L77-N77-P77-Q77 | K77: SƠN | L77: =IF(K77="-",0,H77*0.03) | M77: V.HƯỞNG | N77: =IF(M77="-",0,H77*0.02) | O77: NHỊ | P77: =IF(O77="-",0,H77*0.01) | Q77: =H77*0.005
A78: 72 | B78: 46182 | C78: Nguyễn Thị Trúc Linh | E78: 35 | F78: Rút đinh/tháo phương tiện KHX | G78: Loại 2 | H78: 2559100 | I78: BẢO | J78: =R78-L78-N78-P78-Q78 | K78: V.HƯỞNG | L78: =IF(K78="-",0,H78*0.03) | M78: CHỈNH | N78: =IF(M78="-",0,H78*0.02) | O78: - | P78: =IF(O78="-",0,H78*0.01) | Q78: =H78*0.005
A79: 73 | B79: 46182 | C79: Huỳnh Văn Bé | D79: 66 | F79: Rút đinh/tháo phương tiện KHX | G79: Loại 2 | H79: 2559100 | I79: BẢO | J79: =R79-L79-N79-P79-Q79 | K79: V.HƯỞNG | L79: =IF(K79="-",0,H79*0.03) | M79: CHỈNH | N79: =IF(M79="-",0,H79*0.02) | O79: - | P79: =IF(O79="-",0,H79*0.01) | Q79: =H79*0.005
A80: 74 | B80: 46183 | C80: Nguyễn Hồng Nhiên | D80: 58 | F80: PT thay toàn bộ khớp háng | G80: Đặc biệt | H80: 3525500 | I80: HOAN | J80: =R80-L80-N80-P80-Q80 | K80: BẢO | L80: =IF(K80="-",0,H80*0.03) | M80: TOẢN | N80: =IF(M80="-",0,H80*0.02) | O80: - | P80: =IF(O80="-",0,H80*0.01) | Q80: =H80*0.005
A81: 75 | B81: 46183 | C81: Cao Hùng Phong | D81: 57 | F81: PT thay toàn bộ khớp háng | G81: Đặc biệt | H81: 3525500 | I81: HOAN | J81: =R81-L81-N81-P81-Q81 | K81: TOẢN | L81: =IF(K81="-",0,H81*0.03) | M81: G.TỬ | N81: =IF(M81="-",0,H81*0.02) | O81: - | P81: =IF(O81="-",0,H81*0.01) | Q81: =H81*0.005
A82: 76 | B82: 46183 | C82: Huỳnh Ngọc Sương | E82: 72 | F82: PT thay toàn bộ khớp háng | G82: Đặc biệt | H82: 3525500 | I82: HOAN | J82: =R82-L82-N82-P82-Q82 | K82: TOẢN | L82: =IF(K82="-",0,H82*0.03) | M82: G.TỬ | N82: =IF(M82="-",0,H82*0.02) | O82: - | P82: =IF(O82="-",0,H82*0.01) | Q82: =H82*0.005
A83: 77 | B83: 46183 | C83: Võ Kim Thu | E83: 68 | F83: PT thay toàn bộ khớp gối | G83: Đặc biệt | H83: 3525500 | I83: HOAN | J83: =R83-L83-N83-P83-Q83 | K83: SƠN | L83: =IF(K83="-",0,H83*0.03) | M83: G.TỬ | N83: =IF(M83="-",0,H83*0.02) | O83: - | P83: =IF(O83="-",0,H83*0.01) | Q83: =H83*0.005
A84: 78 | B84: 46183 | C84: Đặng Thành Thái | D84: 46 | F84: PT vết thương phần mềm đơn giản | H84: 3382000 | I84: V.TÂN | J84: =R84-L84-N84-P84-Q84 | K84: NHỊ | L84: =IF(K84="-",0,H84*0.03) | M84: NGHĨA | N84: =IF(M84="-",0,H84*0.02) | O84: THUÝ | P84: =IF(O84="-",0,H84*0.01) | Q84: =H84*0.005
A85: 79 | B85: 46183 | C85: Nguyễn Văn Dũng | D85: 72 | F85: Cắt u lành phần mềm đk <10cm | G85: Loại 2 | H85: 859300 | I85: V.TÂN | J85: =R85-L85-N85-P85-Q85 | K85: NHỊ | L85: =IF(K85="-",0,H85*0.03) | M85: LỘC | N85: =IF(M85="-",0,H85*0.02) | O85: - | P85: =IF(O85="-",0,H85*0.01) | Q85: =H85*0.005
A86: 80 | B86: 46183 | C86: Trần Bé Hiền | D86: 32 | F86: Cắt lọc hoại tử ổ loét vết thương mạn tính | G86: Loại 2 | H86: 2128200 | I86: TOẢN | J86: =R86-L86-N86-P86-Q86 | K86: CHỈNH | L86: =IF(K86="-",0,H86*0.03) | M86: - | N86: =IF(M86="-",0,H86*0.02) | O86: - | P86: =IF(O86="-",0,H86*0.01) | Q86: =H86*0.005
A87: 81 | B87: 46184 | C87: Trương Thị Xinh | E87: 69 | F87: Rút đinh/tháo phương tiện KHX | G87: Loại 2 | H87: 2559100 | I87: TOẢN | J87: =R87-L87-N87-P87-Q87 | K87: - | L87: =IF(K87="-",0,H87*0.03) | M87: - | N87: =IF(M87="-",0,H87*0.02) | O87: - | P87: =IF(O87="-",0,H87*0.01) | Q87: =H87*0.005
A88: 82 | B88: 46184 | C88: Ngô Hòa Thuận | D88: 47 | F88: PTNS tái tạo dây chằng chéo trước bằng gân chân ngỗng | G88: Đặc biệt | H88: 3405500 | I88: TOẢN | J88: =R88-L88-N88-P88-Q88 | K88: KHANG | L88: =IF(K88="-",0,H88*0.03) | M88: - | N88: =IF(M88="-",0,H88*0.02) | O88: - | P88: =IF(O88="-",0,H88*0.01) | Q88: =H88*0.005
A89: 83 | B89: 46184 | C89: CAO THIỆN VŨ | D89: 49 | F89: PT thay toàn bộ khớp háng | G89: Đặc biệt | H89: 3525500 | I89: SƠN | J89: =R89-L89-N89-P89-Q89 | K89: BẢO | L89: =IF(K89="-",0,H89*0.03) | M89: G.TỬ | N89: =IF(M89="-",0,H89*0.02) | O89: - | P89: =IF(O89="-",0,H89*0.01) | Q89: =H89*0.005
A90: 84 | B90: 46184 | C90: Triệu Hoàng Long | D90: 63 | F90: PT KHX trên màn hình tăng sáng | G90: Đặc biệt | H90: 4497500 | I90: BẢO | J90: =R90-L90-N90-P90-Q90 | K90: G.TỬ | L90: =IF(K90="-",0,H90*0.03) | M90: KHANG | N90: =IF(M90="-",0,H90*0.02) | O90: - | P90: =IF(O90="-",0,H90*0.01) | Q90: =H90*0.005
A91: 85 | B91: 46184 | C91: Triệu Hoàng Long | D91: 63 | F91: PT KHX trên màn hình tăng sáng (50%) | G91: Đặc biệt | H91: 0 | I91: BẢO | J91: =R91-L91-N91-P91-Q91 | K91: G.TỬ | L91: =IF(K91="-",0,H91*0.03) | M91: V.TÂN | N91: =IF(M91="-",0,H91*0.02) | O91: LỘC | P91: =IF(O91="-",0,H91*0.01) | Q91: =H91*0.005
A92: 86 | B92: 46185 | C92: Đinh Thị Thi | E92: 55 | F92: PT thay toàn bộ khớp háng | G92: Đặc biệt | H92: 3525500 | I92: SƠN | J92: =R92-L92-N92-P92-Q92 | K92: BẢO | L92: =IF(K92="-",0,H92*0.03) | M92: TOẢN | N92: =IF(M92="-",0,H92*0.02) | O92: V.HƯỞNG | P92: =IF(O92="-",0,H92*0.01) | Q92: =H92*0.005
A93: 87 | B93: 46185 | C93: Trần Thị Mộng Thắm | E93: 56 | F93: PT thay toàn bộ khớp háng | G93: Đặc biệt | H93: 3525500 | I93: HOAN | J93: =R93-L93-N93-P93-Q93 | K93: TOẢN | L93: =IF(K93="-",0,H93*0.03) | M93: BẢO | N93: =IF(M93="-",0,H93*0.02) | O93: V.HƯỞNG | P93: =IF(O93="-",0,H93*0.01) | Q93: =H93*0.005
A94: 88 | B94: 46185 | C94: Đặng Kim Bích | E94: 54 | F94: PTNS khâu sụn chêm | G94: Đặc biệt | H94: 4397500 | I94: SƠN | J94: =R94-L94-N94-P94-Q94 | K94: HOAN | L94: =IF(K94="-",0,H94*0.03) | M94: V.HƯỞNG | N94: =IF(M94="-",0,H94*0.02) | O94: THUÝ | P94: =IF(O94="-",0,H94*0.01) | Q94: =H94*0.005
A95: 89 | B95: 46185 | C95: Hoàng Tuấn Anh | D95: 44 | F95: PT KHX trên màn hình tăng sáng | G95: Đặc biệt | H95: 4497500 | I95: DUY | J95: =R95-L95-N95-P95-Q95 | K95: THUÝ | L95: =IF(K95="-",0,H95*0.03) | M95: V.HƯỞNG | N95: =IF(M95="-",0,H95*0.02) | O95: CHỈNH | P95: =IF(O95="-",0,H95*0.01) | Q95: =H95*0.005
A96: 90 | B96: 46185 | C96: Lê Văn Mạnh | D96: 59 | F96: PT KHX trên màn hình tăng sáng | G96: Đặc biệt | H96: 4497500 | I96: DUY | J96: =R96-L96-N96-P96-Q96 | K96: THUÝ | L96: =IF(K96="-",0,H96*0.03) | M96: CHỈNH | N96: =IF(M96="-",0,H96*0.02) | O96: V.HƯỞNG | P96: =IF(O96="-",0,H96*0.01) | Q96: =H96*0.005
A97: 91 | B97: 46185 | C97: Nguyễn Thị Như Trúc | E97: 20 | F97: PT xơ cứng cơ ức đoàn chủm | G97: Loại 2 | H97: 3076300 | I97: HOAN | J97: =R97-L97-N97-P97-Q97 | K97: G.TỬ | L97: =IF(K97="-",0,H97*0.03) | M97: THUÝ | N97: =IF(M97="-",0,H97*0.02) | O97: HẬU | P97: =IF(O97="-",0,H97*0.01) | Q97: =H97*0.005
A98: 92 | B98: 46185 | C98: TRẦN ĐẶNG NHƠN | D98: 35 | F98: PT KHX trên màn hình tăng sáng | G98: Đặc biệt | H98: 4497500 | I98: SƠN | J98: =R98-L98-N98-P98-Q98 | K98: TOẢN | L98: =IF(K98="-",0,H98*0.03) | M98: NGHĨA | N98: =IF(M98="-",0,H98*0.02) | O98: CHỈNH | P98: =IF(O98="-",0,H98*0.01) | Q98: =H98*0.005
A99: 93 | B99: 46186 | C99: Cao Thị Bảy | E99: 85 | F99: PT thay khớp háng bán phần | G99: Loại 1 | H99: 3897500 | I99: SƠN | J99: =R99-L99-N99-P99-Q99 | K99: BẢO | L99: =IF(K99="-",0,H99*0.03) | M99: G.TỬ | N99: =IF(M99="-",0,H99*0.02) | O99: CHỈNH | P99: =IF(O99="-",0,H99*0.01) | Q99: =H99*0.005
A100: 94 | B100: 46186 | C100: Chiêm Thị Nhàn | E100: 73 | F100: PT KHX trên màn hình tăng sáng | G100: Đặc biệt | H100: 4497500 | I100: SƠN | J100: =R100-L100-N100-P100-Q100 | K100: G.TỬ | L100: =IF(K100="-",0,H100*0.03) | M100: TOẢN | N100: =IF(M100="-",0,H100*0.02) | O100: CHỈNH | P100: =IF(O100="-",0,H100*0.01) | Q100: =H100*0.005
A101: 95 | B101: 46187 | C101: Triệu Cẩm Thu | E101: 53 | F101: PT KHX trên màn hình tắng sáng | G101: Đặc biệt | H101: 4497500 | I101: SƠN | J101: =R101-L101-N101-P101-Q101 | K101: KHANG | L101: =IF(K101="-",0,H101*0.03) | M101: HẬU | N101: =IF(M101="-",0,H101*0.02) | O101: THUÝ | P101: =IF(O101="-",0,H101*0.01) | Q101: =H101*0.005
...

Sheet thu thuat
A1: BV TRƯỜNG ĐHYD CẦN THƠ
A2: KHOA NGOẠI CTCH-TK
A3: BẢNG KÊ TIỀN TIỂU THỦ THUẬT
A4: =GB!A4
A5: STT | B5: Ngày | C5: Họ và tên | D5: Tuổi | E5: Tên CLS | F5: Số Lượng | G5: Thành tiền | H5: THỰC LÃNH
A6: 1 | B6: 2026/01/09 07:12 | C6: TRƯƠNG HUỲNH THÁI DUY | D6: 09/12/2007 | E6: Cắt chỉ sau phẫu thuật | F6: 1 | G6: 40300 | H6: =G6*25%*75%
A7: 2 | B7: 2026/04/22 14:06 | C7: LÊ KIỀU HÂN | D7: 24/11/2000 | E7: Nắn, bó bột gãy 1/3 trên hai xương cẳng tay [bột liền] | F7: 1 | G7: 372700 | H7: =G8*25%*75%
A8: 3 | B8: 2026/04/29 13:43 | C8: TRẦN HUỲNH BẢO TRÂN | D8: 27/07/1996 | E8: Thay băng, cắt chỉ vết mổ [chiều dài ≤ 15cm] | F8: 1 | G8: 64300 | H8: =G9*25%*75%
A9: 4 | B9: 2026/05/19 07:00 | C9: NGUYỄN THỊ ĐIỀN | D9: 01/01/1963 | E9: Thay băng, cắt chỉ vết mổ [chiều dài ≤ 15cm] | F9: 1 | G9: 100000 | H9: =G10*25%*75%
A10: 5 | B10: 2026/05/19 07:36 | C10: KHUẤT HÙNG | D10: 01/01/1948 | E10: Thay băng, cắt chỉ vết mổ [chiều dài ≤ 15cm] | F10: 1 | G10: 100000 | H10: =G11*25%*75%
A11: 6 | B11: 2026/05/20 05:00 | C11: KHUẤT HÙNG | D11: 01/01/1948 | E11: Thay băng, cắt chỉ vết mổ [chiều dài ≤ 15cm] | F11: 1 | G11: 100000 | H11: =G12*25%*75%
A12: 7 | B12: 2026/05/20 07:00 | C12: NGUYỄN THỊ ĐIỀN | D12: 01/01/1963 | E12: Thay băng, cắt chỉ vết mổ [chiều dài ≤ 15cm] | F12: 1 | G12: 100000 | H12: =G13*25%*75%
A13: 8 | B13: 2026/05/21 05:00 | C13: KHUẤT HÙNG | D13: 01/01/1948 | E13: Thay băng, cắt chỉ vết mổ [chiều dài ≤ 15cm] | F13: 1 | G13: 100000 | H13: =G14*25%*75%
A14: 9 | B14: 2026/05/21 07:00 | C14: NGUYỄN THỊ ĐIỀN | D14: 01/01/1963 | E14: Thay băng, cắt chỉ vết mổ [chiều dài ≤ 15cm] | F14: 1 | G14: 100000 | H14: =G15*25%*75%
A15: 10 | B15: 2026/05/21 07:00 | C15: TRẦN VĂN XIÊN | D15: 01/01/1964 | E15: Thay băng, cắt chỉ vết mổ [chiều dài ≤ 15cm] | F15: 1 | G15: 100000 | H15: =G16*25%*75%
A16: 11 | B16: 2026/05/21 07:00 | C16: VÕ VĂN BÉ BA | D16: 12/12/1964 | E16: Thay băng, cắt chỉ vết mổ [chiều dài ≤ 15cm] | F16: 1 | G16: 100000 | H16: =G17*25%*75%
A17: 12 | B17: 2026/05/22 05:00 | C17: KHUẤT HÙNG | D17: 01/01/1948 | E17: Thay băng, cắt chỉ vết mổ [chiều dài ≤ 15cm] | F17: 1 | G17: 100000 | H17: =G18*25%*75%
A18: 13 | B18: 2026/05/22 07:00 | C18: NGUYỄN THỊ ĐIỀN | D18: 01/01/1963 | E18: Thay băng, cắt chỉ vết mổ [chiều dài ≤ 15cm] | F18: 1 | G18: 100000 | H18: =G19*25%*75%
... A163: 158 | B163: 2026/06/01 08:00 | C163: NGUYỄN THỊ BÉ TƯ | D163: 01/01/1967 | E163: Thay băng, cắt chỉ vết mổ [chiều dài ≤ 15cm] | F163: 1 | G163: 100000 | H163: =G164*25%*75%
A164: 159 | B164: 2026/06/01 09:31 | C164: NGUYỄN THỊ THANH THỦY | D164: 27/04/1959 | E164: Điều trị thoái hóa khớp bằng huyết tương giàu tiểu cầu | F164: 1 | G164: 5500000 | H164: =G166*25%*75%
A165: 160 | B165: 2026/06/01 09:56 | C165: PHAN QUANG TINH | D165: 20/02/1999 | E165: Tháo bột (nhỏ) | F165: 1 | G165: 100000 | H165: =G167*25%*75%
A166: 161 | B166: 2026/06/01 10:35 | C166: NGUYỄN HUY HẠ | D166: 05/10/1968 | E166: Nắn, bó bột trật khớp cổ chân [bột liền] | F166: 1 | G166: 282000 | H166: =G168*25%*75%
A167: 162 | B167: 2026/06/01 11:03 | C167: NGUYỄN LONG VÂN KIỀU NGỌC LIÊN | D167: 24/12/1977 | E167: Tháo bột (nhỏ) | F167: 1 | G167: 100000 | H167: =G169*25%*75%
A168: 163 | B168: 2026/06/01 13:30 | C168: NGUYỄN THỊ HỒNG | D168: 01/01/1964 | E168: Thay băng, cắt chỉ vết mổ [chiều dài ≤ 15cm] | F168: 1 | G168: 100000 | H168: =G170*25%*75%
A169: 164 | B169: 2026/06/01 14:28 | C169: HUỲNH THỊ KIỀU TRANG | D169: 10/04/1983 | E169: Thay băng, cắt chỉ vết mổ [chiều dài ≤ 15cm] | F169: 1 | G169: 64300 | H169: =G171*25%*75%
A170: 165 | B170: 2026/06/01 15:31 | C170: LÂM VINH | D170: 17/08/1984 | E170: Tháo bột (trung bình) | F170: 1 | G170: 200000 | H170: =G173*25%*75%
A171: 166 | B171: 2026/06/01 15:45 | C171: NGUYỄN LONG VÂN KIỀU NGỌC LIÊN | D171: 24/12/1977 | E171: Nẹp bột các loại, không nắn (loại 2) | F171: 1 | G171: 300000 | H171: =G174*25%*75%
A172: 167 | B172: 2026/06/01 15:51 | C172: LÂM THANH HÙNG | D172: 01/01/1954 | E172: Tháo bột (nhỏ) | F172: 1 | G172: 100000 | H172: =G175*25%*75%
A173: 168 | B173: 2026/06/02 05:00 | C173: BÙI VĂN LONG | D173: 21/10/1961 | E173: Thay băng, cắt chỉ vết mổ [chiều dài ≤ 15cm] | F173: 1 | G173: 100000 | H173: =G177*25%*75%
A174: 169 | B174: 2026/06/02 05:00 | C174: DƯƠNG VĂN CHIẾN | D174: 01/01/1949 | E174: Thay băng, cắt chỉ vết mổ [chiều dài ≤ 15cm] | F174: 1 | G174: 100000 | H174: =G178*25%*75%
A175: 170 | B175: 2026/06/02 05:00 | C175: MAI THÀNH DƯƠNG | D175: 10/04/1964 | E175: Thay băng, cắt chỉ vết mổ [chiều dài ≤ 15cm] | F175: 1 | G175: 100000 | H175: =G179*25%*75%
A176: 171 | B176: 2026/06/02 05:00 | C176: NGUYỄN THỊ CHUỐI | D176: 06/08/1952 | E176: Thay băng, cắt chỉ vết mổ [chiều dài ≤ 15cm] | F176: 1 | G176: 100000 | H176: =G180*25%*75%
A177: 172 | B177: 2026/06/02 05:00 | C177: TRẦN VĂN XIÊN | D177: 01/01/1964 | E177: Thay băng, cắt chỉ vết mổ [chiều dài ≤ 15cm] | F177: 1 | G177: 100000 | H177: =G181*25%*75%
A178: 173 | B178: 2026/06/02 05:00 | C178: VŨ THÀNH ĐẠT | D178: 01/02/1955 | E178: Thay băng, cắt chỉ vết mổ [chiều dài ≤ 15cm] | F178: 1 | G178: 100000 | H178: =G182*25%*75%
A179: 174 | B179: 2026/06/02 06:20 | C179: PHẠM THỊ HỒNG GẤM | D179: 01/01/1979 | E179: Thay băng, cắt chỉ vết mổ [chiều dài ≤ 15cm] | F179: 1 | G179: 100000 | H179: =G183*25%*75%
A180: 175 | B180: 2026/06/02 07:00 | C180: KIM THANH ĐẠT | D180: 29/12/2007 | E180: Thay băng, cắt chỉ vết mổ [chiều dài ≤ 15cm] | F180: 1 | G180: 100000 | H180: =G184*25%*75%
A181: 176 | B181: 2026/06/02 07:00 | C181: NGUYỄN MINH TUỆ | D181: 20/05/2002 | E181: Thay băng, cắt chỉ vết mổ [chiều dài ≤ 15cm] | F181: 1 | G181: 100000 | H181: =G185*25%*75%
A182: 177 | B182: 2026/06/02 07:00 | C182: NGUYỄN THỊ HẤN | D182: 01/01/1959 | E182: Thay băng, cắt chỉ vết mổ [chiều dài ≤ 15cm] | F182: 1 | G182: 100000 | H182: =G186*25%*75%
A183: 178 | B183: 2026/06/02 07:00 | C183: NGUYỄN THỊ LÝ | D183: 01/01/1944 | E183: Thay băng, cắt chỉ vết mổ [chiều dài ≤ 15cm] | F183: 1 | G183: 100000 | H183: =G187*25%*75%
A184: 179 | B184: 2026/06/02 07:00 | C184: TRẦN THỊ QUẮN | D184: 01/01/1934 | E184: Thay băng, cắt chỉ vết mổ [chiều dài ≤ 15cm] | F184: 1 | G184: 100000 | H184: =G188*25%*75%
... A192: 187 | B192: 2026/06/02 14:01 | C192: HỒ NHỰT PHI | D192: 11/04/1999 | E192: Thay băng, cắt chỉ vết mổ [chiều dài ≤ 15cm] | F192: 1 | G192: 100000 | H192: =G196*25%*75%
A193: 188 | B193: 2026/06/02 14:47 | C193: PHAN THỊ HỒNG NHUNG | D193: 01/01/1960 | E193: Nắn, bó bột gãy xương bàn chân [bột liền] | F193: 1 | G193: 257000 | H193: =G198*25%*75%
A194: 189 | B194: 2026/06/02 17:37 | C194: NGUYỄN THỊ BÍCH CHI | D194: 06/12/2007 | E194: Nắn, bó bột gãy xương bàn chân [bột liền] | F194: 1 | G194: 400000 | H194: =G200*25%*75%
A195: 190 | B195: 2026/06/02 20:25 | C195: TRẦN KIỀU MY | D195: 20/12/2004 | E195: Nắn, bó bột gãy xương ngón chân [bột liền] | F195: 1 | G195: 400000 | H195: =G201*25%*75%
A196: 191 | B196: 2026/06/03 05:00 | C196: DƯƠNG VĂN CHIẾN | D196: 01/01/1949 | E196: Thay băng, cắt chỉ vết mổ [chiều dài ≤ 15cm] | F196: 1 | G196: 100000 | H196: =G202*25%*75%
A197: 192 | B197: 2026/06/03 05:00 | C197: MAI THÀNH DƯƠNG | D197: 10/04/1964 | E197: Thay băng, cắt chỉ vết mổ [chiều dài ≤ 15cm] | F197: 1 | G197: 100000 | H197: =G203*25%*75%
A198: 193 | B198: 2026/06/03 05:00 | C198: NGUYỄN THỊ CHUỐI | D198: 06/08/1952 | E198: Thay băng, cắt chỉ vết mổ [chiều dài ≤ 15cm] | F198: 1 | G198: 100000 | H198: =G204*25%*75%
A199: 194 | B199: 2026/06/03 05:00 | C199: TRẦN VĂN XIÊN | D199: 01/01/1964 | E199: Thay băng, cắt chỉ vết mổ [chiều dài ≤ 15cm] | F199: 1 | G199: 100000 | H199: =G205*25%*75%
A200: 195 | B200: 2026/06/03 05:00 | C200: VŨ THÀNH ĐẠT | D200: 01/02/1955 | E200: Thay băng, cắt chỉ vết mổ [chiều dài ≤ 15cm] | F200: 1 | G200: 100000 | H200: =G206*25%*75%
A201: 196 | B201: 2026/06/03 06:18 | C201: PHẠM THỊ HỒNG GẤM | D201: 01/01/1979 | E201: Thay băng, cắt chỉ vết mổ [chiều dài ≤ 15cm] | F201: 1 | G201: 100000 | H201: =G207*25%*75%
A202: 197 | B202: 2026/06/03 07:00 | C202: HUỲNH THỊ HIỆP | D202: 01/01/1969 | E202: Thay băng, cắt chỉ vết mổ [chiều dài ≤ 15cm] | F202: 1 | G202: 100000 | H202: =G208*25%*75%
A203: 198 | B203: 2026/06/03 07:00 | C203: MAI HOÀNG PHÚ | D203: 06/08/2016 | E203: Nắn, bó bột gãy trên lồi cầu xương cánh tay trẻ em độ III và độ IV [bột liền] | F203: 1 | G203: 372700 | H203: =G209*25%*75%
A204: 199 | B204: 2026/06/03 07:00 | C204: NGUYỄN THỊ HẤN | D204: 01/01/1959 | E204: Thay băng, cắt chỉ vết mổ [chiều dài ≤ 15cm] | F204: 1 | G204: 100000 | H204: =G210*25%*75%
A205: 200 | B205: 2026/06/03 07:00 | C205: NGUYỄN THỊ LÝ | D205: 01/01/1944 | E205: Thay băng, cắt chỉ vết mổ [chiều dài ≤ 15cm] | F205: 1 | G205: 100000 | H205: =G211*25%*75%
... A218: 213 | B218: 2026/06/03 09:10 | C218: NGUYỄN THỊ NGÂN | D218: 01/01/1954 | E218: Thay băng, cắt chỉ vết mổ [chiều dài ≤ 15cm] | F218: 1 | G218: 100000 | H218: =G224*25%*75%
A219: 214 | B219: 2026/06/03 11:44 | C219: CAO HOÀNG KHANG | D219: 05/02/2005 | E219: Nắn, bó bột gãy xương bàn chân [bột liền] | F219: 1 | G219: 257000 | H219: =G227*25%*75%
A220: 215 | B220: 2026/06/03 16:24 | C220: LÊ THỊ KIM NGUYÊN | D220: 22/08/1998 | E220: Thay băng, cắt chỉ vết mổ [chiều dài ≤ 15cm] | F220: 1 | G220: 64300 | H220: =G230*25%*75%
A221: 216 | B221: 2026/06/03 20:30 | C221: HUỲNH THANH HÙNG | D221: 01/01/1945 | E221: Đặt sonde bàng quang | F221: 1 | G221: 101800 | H221: =G231*25%*75%
A222: 217 | B222: 2026/06/04 05:00 | C222: DƯƠNG VĂN CHIẾN | D222: 01/01/1949 | E222: Thay băng, cắt chỉ vết mổ [chiều dài ≤ 15cm] | F222: 1 | G222: 100000 | H222: =G232*25%*75%
A223: 218 | B223: 2026/06/04 05:00 | C223: HUỲNH THỊ HIỆP | D223: 01/01/1969 | E223: Thay băng, cắt chỉ vết mổ [chiều dài ≤ 15cm] | F223: 1 | G223: 100000 | H223: =G233*25%*75%
A224: 219 | B224: 2026/06/04 05:00 | C224: KHUẤT HÙNG | D224: 01/01/1948 | E224: Thay băng, cắt chỉ vết mổ [chiều dài ≤ 15cm] | F224: 1 | G224: 100000 | H224: =G234*25%*75%
A225: 220 | B225: 2026/06/04 05:00 | C225: MAI THÀNH DƯƠNG | D225: 10/04/1964 | E225: Thay băng, cắt chỉ vết mổ [chiều dài ≤ 15cm] | F225: 1 | G225: 100000 | H225: =G235*25%*75%
A226: 221 | B226: 2026/06/04 05:00 | C226: NGUYỄN THỊ CHUỐI | D226: 06/08/1952 | E226: Thay băng, cắt chỉ vết mổ [chiều dài ≤ 15cm] | F226: 1 | G226: 100000 | H226: =G236*25%*75%
A227: 222 | B227: 2026/06/04 05:00 | C227: PHAN TUẤN GIỚI | D227: 15/02/1965 | E227: Thay băng, cắt chỉ vết mổ [chiều dài ≤ 15cm] | F227: 1 | G227: 100000 | H227: =G237*25%*75%
A228: 223 | B228: 2026/06/04 05:00 | C228: TRẦN VĂN XIÊN | D228: 01/01/1964 | E228: Thay băng, cắt chỉ vết mổ [chiều dài ≤ 15cm] | F228: 1 | G228: 100000 | H228: =G238*25%*75%
A229: 224 | B229: 2026/06/04 05:00 | C229: VŨ THÀNH ĐẠT | D229: 01/02/1955 | E229: Thay băng, cắt chỉ vết mổ [chiều dài ≤ 15cm] | F229: 1 | G229: 100000 | H229: =G239*25%*75%
A230: 225 | B230: 2026/06/04 06:00 | C230: PHẠM THỊ HỒNG GẤM | D230: 01/01/1979 | E230: Thay băng, cắt chỉ vết mổ [chiều dài ≤ 15cm] | F230: 1 | G230: 100000 | H230: =G240*25%*75%
A231: 226 | B231: 2026/06/04 06:10 | C231: NGUYỄN VĂN LUÔNG | D231: 01/01/1972 | E231: Thay băng, cắt chỉ vết mổ [chiều dài ≤ 15cm] | F231: 1 | G231: 100000 | H231: =G241*25%*75%
... A250: 245 | B250: 2026/06/04 08:44 | C250: HUỲNH THỊ XIÊU | D250: 22/09/1968 | E250: Thay băng, cắt chỉ vết mổ | F250: 1 | G250: 100000 | H250: =G260*25%*75%
A251: 246 | B251: 2026/06/04 10:02 | C251: HOÀNG QUỐC HOÀN LONG | D251: 26/01/2001 | E251: Thay băng, cắt chỉ vết mổ | F251: 1 | G251: 40300 | H251: =G262*25%*75%
A252: 247 | B252: 2026/06/04 10:23 | C252: PHẠM THỊ TƯ | D252: 01/01/1958 | E252: Nẹp bột các loại, không nắn (loại 1) | F252: 1 | G252: 200000 | H252: =G263*25%*75%
A253: 248 | B253: 2026/06/04 11:08 | C253: TẠ THẾ HIỂU | D253: 01/01/1991 | E253: Tháo bột (lớn) | F253: 1 | G253: 300000 | H253: =G264*25%*75%
A254: 249 | B254: 2026/06/04 14:56 | C254: VÕ CHÍ TÂM | D254: 17/11/1993 | E254: Thay băng, cắt chỉ vết mổ [chiều dài ≤ 15cm] | F254: 1 | G254: 100000 | H254: =G265*25%*75%
A255: 250 | B255: 2026/06/04 15:34 | C255: CHÂU KIM HUỲNH CHI | D255: 01/01/1973 | E255: Thay băng, cắt chỉ vết mổ [chiều dài ≤ 15cm] | F255: 1 | G255: 100000 | H255: =G266*25%*75%
A256: 251 | B256: 2026/06/04 16:07 | C256: NGUYỄN THỊ ÁI LÂM | D256: 01/01/1993 | E256: Nắn bột cẳng bàn chân trong gãy xương bàn chân, ngón chân | F256: 1 | G256: 400000 | H256: =G267*25%*75%
A257: 252 | B257: 2026/06/04 20:42 | C257: NGUYỄN THỊ PHƯỢNG HUYỀN | D257: 29/04/1960 | E257: Nắn, bó bột gãy 1/3 dưới hai xương cẳng tay [bột liền] | F257: 1 | G257: 372700 | H257: =G268*25%*75%
A258: 253 | B258: 2026/06/05 05:00 | C258: DƯƠNG VĂN CHIẾN | D258: 01/01/1949 | E258: Thay băng, cắt chỉ vết mổ [chiều dài ≤ 15cm] | F258: 1 | G258: 100000 | H258: =G269*25%*75%
A259: 254 | B259: 2026/06/05 05:00 | C259: KHUẤT HÙNG | D259: 01/01/1948 | E259: Thay băng, cắt chỉ vết mổ [chiều dài ≤ 15cm] | F259: 1 | G259: 100000 | H259: =G270*25%*75%
A260: 255 | B260: 2026/06/05 05:00 | C260: MAI THÀNH DƯƠNG | D260: 10/04/1964 | E260: Thay băng, cắt chỉ vết mổ [chiều dài ≤ 15cm] | F260: 1 | G260: 100000 | H260: =G271*25%*75%
A261: 256 | B261: 2026/06/05 05:00 | C261: NGUYỄN THỊ CHUỐI | D261: 06/08/1952 | E261: Thay băng, cắt chỉ vết mổ [chiều dài ≤ 15cm] | F261: 1 | G261: 100000 | H261: =G272*25%*75%
A262: 257 | B262: 2026/06/05 05:00 | C262: NGUYỄN THỊ THỦY | D262: 01/01/1963 | E262: Thay băng, cắt chỉ vết mổ [chiều dài ≤ 15cm] | F262: 1 | G262: 100000 | H262: =G273*25%*75%
... A288: 283 | B288: 2026/06/05 07:17 | C288: TRẦN VĂN ĐỆ | D288: 15/06/1979 | E288: Cắt chỉ sau phẫu thuật | F288: 1 | G288: 40300 | H288: =G299*25%*75%
A289: 284 | B289: 2026/06/05 07:35 | C289: LÊ THỊ Y BÌNH | D289: 06/08/1995 | E289: Thay băng, cắt chỉ vết mổ [chiều dài ≤ 15cm] | F289: 1 | G289: 100000 | H289: =G301*25%*75%
A290: 285 | B290: 2026/06/05 07:35 | C290: NGUYỄN HOÀNG SƠN GIANG | D290: 25/01/1976 | E290: Thay băng, cắt chỉ vết mổ [chiều dài ≤ 15cm] | F290: 1 | G290: 100000 | H290: =G302*25%*75%
A291: 286 | B291: 2026/06/05 07:35 | C291: NGUYỄN HOÀNG SƠN GIANG | D291: 25/01/1976 | E291: Thay băng, cắt chỉ vết mổ [chiều dài ≤ 15cm] | F291: 1 | G291: 100000 | H291: =G303*25%*75%
A292: 287 | B292: 2026/06/05 07:36 | C292: NGUYỄN HOÀNG SƠN GIANG | D292: 25/01/1976 | E292: Thay băng, cắt chỉ vết mổ [chiều dài ≤ 15cm] | F292: 1 | G292: 100000 | H292: =G304*25%*75%
A293: 288 | B293: 2026/06/05 07:37 | C293: NGUYỄN HOÀNG SƠN GIANG | D293: 25/01/1976 | E293: Thay băng, cắt chỉ vết mổ [chiều dài ≤ 15cm] | F293: 1 | G293: 100000 | H293: =G305*25%*75%
A294: 289 | B294: 2026/06/05 07:40 | C294: LÊ THỊ Y BÌNH | D294: 06/08/1995 | E294: Thay băng, cắt chỉ vết mổ [chiều dài ≤ 15cm] | F294: 1 | G294: 100000 | H294: =G306*25%*75%
A295: 290 | B295: 2026/06/05 07:40 | C295: TRẦN VĂN LÂM | D295: 27/09/1964 | E295: Thay băng, cắt chỉ vết mổ [chiều dài ≤ 15cm] | F295: 1 | G295: 100000 | H295: =G307*25%*75%
A296: 291 | B296: 2026/06/05 07:41 | C296: LÊ THỊ Y BÌNH | D296: 06/08/1995 | E296: Thay băng, cắt chỉ vết mổ [chiều dài ≤ 15cm] | F296: 1 | G296: 100000 | H296: =G308*25%*75%
A297: 292 | B297: 2026/06/05 07:41 | C297: TRẦN VĂN LÂM | D297: 27/09/1964 | E297: Thay băng, cắt chỉ vết mổ [chiều dài ≤ 15cm] | F297: 1 | G297: 100000 | H297: =G309*25%*75%
A298: 293 | B298: 2026/06/05 07:43 | C298: LÊ THỊ Y BÌNH | D298: 06/08/1995 | E298: Thay băng, cắt chỉ vết mổ [chiều dài ≤ 15cm] | F298: 1 | G298: 100000 | H298: =G310*25%*75%
A299: 294 | B299: 2026/06/05 07:45 | C299: PHAN HUỲNH BẢO TRÂN | D299: 15/12/2009 | E299: Thay băng, cắt chỉ vết mổ [chiều dài ≤ 15cm] | F299: 1 | G299: 100000 | H299: =G311*25%*75%
A300: 295 | B300: 2026/06/05 08:05 | C300: PHẠM THỊ ANH THƯ | D300: 19/03/2007 | E300: Thay băng, cắt chỉ vết mổ [chiều dài ≤ 15cm] | F300: 1 | G300: 100000 | H300: =G312*25%*75%
... A305: 300 | B305: 2026/06/05 08:59 | C305: PHAN KIM RÔ | D305: 10/03/1963 | E305: Tiêm khớp vai | F305: 1 | G305: 104400 | H305: =G317*25%*75%
A306: 301 | B306: 2026/06/05 14:12 | C306: NGUYỄN VĂN CƯỜNG | D306: 12/06/1999 | E306: Cắt chỉ sau phẫu thuật | F306: 1 | G306: 100000 | H306: =G320*25%*75%
A307: 302 | B307: 2026/06/05 15:17 | C307: NGUYỄN THỊ ÚT | D307: 01/01/1967 | E307: Nắn, bó bột gãy 1/3 dưới hai xương cẳng tay [bột liền] | F307: 1 | G307: 500000 | H307: =G321*25%*75%
A308: 303 | B308: 2026/06/06 05:00 | C308: KHUẤT HÙNG | D308: 01/01/1948 | E308: Thay băng, cắt chỉ vết mổ [chiều dài ≤ 15cm] | F308: 1 | G308: 100000 | H308: =G322*25%*75%
A309: 304 | B309: 2026/06/06 05:00 | C309: LÂM THỊ MỘNG TRINH | D309: 01/01/1983 | E309: Thay băng, cắt chỉ vết mổ [chiều dài ≤ 15cm] | F309: 1 | G309: 100000 | H309: =G323*25%*75%
A310: 305 | B310: 2026/06/06 05:00 | C310: LƯƠNG THỊ PHƯỢNG | D310: 13/07/1965 | E310: Thay băng, cắt chỉ vết mổ [chiều dài ≤ 15cm] | F310: 1 | G310: 100000 | H310: =G324*25%*75%
...

Sheet tieuphau
A1: BV TRƯỜNG ĐHYD CẦN THƠ
A2: KHOA NGOẠI CTCH - TK
A3: BẢNG KÊ TIỀN TIỂU PHẪU
A4: =phauthuat!A4
A6: STT | B6: Ngày | C6: Họ và tên | D6: Tuổi | E6: Tên CLS | F6: Số Lượng | G6: Thành tiền | H6: Bác Sĩ | I6: Số Tiền | J6: Điều Dưỡng | K6: Số Tiền | L6: Thực Lãnh
A7: 1 | B7: 2026/05/29 07:00 | C7: ÂU CẨM NHUNG | D7: 04/07/1974 | E7: Tạo hình và đổ xi măng cột sống (kyphoplasty) | F7: 1 | G7: 3418100 | H7: HOAN | I7: =L7-K7 | J7: ĐD | K7: =G7*0.05 | L7: =IF(H7="NGUYỆN",G7*25%*75%,IF(H7="TOẢN",G7*25%*75%,IF(H7="TÂN",G7*25%*75%,G7*0.25)))
A8: 2 | B8: 2026/06/01 15:10 | C8: TRẦN THỊ BA NHỎ | D8: 25/11/1957 | E8: Phẫu thuật giải ép thần kinh (ống cổ tay, Khuỷu…) | F8: 1 | G8: 5000000 | H8: BẢO | I8: =L8-K8 | J8: ĐD | K8: =G8*0.05 | L8: =IF(H8="NGUYỆN",G8*25%*75%,IF(H8="TOẢN",G8*25%*75%,IF(H8="TÂN",G8*25%*75%,G8*0.25)))
A9: 3 | B9: 2026/06/01 16:09 | C9: LÂM THỊ MỸ HOÀNG | D9: 01/01/1968 | E9: Phẫu thuật điều trị ngón tay cò súng (1 ngón) | F9: 1 | G9: 1000000 | H9: V.TÂN | I9: =L9-K9 | J9: ĐD | K9: =G9*0.05 | L9: =IF(H9="NGUYỆN",G9*25%*75%,IF(H9="TOẢN",G9*25%*75%,IF(H9="TÂN",G9*25%*75%,G9*0.25)))
A10: 4 | B10: 2026/06/02 13:16 | C10: NGŨ THỊ NGỌC BÍCH | D10: 01/01/1976 | E10: Phẫu thuật điều trị hội chứng ống cổ tay | F10: 1 | G10: 4000000 | H10: TOẢN | I10: =L10-K10 | J10: ĐD | K10: =G10*0.05 | L10: =IF(H10="NGUYỆN",G10*25%*75%,IF(H10="TOẢN",G10*25%*75%,IF(H10="TÂN",G10*25%*75%,G10*0.25)))
A11: 5 | B11: 2026/06/03 09:16 | C11: ĐẶNG BẠCH PHỤNG | D11: 05/07/1963 | E11: Phẫu thuật điều trị bệnh DE QUER VAIN và ngón tay cò súng [gây tê] | F11: 1 | G11: 3261000 | H11: TÚ | I11: =L11-K11 | J11: ĐD | K11: =G11*0.05 | L11: =IF(H11="NGUYỆN",G11*25%*75%,IF(H11="TOẢN",G11*25%*75%,IF(H11="TÂN",G11*25%*75%,G11*0.25)))
A12: 6 | B12: 2026/06/03 09:45 | C12: NGUYỄN NGỌC QUÝ | D12: 30/07/1975 | E12: Phẫu thuật điều trị ngón tay cò súng (1 ngón) | F12: 1 | G12: 1000000 | H12: TÚ | I12: =L12-K12 | J12: ĐD | K12: =G12*0.05 | L12: =IF(H12="NGUYỆN",G12*25%*75%,IF(H12="TOẢN",G12*25%*75%,IF(H12="TÂN",G12*25%*75%,G12*0.25)))
A13: 7 | B13: 2026/06/05 14:57 | C13: LÊ PHƯƠNG HỒNG | D13: 20/10/1972 | E13: Phẫu thuật điều trị bệnh DE QUER VAIN và ngón tay cò súng [gây tê] | F13: 1 | G13: 3261000 | H13: G.TỬ | I13: =L13-K13 | J13: ĐD | K13: =G13*0.05 | L13: =IF(H13="NGUYỆN",G13*25%*75%,IF(H13="TOẢN",G13*25%*75%,IF(H13="TÂN",G13*25%*75%,G13*0.25)))
A14: 8 | B14: 2026/06/07 21:33 | C14: VÕ KIM ANH | D14: 31/12/1939 | E14: Tạo hình và đổ xi măng cột sống (kyphoplasty) | F14: 1 | G14: 8548000 | H14: HOAN | I14: =L14-K14 | J14: ĐD | K14: =G14*0.05 | L14: =IF(H14="NGUYỆN",G14*25%*75%,IF(H14="TOẢN",G14*25%*75%,IF(H14="TÂN",G14*25%*75%,G14*0.25)))
A15: 9 | B15: 2026/06/08 13:15 | C15: NGUYỄN THÀNH ĐƯỢC | D15: 01/01/1961 | E15: Nắn, bó bột trật khớp háng [bột liền] | F15: 1 | G15: 749600 | H15: SƠN | I15: =L15-K15 | J15: ĐD | K15: =G15*0.05 | L15: =IF(H15="NGUYỆN",G15*25%*75%,IF(H15="TOẢN",G15*25%*75%,IF(H15="TÂN",G15*25%*75%,G15*0.25)))
A16: 10 | B16: 2026/06/09 08:52 | C16: HỒ THỊ LỰU | D16: 12/08/1979 | E16: Phẫu thuật điều trị hội chứng ống cổ tay | F16: 1 | G16: 4000000 | H16: V.TÂN | I16: =L16-K16 | J16: ĐD | K16: =G16*0.05 | L16: =IF(H16="NGUYỆN",G16*25%*75%,IF(H16="TOẢN",G16*25%*75%,IF(H16="TÂN",G16*25%*75%,G16*0.25)))
A17: 11 | B17: 2026/06/10 09:31 | C17: PHẠM THỊ NGUYỆT CHÂU | D17: 28/03/1961 | E17: Phẫu thuật điều trị hội chứng ống cổ tay | F17: 1 | G17: 4000000 | H17: TÚ | I17: =L17-K17 | J17: ĐD | K17: =G17*0.05 | L17: =IF(H17="NGUYỆN",G17*25%*75%,IF(H17="TOẢN",G17*25%*75%,IF(H17="TÂN",G17*25%*75%,G17*0.25)))
A18: 12 | B18: 2026/06/10 10:10 | C18: PHẠM THỊ LỆ | D18: 01/01/1969 | E18: Phẫu thuật điều trị ngón tay cò súng (1 ngón) | F18: 1 | G18: 1000000 | H18: TÚ | I18: =L18-K18 | J18: ĐD | K18: =G18*0.05 | L18: =IF(H18="NGUYỆN",G18*25%*75%,IF(H18="TOẢN",G18*25%*75%,IF(H18="TÂN",G18*25%*75%,G18*0.25)))
... A106: 100 | B106: 2026/06/30 13:52 | C106: TRẦN THỊ LIỆP | D106: 01/01/1954 | E106: Tiêm khớp gối | F106: 1 | G106: 384000 | H106: TOẢN | I106: =L106-K106 | J106: ĐD | K106: =G106*0.05 | L106: =IF(H106="NGUYỆN",G106*25%*75%,IF(H106="TOẢN",G106*25%*75%,IF(H106="TÂN",G106*25%*75%,G106*0.25)))
C107: Tổng Cộng | F107: =SUM(F7:F106) | G107: =SUM(G7:G106) | I107: =SUM(I7:I106) | K107: =SUM(K7:K106) | L107: =SUM(L7:L106)
H108: Cần Thơ, Ngày 31 tháng 5 năm 2026
A109: Lập bảng | H109: Trưởng khoa
G110: =+G107+'thu thuat'!G1336
A113: ĐD. Phan Văn Hiếu | H113: ThS. Bs. CKII. Nguyễn Lê Hoan

Sheet GB
A1: BỆNH VIỆN TRƯỜNG ĐH Y DƯỢC CẦN THƠ
A3: DANH SÁCH CHỈ ĐỊNH GIƯỜNG BỆNH
A4: =phauthuat!A4
F5: Số GB vượt >100% | G5: =IF((D7-D6)>0,D7-D6,0)
A6: Giường phân bổ: 40 GB Tổng Ngày giường Kế hoạch | D6: =40*30 | F6: Số GB vượt 80%-100% | G6: =IF(D7-D6*0.8>0,(D7-D6*0.8)-G5,0)
A7: Ngày giường thực hiện | D7: =F1203 | F7: Công suất GB: | G7: =D7/D6*100%
A8: STT | B8: Ngày | C8: Họ và tên | D8: Tuổi | E8: Tên CLS | F8: Số Lượng | G8: Thành tiền
A9: 1 | B9: 2026/05/16 00:42 | C9: VŨ THÀNH ĐẠT | D9: 01/02/1955 | E9: Giường Nội khoa loại 2 - Khoa Chấn thương chỉnh hình | F9: 1 | G9: 222300
A10: 2 | B10: 2026/05/17 00:00 | C10: VŨ THÀNH ĐẠT | D10: 01/02/1955 | E10: Giường Nội khoa loại 2 - Khoa Chấn thương chỉnh hình | F10: 1 | G10: 222300
A11: 3 | B11: 2026/05/17 22:39 | C11: KHUẤT HÙNG | D11: 01/01/1948 | E11: Giường Nội khoa loại 2 - Khoa Chấn thương chỉnh hình | F11: 1 | G11: 222300
A12: 4 | B12: 2026/05/18 00:00 | C12: VŨ THÀNH ĐẠT | D12: 01/02/1955 | E12: Giường Nội khoa loại 2 - Khoa Chấn thương chỉnh hình | F12: 1 | G12: 222300
A13: 5 | B13: 2026/05/18 14:40 | C13: VÕ VĂN BÉ BA | D13: 12/12/1964 | E13: Giường Nội khoa loại 2 - Khoa Chấn thương chỉnh hình | F13: 1 | G13: 222300
A14: 6 | B14: 2026/05/18 18:45 | C14: NGUYỄN THỊ ĐIỀN | D14: 01/01/1963 | E14: Giường Nội khoa loại 2 - Khoa Chấn thương chỉnh hình | F14: 1 | G14: 222300
A15: 7 | B15: 2026/05/18 20:50 | C15: KHUẤT HÙNG | D15: 01/01/1948 | E15: Giường Ngoại khoa loại 3 - Khoa Chấn thương chỉnh hình | F15: 1 | G15: 269200
A16: 8 | B16: 2026/05/19 00:00 | C16: VÕ VĂN BÉ BA | D16: 12/12/1964 | E16: Giường Nội khoa loại 2 - Khoa Chấn thương chỉnh hình | F16: 1 | G16: 222300
A17: 9 | B17: 2026/05/19 00:00 | C17: VŨ THÀNH ĐẠT | D17: 01/02/1955 | E17: Giường Nội khoa loại 2 - Khoa Chấn thương chỉnh hình | F17: 1 | G17: 222300
A18: 10 | B18: 2026/05/19 00:00 | C18: NGUYỄN THỊ ĐIỀN | D18: 01/01/1963 | E18: Giường Nội khoa loại 2 - Khoa Chấn thương chỉnh hình | F18: 3 | G18: 666900
A19: 11 | B19: 2026/05/19 08:16 | C19: BÙI VĂN LONG | D19: 21/10/1961 | E19: Giường Nội khoa loại 2 - Khoa Chấn thương chỉnh hình | F19: 1 | G19: 222300
A20: 12 | B20: 2026/05/19 17:11 | C20: NGUYỄN THỊ LÝ | D20: 01/01/1944 | E20: Giường Nội khoa loại 2 - Khoa Chấn thương chỉnh hình | F20: 1 | G20: 222300
... A1199: 1191 | B1199: 2026/06/29 00:00 | C1199: TRƯƠNG THỊ CẨM CHÂU | D1199: 09/10/1968 | E1199: Giường Ngoại khoa loại 3 - Khoa Chấn thương chỉnh hình | F1199: 1 | G1199: 269200
C1203: TỔNG CỘNG | F1203: =SUM(F9:F1202) | G1203: =SUM(G9:G1202)
B1205: Người lập | F1205: Trưởng Khoa

Sheet YCBS
A1: BV TRƯỜNG ĐHYD CẦN THƠ
A2: KHOA NGOẠI CTCH-TK
A3: BẢNG KÊ YÊU CẦU BÁC SĨ PHẨU THUẬT
A4: =GB!A4
A5: STT | B5: Ngày | C5: Họ và tên | D5: Tuổi | E5: Tên CLS | F5: Số Lượng | G5: Thành tiền
A6: 1 | B6: 2026/05/28 11:53 | C6: VŨ THỊ THÚY | D6: 02/08/1965 | E6: Chọn bác sĩ phẫu thuật theo yêu cầu | F6: 1 | G6: 1000000
A7: 2 | B7: 2026/05/29 15:00 | C7: VŨ THỊ THÚY | D7: 02/08/1965 | E7: Chọn bác sĩ phẫu thuật theo yêu cầu | F7: 1 | G7: 1000000
A8: 3 | B8: 2026/06/11 20:56 | C8: ĐẶNG KIM BÍCH | D8: 01/01/1972 | E8: Chọn bác sĩ phẫu thuật theo yêu cầu | F8: 1 | G8: 1000000
A9: 4 | B9: 2026/06/18 08:44 | C9: TRỊNH THÚY NGA | D9: 01/01/1965 | E9: Chọn bác sĩ phẫu thuật theo yêu cầu | F9: 1 | G9: 1000000
A10: 5 | B10: 2026/06/18 14:00 | C10: TRƯƠNG HOÀNG DIỄM THÚY | D10: 01/01/1985 | E10: Chọn bác sĩ phẫu thuật theo yêu cầu | F10: 1 | G10: 1000000
A11: 6 | B11: 2026/06/23 16:00 | C11: NGUYỄN ĐỨC THỊNH | D11: 16/12/1996 | E11: Chọn bác sĩ phẫu thuật theo yêu cầu | F11: 1 | G11: 1000000
C27: Tổng Cộng | F27: =SUM(F6:F26) | G27: =SUM(G6:G26)
F28: Cần Thơ, ngày 30 tháng 6 năm 2026
B29: Lập bảng | F29: Trưởng Khoa
B33: ĐD. Phan Văn Hiếu | F33: ThS. Bs. CKII. Nguyễn Lê Hoan
