Workbook

Sheet phauthuat
A1: BV TRƯỜNG ĐHYD CẦN THƠ
A2: KHOA NGOẠI CTCH - TK
A3: BẢNG KÊ TIỀN PHẪU THUẬT
A4: (THÁNG 9/2025)
A6: STT | B6: Ngày | C6: Họ Tên | D6: Nam | E6: Nữ | F6: Phương pháp phẫu thuật | G6: Loại PT | H6: Giá Phẫu thuật thực tính | I6: PTV chính | J6: Số tiền | K6: Phụ mổ 1 | L6: Số tiền | M6: Phụ mổ 2 | N6: Số tiền | O6: Phụ mổ 3 | P6: Số tiền | Q6: ĐD + HL | R6: Thực lãnh
A7: 1 | B7: 18/8/2025 | C7: Trần Văn Thậm | D7: 67 | F7: Cắt lọc, đặt VAC | G7: TT2 | H7: 2128200 | I7: ĐIỀN | J7: =R7-L7-N7-P7-Q7 -> 223461 | K7: HÀO | L7: =IF(K7="-",0,H7*0.03) -> 63846 | M7: PHONG | N7: =IF(M7="-",0,H7*0.02) -> 42564 | O7: KIỆT | P7: =IF(O7="-",0,H7*0.01) -> 21282 | Q7: =H7*0.005 -> 10641 | R7: =IF(I7="V.Tân",H7*0.1375,IF(I7="nguyện",H7*0.1375,IF(I7="TOẢN",H7*0.1375,H7*0.17))) -> 361794
A8: 2 | B8: 19/8/2025 | C8: Nguyễn Thị Nhung | E8: 52 | F8: Cắt lọc | G8: TT2 | H8: 2127400 | I8: ĐIỀN | J8: =R8-L8-N8-P8-Q8 -> 223377 | K8: LỢI | L8: =IF(K8="-",0,H8*0.03) -> 63822 | M8: HÀO | N8: =IF(M8="-",0,H8*0.02) -> 42548 | O8: VINH | P8: =IF(O8="-",0,H8*0.01) -> 21274 | Q8: =H8*0.005 -> 10637 | R8: =IF(I8="V.Tân",H8*0.1375,IF(I8="nguyện",H8*0.1375,IF(I8="TOẢN",H8*0.1375,H8*0.17))) -> 361658
A9: 3 | B9: 21/8/2025 | C9: Huỳnh Thị Mum | E9: 69 | F9: Cắt lọc hoại tử ổ loét vết thương mạn tính | G9: TT2 | H9: 2128200 | I9: ĐIỀN | J9: =R9-L9-N9-P9-Q9 -> 244743 | K9: Q.TẤN | L9: =IF(K9="-",0,H9*0.03) -> 63846 | M9: THANH | N9: =IF(M9="-",0,H9*0.02) -> 42564 | O9: - | P9: =IF(O9="-",0,H9*0.01) -> 0 | Q9: =H9*0.005 -> 10641 | R9: =IF(I9="V.Tân",H9*0.1375,IF(I9="nguyện",H9*0.1375,IF(I9="TOẢN",H9*0.1375,H9*0.17))) -> 361794
A10: 4 | B10: 22/8/2025 | C10: Trần Văn Thậm | D10: 67 | F10: Cắt lọc hoại tử ổ loét vết thương mạn tính | G10: TT2 | H10: 2128200 | I10: ĐIỀN | J10: =R10-L10-N10-P10-Q10 -> 223461 | K10: ĐAN | L10: =IF(K10="-",0,H10*0.03) -> 63846 | M10: KIỆT | N10: =IF(M10="-",0,H10*0.02) -> 42564 | O10: PHONG | P10: =IF(O10="-",0,H10*0.01) -> 21282 | Q10: =H10*0.005 -> 10641 | R10: =IF(I10="V.Tân",H10*0.1375,IF(I10="nguyện",H10*0.1375,IF(I10="TOẢN",H10*0.1375,H10*0.17))) -> 361794
A11: 5 | B11: 23/8/2024 | C11: Nguyễn Thành Trung | D11: 47 | F11: PT KHX mác đơn thuần | G11: TP | H11: 5000000 | I11: TOẢN | J11: =R11-L11-N11-P11-Q11 -> 362500 | K11: NGUYỆN | L11: =IF(K11="-",0,H11*0.03) -> 150000 | M11: KIỆT | N11: =IF(M11="-",0,H11*0.02) -> 100000 | O11: PHONG | P11: =IF(O11="-",0,H11*0.01) -> 50000 | Q11: =H11*0.005 -> 25000 | R11: =IF(I11="V.Tân",H11*0.1375,IF(I11="nguyện",H11*0.1375,IF(I11="TOẢN",H11*0.1375,H11*0.17))) -> 687500
A12: 6 | B12: 24/8/2025 | C12: Nguyễn Thị Nhung | E12: 52 | F12: Cắt lọc ổ loét, khâu kín | G12: TT2 | H12: 3128200 | I12: ĐIỀN | J12: =R12-L12-N12-P12-Q12 -> 328461 | K12: Q.TẤN | L12: =IF(K12="-",0,H12*0.03) -> 93846 | M12: THANH | N12: =IF(M12="-",0,H12*0.02) -> 62564 | O12: ĐAN | P12: =IF(O12="-",0,H12*0.01) -> 31282 | Q12: =H12*0.005 -> 15641 | R12: =IF(I12="V.Tân",H12*0.1375,IF(I12="nguyện",H12*0.1375,IF(I12="TOẢN",H12*0.1375,H12*0.17))) -> 531794
A13: 7 | B13: 25/8/2025 | C13: Huỳnh Thị Mum | E13: 69 | F13: Cắt lọc ổ loét, khâu kín | G13: TT2 | H13: 2127400 | I13: ĐIỀN | J13: =R13-L13-N13-P13-Q13 -> 244651 | K13: NGUYỆN | L13: =IF(K13="-",0,H13*0.03) -> 63822 | M13: KIỆT | N13: =IF(M13="-",0,H13*0.02) -> 42548 | O13: - | P13: =IF(O13="-",0,H13*0.01) -> 0 | Q13: =H13*0.005 -> 10637 | R13: =IF(I13="V.Tân",H13*0.1375,IF(I13="nguyện",H13*0.1375,IF(I13="TOẢN",H13*0.1375,H13*0.17))) -> 361658
A14: 8 | B14: 27/8/2025 | C14: Trần Văn Thậm | D14: 61 | F14: PT vá da diện tích >10cm | G14: TT1 | H14: 1300900 | I14: ĐIỀN | J14: =R14-L14-N14-P14-Q14 -> 136594.5 | K14: ĐAN | L14: =IF(K14="-",0,H14*0.03) -> 39027 | M14: LỢI | N14: =IF(M14="-",0,H14*0.02) -> 26018 | O14: KIỆT | P14: =IF(O14="-",0,H14*0.01) -> 13009 | Q14: =H14*0.005 -> 6504.5 | R14: =IF(I14="V.Tân",H14*0.1375,IF(I14="nguyện",H14*0.1375,IF(I14="TOẢN",H14*0.1375,H14*0.17))) -> 221153
A15: 9 | B15: 27/8/2025 | C15: Nguyễn Đình Long | D15: 70 | F15: Cố định cột sống | G15: TTDB | H15: 4201900 | I15: HOAN | J15: =R15-L15-N15-P15-Q15 -> 441199.5 | K15: NGUYỆN | L15: =IF(K15="-",0,H15*0.03) -> 126057 | M15: Q.TẤN | N15: =IF(M15="-",0,H15*0.02) -> 84038 | O15: KIỆT | P15: =IF(O15="-",0,H15*0.01) -> 42019 | Q15: =H15*0.005 -> 21009.5 | R15: =IF(I15="V.Tân",H15*0.1375,IF(I15="nguyện",H15*0.1375,IF(I15="TOẢN",H15*0.1375,H15*0.17))) -> 714323
A16: 10 | B16: 27/8/2025 | C16: Văng Tấn Hạnh | D16: 70 | F16: Cố định cột sống | G16: TTDB | H16: 4201900 | I16: HOAN | J16: =R16-L16-N16-P16-Q16 -> 483218.5 | K16: NGUYỆN | L16: =IF(K16="-",0,H16*0.03) -> 126057 | M16: ĐIỀN | N16: =IF(M16="-",0,H16*0.02) -> 84038 | O16: - | P16: =IF(O16="-",0,H16*0.01) -> 0 | Q16: =H16*0.005 -> 21009.5 | R16: =IF(I16="V.Tân",H16*0.1375,IF(I16="nguyện",H16*0.1375,IF(I16="TOẢN",H16*0.1375,H16*0.17))) -> 714323
A17: 11 | B17: 28/8/2025 | C17: Phùng Thế Thiện | D17: 31 | F17: KHX trên màn hình tăng sáng | G17: TP | H17: 9972000 | I17: NGUYỆN | J17: =R17-L17-N17-P17-Q17 -> 722970 | K17: ĐIỀN | L17: =IF(K17="-",0,H17*0.03) -> 299160 | M17: V.TÂN | N17: =IF(M17="-",0,H17*0.02) -> 199440 | O17: VINH | P17: =IF(O17="-",0,H17*0.01) -> 99720 | Q17: =H17*0.005 -> 49860 | R17: =IF(I17="V.Tân",H17*0.1375,IF(I17="nguyện",H17*0.1375,IF(I17="TOẢN",H17*0.1375,H17*0.17))) -> 1371150
A18: 12 | B18: 28/8/2025 | C18: Huỳnh Văn Nu | D18: 89 | F18: PT thay khớp háng bán phần | G18: TT1 | H18: 3897500 | I18: HOAN | J18: =R18-L18-N18-P18-Q18 -> 409237.5 | K18: V.TÂN | L18: =IF(K18="-",0,H18*0.03) -> 116925 | M18: VINH | N18: =IF(M18="-",0,H18*0.02) -> 77950 | O18: THANH | P18: =IF(O18="-",0,H18*0.01) -> 38975 | Q18: =H18*0.005 -> 19487.5 | R18: =IF(I18="V.Tân",H18*0.1375,IF(I18="nguyện",H18*0.1375,IF(I18="TOẢN",H18*0.1375,H18*0.17))) -> 662575
A19: 13 | B19: 29/8/2025 | C19: Lê Hồng Quang | D19: 76 | F19: PT làm mỏm cụt ngón và đốt bàn ngón | G19: TT2 | H19: 1773300 | I19: V.TÂN | J19: =R19-L19-N19-P19-Q19 -> 128564.25 | K19: HẬU | L19: =IF(K19="-",0,H19*0.03) -> 53199 | M19: PHONG | N19: =IF(M19="-",0,H19*0.02) -> 35466 | O19: NGUYÊN | P19: =IF(O19="-",0,H19*0.01) -> 17733 | Q19: =H19*0.005 -> 8866.5 | R19: =IF(I19="V.Tân",H19*0.1375,IF(I19="nguyện",H19*0.1375,IF(I19="TOẢN",H19*0.1375,H19*0.17))) -> 243828.75
A20: 14 | B20: 29/8/2025 | C20: Huỳnh Thị Mum | E20: 69 | F20: PT vá da diện tích >10cm | G20: TT1 | H20: 1300900 | I20: ĐIỀN | J20: =R20-L20-N20-P20-Q20 -> 149603.5 | K20: ĐAN | L20: =IF(K20="-",0,H20*0.03) -> 39027 | M20: KIỆT | N20: =IF(M20="-",0,H20*0.02) -> 26018 | O20: - | P20: =IF(O20="-",0,H20*0.01) -> 0 | Q20: =H20*0.005 -> 6504.5 | R20: =IF(I20="V.Tân",H20*0.1375,IF(I20="nguyện",H20*0.1375,IF(I20="TOẢN",H20*0.1375,H20*0.17))) -> 221153
A21: 15 | B21: 29/8/2025 | C21: Hun Rany | D21: 37 | F21: PT thoát vị đĩa đệm | G21: TP | H21: 7000000 | I21: HOAN | J21: =R21-L21-N21-P21-Q21 -> 735000 | K21: NGUYỆN | L21: =IF(K21="-",0,H21*0.03) -> 210000 | M21: NGUYÊN | N21: =IF(M21="-",0,H21*0.02) -> 140000 | O21: HẬU | P21: =IF(O21="-",0,H21*0.01) -> 70000 | Q21: =H21*0.005 -> 35000 | R21: =IF(I21="V.Tân",H21*0.1375,IF(I21="nguyện",H21*0.1375,IF(I21="TOẢN",H21*0.1375,H21*0.17))) -> 1190000
A22: 16 | B22: 29/8/2025 | C22: Nguyễn Thanh Giàu | D22: 40 | F22: Cắt lọc hoại tử ổ loét vết thương mạn tính | G22: TP | H22: 4221000 | I22: TOẢN | J22: =R22-L22-N22-P22-Q22 -> 348232.5 | K22: Q.TẤN | L22: =IF(K22="-",0,H22*0.03) -> 126630 | M22: THANH | N22: =IF(M22="-",0,H22*0.02) -> 84420 | O22: - | P22: =IF(O22="-",0,H22*0.01) -> 0 | Q22: =H22*0.005 -> 21105 | R22: =IF(I22="V.Tân",H22*0.1375,IF(I22="nguyện",H22*0.1375,IF(I22="TOẢN",H22*0.1375,H22*0.17))) -> 580387.5
A23: 17 | B23: 30/8/2025 | C23: Trần Thị Ánh | E23: 74 | F23: KHX trên màn hình tăng sáng | G23: TTDB | H23: 4497500 | I23: V.TÂN | J23: =R23-L23-N23-P23-Q23 -> 326068.75 | K23: NGUYÊN | L23: =IF(K23="-",0,H23*0.03) -> 134925 | M23: HẬU | N23: =IF(M23="-",0,H23*0.02) -> 89950 | O23: PHONG | P23: =IF(O23="-",0,H23*0.01) -> 44975 | Q23: =H23*0.005 -> 22487.5 | R23: =IF(I23="V.Tân",H23*0.1375,IF(I23="nguyện",H23*0.1375,IF(I23="TOẢN",H23*0.1375,H23*0.17))) -> 618406.25
A24: 18 | B24: 02/9/2025 | C24: Nguyễn Văn Đức | D24: 35 | F24: PT vết thương phần mềm đơn giản | G24: TT2 | H24: 1233000 | I24: TOẢN | J24: =R24-L24-N24-P24-Q24 -> 89392.5 | K24: VINH | L24: =IF(K24="-",0,H24*0.03) -> 36990 | M24: HÀO | N24: =IF(M24="-",0,H24*0.02) -> 24660 | O24: LỢI | P24: =IF(O24="-",0,H24*0.01) -> 12330 | Q24: =H24*0.005 -> 6165 | R24: =IF(I24="V.Tân",H24*0.1375,IF(I24="nguyện",H24*0.1375,IF(I24="TOẢN",H24*0.1375,H24*0.17))) -> 169537.5
A25: 19 | B25: 03/9/2025 | C25: Võ Thành Nguyên | D25: 75 | F25: KHX trên màn hình tăng sáng | G25: TTDB | H25: 4497500 | I25: NGUYỆN | J25: =R25-L25-N25-P25-Q25 -> 326068.75 | K25: TOẢN | L25: =IF(K25="-",0,H25*0.03) -> 134925 | M25: ĐIỀN | N25: =IF(M25="-",0,H25*0.02) -> 89950 | O25: Q.TẤN | P25: =IF(O25="-",0,H25*0.01) -> 44975 | Q25: =H25*0.005 -> 22487.5 | R25: =IF(I25="V.Tân",H25*0.1375,IF(I25="nguyện",H25*0.1375,IF(I25="TOẢN",H25*0.1375,H25*0.17))) -> 618406.25
A26: 20 | B26: 05/9/2025 | C26: Trịnh Văn Đủ | D26: 68 | F26: Cắt lọc hoại tử ổ loét vết thương mạn tính | G26: TT2 | H26: 2128200 | I26: V.TÂN | J26: =R26-L26-N26-P26-Q26 -> 154294.5 | K26: TOẢN | L26: =IF(K26="-",0,H26*0.03) -> 63846 | M26: HÀO | N26: =IF(M26="-",0,H26*0.02) -> 42564 | O26: VINH | P26: =IF(O26="-",0,H26*0.01) -> 21282 | Q26: =H26*0.005 -> 10641 | R26: =IF(I26="V.Tân",H26*0.1375,IF(I26="nguyện",H26*0.1375,IF(I26="TOẢN",H26*0.1375,H26*0.17))) -> 292627.5
A27: 21 | B27: 05/9/2025 | C27: Trần Văn Đức | D27: 46 | F27: Cắt lọc hoại tử ổ loét vết thương mạn tính | G27: TT2 | H27: 2128200 | I27: TOẢN | J27: =R27-L27-N27-P27-Q27 -> 154294.5 | K27: HẬU | L27: =IF(K27="-",0,H27*0.03) -> 63846 | M27: LỢI | N27: =IF(M27="-",0,H27*0.02) -> 42564 | O27: HÀO | P27: =IF(O27="-",0,H27*0.01) -> 21282 | Q27: =H27*0.005 -> 10641 | R27: =IF(I27="V.Tân",H27*0.1375,IF(I27="nguyện",H27*0.1375,IF(I27="TOẢN",H27*0.1375,H27*0.17))) -> 292627.5
A28: 22 | B28: 05/9/2025 | C28: Huỳnh Mỹ Huệ | E28: 68 | F28: PT giải phóng chèn ép thần kinh ngoại biên | G28: TT1 | H28: 2301200 | I28: TOẢN | J28: =R28-L28-N28-P28-Q28 -> 166837 | K28: VINH | L28: =IF(K28="-",0,H28*0.03) -> 69036 | M28: HẬU | N28: =IF(M28="-",0,H28*0.02) -> 46024 | O28: LỢI | P28: =IF(O28="-",0,H28*0.01) -> 23012 | Q28: =H28*0.005 -> 11506 | R28: =IF(I28="V.Tân",H28*0.1375,IF(I28="nguyện",H28*0.1375,IF(I28="TOẢN",H28*0.1375,H28*0.17))) -> 316415
A29: 23 | B29: 05/9/2025 | C29: Phan Thị Bê | E29: 85 | F29: PT thay khớp háng bán phần | G29: TT1 | H29: 3897500 | I29: NGUYỆN | J29: =R29-L29-N29-P29-Q29 -> 282568.75 | K29: TOẢN | L29: =IF(K29="-",0,H29*0.03) -> 116925 | M29: VINH | N29: =IF(M29="-",0,H29*0.02) -> 77950 | O29: LỢI | P29: =IF(O29="-",0,H29*0.01) -> 38975 | Q29: =H29*0.005 -> 19487.5 | R29: =IF(I29="V.Tân",H29*0.1375,IF(I29="nguyện",H29*0.1375,IF(I29="TOẢN",H29*0.1375,H29*0.17))) -> 535906.25
A30: 24 | B30: 05/9/2025 | C30: Nguyễn Kim Hoàng | E30: 70 | F30: Thay toàn bộ khớp háng | G30: TTDB | H30: 3525500 | I30: NGUYỆN | J30: =R30-L30-N30-P30-Q30 -> 255598.75 | K30: TOẢN | L30: =IF(K30="-",0,H30*0.03) -> 105765 | M30: VINH | N30: =IF(M30="-",0,H30*0.02) -> 70510 | O30: HÀO | P30: =IF(O30="-",0,H30*0.01) -> 35255 | Q30: =H30*0.005 -> 17627.5 | R30: =IF(I30="V.Tân",H30*0.1375,IF(I30="nguyện",H30*0.1375,IF(I30="TOẢN",H30*0.1375,H30*0.17))) -> 484756.25
A31: 25 | B31: 07/9/2025 | C31: Hồ Nguyễn Tâm Anh | E31: 19 | F31: PT vết thương phần mềm đơn giản | G31: TT2 | H31: 1233000 | I31: V.TÂN | J31: =R31-L31-N31-P31-Q31 -> 126382.5 | K31: THANH | L31: =IF(K31="-",0,H31*0.03) -> 36990 | M31: - | N31: =IF(M31="-",0,H31*0.02) -> 0 | O31: - | P31: =IF(O31="-",0,H31*0.01) -> 0 | Q31: =H31*0.005 -> 6165 | R31: =IF(I31="V.Tân",H31*0.1375,IF(I31="nguyện",H31*0.1375,IF(I31="TOẢN",H31*0.1375,H31*0.17))) -> 169537.5
A32: 26 | B32: 08/9/2025 | C32: Lê Diễm Phương | E32: 32 | F32: KHX trên màn hình tăng sáng | G32: TTDB | H32: 4497500 | I32: NGUYỆN | J32: =R32-L32-N32-P32-Q32 -> 326068.75 | K32: Q.TẤN | L32: =IF(K32="-",0,H32*0.03) -> 134925 | M32: NGUYÊN | N32: =IF(M32="-",0,H32*0.02) -> 89950 | O32: PHONG | P32: =IF(O32="-",0,H32*0.01) -> 44975 | Q32: =H32*0.005 -> 22487.5 | R32: =IF(I32="V.Tân",H32*0.1375,IF(I32="nguyện",H32*0.1375,IF(I32="TOẢN",H32*0.1375,H32*0.17))) -> 618406.25
A33: 27 | B33: 08/9/2025 | C33: Nguyễn Thanh Giàu | D33: 40 | F33: PT vá da diện tích > 10cm2 | G33: TP | H33: 5265000 | I33: TOẢN | J33: =R33-L33-N33-P33-Q33 -> 381712.5 | K33: LỢI | L33: =IF(K33="-",0,H33*0.03) -> 157950 | M33: VINH | N33: =IF(M33="-",0,H33*0.02) -> 105300 | O33: HÀO | P33: =IF(O33="-",0,H33*0.01) -> 52650 | Q33: =H33*0.005 -> 26325 | R33: =IF(I33="V.Tân",H33*0.1375,IF(I33="nguyện",H33*0.1375,IF(I33="TOẢN",H33*0.1375,H33*0.17))) -> 723937.5
A34: 28 | B34: 08/9/2025 | C34: Nguyễn Ái Duy | D34: 22 | F34: KHX trên màn hình tăng sáng | G34: TTDB | H34: 4497500 | I34: HOAN | J34: =R34-L34-N34-P34-Q34 -> 472237.5 | K34: NGUYỆN | L34: =IF(K34="-",0,H34*0.03) -> 134925 | M34: VINH | N34: =IF(M34="-",0,H34*0.02) -> 89950 | O34: HÀO | P34: =IF(O34="-",0,H34*0.01) -> 44975 | Q34: =H34*0.005 -> 22487.5 | R34: =IF(I34="V.Tân",H34*0.1375,IF(I34="nguyện",H34*0.1375,IF(I34="TOẢN",H34*0.1375,H34*0.17))) -> 764575
A35: 29 | B35: 09/9/2025 | C35: Phạm Thị Tuyết Trinh | E35: 30 | F35: PT đóng cứng khớp cổ chân | G35: TT1 | H35: 4724100 | I35: HOAN | J35: =R35-L35-N35-P35-Q35 -> 496030.5 | K35: TOẢN | L35: =IF(K35="-",0,H35*0.03) -> 141723 | M35: HÀO | N35: =IF(M35="-",0,H35*0.02) -> 94482 | O35: VINH | P35: =IF(O35="-",0,H35*0.01) -> 47241 | Q35: =H35*0.005 -> 23620.5 | R35: =IF(I35="V.Tân",H35*0.1375,IF(I35="nguyện",H35*0.1375,IF(I35="TOẢN",H35*0.1375,H35*0.17))) -> 803097
A36: 30 | B36: 09/9/2025 | C36: Lâm Văn Hùng | D36: 55 | F36: Thay toàn bộ khớp háng | G36: TTDB | H36: 3525500 | I36: TRIỀU | J36: =R36-L36-N36-P36-Q36 -> 370177.5 | K36: HOAN | L36: =IF(K36="-",0,H36*0.03) -> 105765 | M36: V.TÂN | N36: =IF(M36="-",0,H36*0.02) -> 70510 | O36: VINH | P36: =IF(O36="-",0,H36*0.01) -> 35255 | Q36: =H36*0.005 -> 17627.5 | R36: =IF(I36="V.Tân",H36*0.1375,IF(I36="nguyện",H36*0.1375,IF(I36="TOẢN",H36*0.1375,H36*0.17))) -> 599335
A37: 31 | B37: 09/9/2025 | C37: Nguyễn Văn Trường | D37: 68 | F37: Cố định cột sống | G37: TTDB | H37: 4201900 | I37: HOAN | J37: =R37-L37-N37-P37-Q37 -> 441199.5 | K37: NGUYỆN | L37: =IF(K37="-",0,H37*0.03) -> 126057 | M37: ĐIỀN | N37: =IF(M37="-",0,H37*0.02) -> 84038 | O37: HÀO | P37: =IF(O37="-",0,H37*0.01) -> 42019 | Q37: =H37*0.005 -> 21009.5 | R37: =IF(I37="V.Tân",H37*0.1375,IF(I37="nguyện",H37*0.1375,IF(I37="TOẢN",H37*0.1375,H37*0.17))) -> 714323
A38: 32 | B38: 09/9/2025 | C38: Âu Văn Hòa | D38: 47 | F38: Cắt u lành >10cm | G38: TT1 | H38: 1859300 | I38: V.TÂN | J38: =R38-L38-N38-P38-Q38 -> 153392.25 | K38: HẬU | L38: =IF(K38="-",0,H38*0.03) -> 55779 | M38: THANH | N38: =IF(M38="-",0,H38*0.02) -> 37186 | O38: - | P38: =IF(O38="-",0,H38*0.01) -> 0 | Q38: =H38*0.005 -> 9296.5 | R38: =IF(I38="V.Tân",H38*0.1375,IF(I38="nguyện",H38*0.1375,IF(I38="TOẢN",H38*0.1375,H38*0.17))) -> 255653.75
A39: 33 | B39: 09/9/2025 | C39: Lê Thị Luyến | E39: 33 | F39: Cắt u lành < 10cm | G39: TP | H39: 3000000 | I39: V.TÂN | J39: =R39-L39-N39-P39-Q39 -> 397500 | K39: - | L39: =IF(K39="-",0,H39*0.03) -> 0 | M39: - | N39: =IF(M39="-",0,H39*0.02) -> 0 | O39: - | P39: =IF(O39="-",0,H39*0.01) -> 0 | Q39: =H39*0.005 -> 15000 | R39: =IF(I39="V.Tân",H39*0.1375,IF(I39="nguyện",H39*0.1375,IF(I39="TOẢN",H39*0.1375,H39*0.17))) -> 412500
A40: 34 | B40: 10/9/2025 | C40: Nguyễn Hoàng mậu | D40: 64 | F40: PT tổn thương gân Achille | G40: TT1 | H40: 2697300 | I40: NGUYỆN | J40: =R40-L40-N40-P40-Q40 -> 195554.25 | K40: TOẢN | L40: =IF(K40="-",0,H40*0.03) -> 80919 | M40: NGUYÊN | N40: =IF(M40="-",0,H40*0.02) -> 53946 | O40: HẬU | P40: =IF(O40="-",0,H40*0.01) -> 26973 | Q40: =H40*0.005 -> 13486.5 | R40: =IF(I40="V.Tân",H40*0.1375,IF(I40="nguyện",H40*0.1375,IF(I40="TOẢN",H40*0.1375,H40*0.17))) -> 370878.75
A41: 35 | B41: 10/9/2025 | C41: Lâm Văn Thử | D41: 57 | F41: PT làm mỏm cụt ngón và đốt bàn ngón | G41: TT2 | H41: 1773300 | I41: TOẢN | J41: =R41-L41-N41-P41-Q41 -> 128564.25 | K41: VINH | L41: =IF(K41="-",0,H41*0.03) -> 53199 | M41: HÀO | N41: =IF(M41="-",0,H41*0.02) -> 35466 | O41: LỢI | P41: =IF(O41="-",0,H41*0.01) -> 17733 | Q41: =H41*0.005 -> 8866.5 | R41: =IF(I41="V.Tân",H41*0.1375,IF(I41="nguyện",H41*0.1375,IF(I41="TOẢN",H41*0.1375,H41*0.17))) -> 243828.75
A42: 36 | B42: 11/9/2025 | C42: Lê Hồng Quang | D42: 76 | F42: PT cắt cụt chi | G42: TT2 | H42: 1947600 | I42: V.TÂN | J42: =R42-L42-N42-P42-Q42 -> 141201 | K42: KIỆT | L42: =IF(K42="-",0,H42*0.03) -> 58428 | M42: PHONG | N42: =IF(M42="-",0,H42*0.02) -> 38952 | O42: NGUYÊN | P42: =IF(O42="-",0,H42*0.01) -> 19476 | Q42: =H42*0.005 -> 9738 | R42: =IF(I42="V.Tân",H42*0.1375,IF(I42="nguyện",H42*0.1375,IF(I42="TOẢN",H42*0.1375,H42*0.17))) -> 267795
A43: 37 | B43: 11/9/2025 | C43: Phan Văn Duyên | D43: 100 | F43: KHX trên màn hình tăng sáng | G43: TTDB | H43: 4497500 | I43: HOAN | J43: =R43-L43-N43-P43-Q43 -> 472237.5 | K43: V.TÂN | L43: =IF(K43="-",0,H43*0.03) -> 134925 | M43: NGUYÊN | N43: =IF(M43="-",0,H43*0.02) -> 89950 | O43: PHONG | P43: =IF(O43="-",0,H43*0.01) -> 44975 | Q43: =H43*0.005 -> 22487.5 | R43: =IF(I43="V.Tân",H43*0.1375,IF(I43="nguyện",H43*0.1375,IF(I43="TOẢN",H43*0.1375,H43*0.17))) -> 764575
A44: 38 | B44: 11/9/2025 | C44: Nguyễn Thị Tuyết Mai | E44: 70 | F44: KHX trên màn hình tăng sáng | G44: TTDB | H44: 4497500 | I44: V.TÂN | J44: =R44-L44-N44-P44-Q44 -> 326068.75 | K44: TUẤN | L44: =IF(K44="-",0,H44*0.03) -> 134925 | M44: HẬU | N44: =IF(M44="-",0,H44*0.02) -> 89950 | O44: THANH | P44: =IF(O44="-",0,H44*0.01) -> 44975 | Q44: =H44*0.005 -> 22487.5 | R44: =IF(I44="V.Tân",H44*0.1375,IF(I44="nguyện",H44*0.1375,IF(I44="TOẢN",H44*0.1375,H44*0.17))) -> 618406.25
A45: 39 | B45: 11/9/2025 | C45: Trần Hoàng Thanh | D45: 34 | F45: KHX trên màn hình tăng sáng | G45: TTDB | H45: 4497500 | I45: NGUYỆN | J45: =R45-L45-N45-P45-Q45 -> 326068.75 | K45: TOẢN | L45: =IF(K45="-",0,H45*0.03) -> 134925 | M45: Q.TẤN | N45: =IF(M45="-",0,H45*0.02) -> 89950 | O45: KIỆT | P45: =IF(O45="-",0,H45*0.01) -> 44975 | Q45: =H45*0.005 -> 22487.5 | R45: =IF(I45="V.Tân",H45*0.1375,IF(I45="nguyện",H45*0.1375,IF(I45="TOẢN",H45*0.1375,H45*0.17))) -> 618406.25
A46: 40 | B46: 11/9/2025 | C46: Phùng Thế Thiện | D46: 31 | F46: KHX trên màn hình tăng sáng | G46: TP | H46: 9972000 | I46: NGUYỆN | J46: =R46-L46-N46-P46-Q46 -> 722970 | K46: TOẢN | L46: =IF(K46="-",0,H46*0.03) -> 299160 | M46: Q.TẤN | N46: =IF(M46="-",0,H46*0.02) -> 199440 | O46: PHONG | P46: =IF(O46="-",0,H46*0.01) -> 99720 | Q46: =H46*0.005 -> 49860 | R46: =IF(I46="V.Tân",H46*0.1375,IF(I46="nguyện",H46*0.1375,IF(I46="TOẢN",H46*0.1375,H46*0.17))) -> 1371150
A47: 41 | B47: 12/9/2025 | C47: Lê Thị Sáu | E47: 72 | F47: Tạo hình thân đốt sống bằng bơm cement sinh học có bóng | G47: TTDB | H47: 4578000 | I47: NGUYỆN | J47: =R47-L47-N47-P47-Q47 -> 331905 | K47: TOẢN | L47: =IF(K47="-",0,H47*0.03) -> 137340 | M47: Q.TẤN | N47: =IF(M47="-",0,H47*0.02) -> 91560 | O47: VINH | P47: =IF(O47="-",0,H47*0.01) -> 45780 | Q47: =H47*0.005 -> 22890 | R47: =IF(I47="V.Tân",H47*0.1375,IF(I47="nguyện",H47*0.1375,IF(I47="TOẢN",H47*0.1375,H47*0.17))) -> 629475
A48: 42 | B48: 12/9/2025 | C48: Lê Minh Thùy Trang | E48: 44 | F48: PTNS cắt sụn chêm | G48: TT1 | H48: 3397500 | I48: TOẢN | J48: =R48-L48-N48-P48-Q48 -> 450168.75 | K48: - | L48: =IF(K48="-",0,H48*0.03) -> 0 | M48: - | N48: =IF(M48="-",0,H48*0.02) -> 0 | O48: - | P48: =IF(O48="-",0,H48*0.01) -> 0 | Q48: =H48*0.005 -> 16987.5 | R48: =IF(I48="V.Tân",H48*0.1375,IF(I48="nguyện",H48*0.1375,IF(I48="TOẢN",H48*0.1375,H48*0.17))) -> 467156.25
A49: 43 | B49: 12/9/2025 | C49: NGUYỄN TRẦN MINH ANH | E49: 1 | F49: Cắt ngón tay thừa | G49: TP | H49: 6000000 | I49: HOAN | J49: =R49-L49-N49-P49-Q49 -> 630000 | K49: TOẢN | L49: =IF(K49="-",0,H49*0.03) -> 180000 | M49: HÀO | N49: =IF(M49="-",0,H49*0.02) -> 120000 | O49: VINH | P49: =IF(O49="-",0,H49*0.01) -> 60000 | Q49: =H49*0.005 -> 30000 | R49: =IF(I49="V.Tân",H49*0.1375,IF(I49="nguyện",H49*0.1375,IF(I49="TOẢN",H49*0.1375,H49*0.17))) -> 1020000
A50: 44 | B50: 12/9/2025 | C50: Trần Hữu Nghị | D50: 40 | F50: PTNS khâu chóp xoay | G50: TTDB | H50: 5397500 | I50: TOẢN | J50: =R50-L50-N50-P50-Q50 -> 391318.75 | K50: VINH | L50: =IF(K50="-",0,H50*0.03) -> 161925 | M50: LỢI | N50: =IF(M50="-",0,H50*0.02) -> 107950 | O50: KIỆT | P50: =IF(O50="-",0,H50*0.01) -> 53975 | Q50: =H50*0.005 -> 26987.5 | R50: =IF(I50="V.Tân",H50*0.1375,IF(I50="nguyện",H50*0.1375,IF(I50="TOẢN",H50*0.1375,H50*0.17))) -> 742156.25
A51: 45 | B51: 12/9/2025 | C51: Nguyễn Văn Beo | D51: 72 | F51: PT cắt cụt chi | G51: TT2 | H51: 1947100 | I51: HOAN | J51: =R51-L51-N51-P51-Q51 -> 204445.5 | K51: HÀO | L51: =IF(K51="-",0,H51*0.03) -> 58413 | M51: VINH | N51: =IF(M51="-",0,H51*0.02) -> 38942 | O51: LỢI | P51: =IF(O51="-",0,H51*0.01) -> 19471 | Q51: =H51*0.005 -> 9735.5 | R51: =IF(I51="V.Tân",H51*0.1375,IF(I51="nguyện",H51*0.1375,IF(I51="TOẢN",H51*0.1375,H51*0.17))) -> 331007
A52: 46 | B52: 13/9/2025 | C52: Nguyễn Thị Yến | E52: 72 | F52: PT thay toàn bộ khớp háng | G52: TTDB | H52: 3525500 | I52: HOAN | J52: =R52-L52-N52-P52-Q52 -> 370177.5 | K52: ĐIỀN | L52: =IF(K52="-",0,H52*0.03) -> 105765 | M52: LỢI | N52: =IF(M52="-",0,H52*0.02) -> 70510 | O52: THANH | P52: =IF(O52="-",0,H52*0.01) -> 35255 | Q52: =H52*0.005 -> 17627.5 | R52: =IF(I52="V.Tân",H52*0.1375,IF(I52="nguyện",H52*0.1375,IF(I52="TOẢN",H52*0.1375,H52*0.17))) -> 599335
A53: 47 | B53: 13/9/2025 | C53: Trần Thảo Vy | E53: 15 | F53: Cắt u xương | G53: TT2 | H53: 2496100 | I53: ĐIỀN | J53: =R53-L53-N53-P53-Q53 -> 287051.5 | K53: THANH | L53: =IF(K53="-",0,H53*0.03) -> 74883 | M53: LỢI | N53: =IF(M53="-",0,H53*0.02) -> 49922 | O53: - | P53: =IF(O53="-",0,H53*0.01) -> 0 | Q53: =H53*0.005 -> 12480.5 | R53: =IF(I53="V.Tân",H53*0.1375,IF(I53="nguyện",H53*0.1375,IF(I53="TOẢN",H53*0.1375,H53*0.17))) -> 424337
A54: 48 | B54: 15/9/2025 | C54: Trần Văn Cáo | D54: 63 | F54: Cố định cột sống | G54: TTDB | H54: 4201900 | I54: HOAN | J54: =R54-L54-N54-P54-Q54 -> 441199.5 | K54: NGUYỆN | L54: =IF(K54="-",0,H54*0.03) -> 126057 | M54: TUẤN | N54: =IF(M54="-",0,H54*0.02) -> 84038 | O54: NGHIÊM | P54: =IF(O54="-",0,H54*0.01) -> 42019 | Q54: =H54*0.005 -> 21009.5 | R54: =IF(I54="V.Tân",H54*0.1375,IF(I54="nguyện",H54*0.1375,IF(I54="TOẢN",H54*0.1375,H54*0.17))) -> 714323
A55: 49 | B55: 15/9/2025 | C55: Nguyễn Thị Xương | E55: 60 | F55: Cố định cột sống | G55: TTDB | H55: 4201900 | I55: HOAN | J55: =R55-L55-N55-P55-Q55 -> 441199.5 | K55: NGUYỆN | L55: =IF(K55="-",0,H55*0.03) -> 126057 | M55: TUẤN | N55: =IF(M55="-",0,H55*0.02) -> 84038 | O55: CÔNG | P55: =IF(O55="-",0,H55*0.01) -> 42019 | Q55: =H55*0.005 -> 21009.5 | R55: =IF(I55="V.Tân",H55*0.1375,IF(I55="nguyện",H55*0.1375,IF(I55="TOẢN",H55*0.1375,H55*0.17))) -> 714323
A56: 50 | B56: 16/9/2025 | C56: Hồ Thị Hiền | E56: 54 | F56: Cắt lọc hoại tử ổ loét vết thương mạn tính | G56: TT2 | H56: 2127400 | I56: ĐIỀN | J56: =R56-L56-N56-P56-Q56 -> 223377 | K56: THIỆN | L56: =IF(K56="-",0,H56*0.03) -> 63822 | M56: CÔNG | N56: =IF(M56="-",0,H56*0.02) -> 42548 | O56: KIỆT | P56: =IF(O56="-",0,H56*0.01) -> 21274 | Q56: =H56*0.005 -> 10637 | R56: =IF(I56="V.Tân",H56*0.1375,IF(I56="nguyện",H56*0.1375,IF(I56="TOẢN",H56*0.1375,H56*0.17))) -> 361658
A57: 51 | B57: 16/9/2025 | C57: Nguyễn Thị Bé | E57: 84 | F57: Thay khớp háng bán phần | G57: TT1 | H57: 3897500 | I57: NGUYỆN | J57: =R57-L57-N57-P57-Q57 -> 282568.75 | K57: TOẢN | L57: =IF(K57="-",0,H57*0.03) -> 116925 | M57: TUẤN | N57: =IF(M57="-",0,H57*0.02) -> 77950 | O57: LINH | P57: =IF(O57="-",0,H57*0.01) -> 38975 | Q57: =H57*0.005 -> 19487.5 | R57: =IF(I57="V.Tân",H57*0.1375,IF(I57="nguyện",H57*0.1375,IF(I57="TOẢN",H57*0.1375,H57*0.17))) -> 535906.25
A58: 52 | B58: 16/9/2025 | C58: Trần Văn Năm | D58: 36 | F58: Lấy dụng cụ | G58: TT2 | H58: 2559100 | I58: V.TÂN | J58: =R58-L58-N58-P58-Q58 -> 185534.75 | K58: VINH | L58: =IF(K58="-",0,H58*0.03) -> 76773 | M58: LỢI | N58: =IF(M58="-",0,H58*0.02) -> 51182 | O58: KIỆT | P58: =IF(O58="-",0,H58*0.01) -> 25591 | Q58: =H58*0.005 -> 12795.5 | R58: =IF(I58="V.Tân",H58*0.1375,IF(I58="nguyện",H58*0.1375,IF(I58="TOẢN",H58*0.1375,H58*0.17))) -> 351876.25
A59: 53 | B59: 16/9/2025 | C59: Long VIBOL | D59: 43 | F59: Lấy nhân đệm qua da | G59: TP | H59: 8993000 | I59: THUYẾT | J59: =R59-L59-N59-P59-Q59 -> 1483845 | K59: - | L59: =IF(K59="-",0,H59*0.03) -> 0 | M59: - | N59: =IF(M59="-",0,H59*0.02) -> 0 | O59: - | P59: =IF(O59="-",0,H59*0.01) -> 0 | Q59: =H59*0.005 -> 44965 | R59: =IF(I59="V.Tân",H59*0.1375,IF(I59="nguyện",H59*0.1375,IF(I59="TOẢN",H59*0.1375,H59*0.17))) -> 1528810
A60: 54 | B60: 17/9/2025 | C60: Nguyễn Văn Tấn | D60: 59 | F60: PT thay toàn bộ khớp háng | G60: TTDB | H60: 3525500 | I60: TRIỀU | J60: =R60-L60-N60-P60-Q60 -> 370177.5 | K60: HOAN | L60: =IF(K60="-",0,H60*0.03) -> 105765 | M60: ĐỨC | N60: =IF(M60="-",0,H60*0.02) -> 70510 | O60: LINH | P60: =IF(O60="-",0,H60*0.01) -> 35255 | Q60: =H60*0.005 -> 17627.5 | R60: =IF(I60="V.Tân",H60*0.1375,IF(I60="nguyện",H60*0.1375,IF(I60="TOẢN",H60*0.1375,H60*0.17))) -> 599335
A61: 55 | B61: 17/9/2025 | C61: Lương Thu Vân | E61: 74 | F61: PT thay toàn bộ khớp gối | G61: TTDB | H61: 3525500 | I61: TẤN | J61: =R61-L61-N61-P61-Q61 -> 405432.5 | K61: HOAN | L61: =IF(K61="-",0,H61*0.03) -> 105765 | M61: NGUYỆN | N61: =IF(M61="-",0,H61*0.02) -> 70510 | O61: - | P61: =IF(O61="-",0,H61*0.01) -> 0 | Q61: =H61*0.005 -> 17627.5 | R61: =IF(I61="V.Tân",H61*0.1375,IF(I61="nguyện",H61*0.1375,IF(I61="TOẢN",H61*0.1375,H61*0.17))) -> 599335
A62: 56 | B62: 17/9/2025 | C62: Lưu Thị Xiếm Em | E62: 48 | F62: Rút đinh, tháo phẫu thuật KHX | G62: TT2 | H62: 2559100 | I62: V.TÂN | J62: =R62-L62-N62-P62-Q62 -> 185534.75 | K62: CÔNG | L62: =IF(K62="-",0,H62*0.03) -> 76773 | M62: THIỆN | N62: =IF(M62="-",0,H62*0.02) -> 51182 | O62: KIỆT | P62: =IF(O62="-",0,H62*0.01) -> 25591 | Q62: =H62*0.005 -> 12795.5 | R62: =IF(I62="V.Tân",H62*0.1375,IF(I62="nguyện",H62*0.1375,IF(I62="TOẢN",H62*0.1375,H62*0.17))) -> 351876.25
A63: 57 | B63: 18/9/2025 | C63: Lê Thị Hoàng Anh | E63: 33 | F63: PT KHX gãy đầu dưới xương quay | G63: TP | H63: 6000000 | I63: V.TÂN | J63: =R63-L63-N63-P63-Q63 -> 435000 | K63: TUẤN | L63: =IF(K63="-",0,H63*0.03) -> 180000 | M63: ĐIỀN | N63: =IF(M63="-",0,H63*0.02) -> 120000 | O63: THIỆN | P63: =IF(O63="-",0,H63*0.01) -> 60000 | Q63: =H63*0.005 -> 30000 | R63: =IF(I63="V.Tân",H63*0.1375,IF(I63="nguyện",H63*0.1375,IF(I63="TOẢN",H63*0.1375,H63*0.17))) -> 825000
A64: 58 | B64: 19/9/2025 | C64: Nguyễn Thị Do | E64: 77 | F64: Thay khớp háng bán phần | G64: TT1 | H64: 3897500 | I64: HOAN | J64: =R64-L64-N64-P64-Q64 -> 409237.5 | K64: NGUYỆN | L64: =IF(K64="-",0,H64*0.03) -> 116925 | M64: TOẢN | N64: =IF(M64="-",0,H64*0.02) -> 77950 | O64: LINH | P64: =IF(O64="-",0,H64*0.01) -> 38975 | Q64: =H64*0.005 -> 19487.5 | R64: =IF(I64="V.Tân",H64*0.1375,IF(I64="nguyện",H64*0.1375,IF(I64="TOẢN",H64*0.1375,H64*0.17))) -> 662575
A65: 59 | B65: 19/9/2025 | C65: Nguyễn Minh Tuấn | D65: 41 | F65: Lấy dụng cụ | G65: TT2 | H65: 2559100 | I65: V.TÂN | J65: =R65-L65-N65-P65-Q65 -> 211125.75 | K65: NGHIÊM | L65: =IF(K65="-",0,H65*0.03) -> 76773 | M65: KIỆT | N65: =IF(M65="-",0,H65*0.02) -> 51182 | O65: - | P65: =IF(O65="-",0,H65*0.01) -> 0 | Q65: =H65*0.005 -> 12795.5 | R65: =IF(I65="V.Tân",H65*0.1375,IF(I65="nguyện",H65*0.1375,IF(I65="TOẢN",H65*0.1375,H65*0.17))) -> 351876.25
A66: 60 | B66: 19/9/2025 | C66: Dương Thị Đành | F66: PT thay toàn bộ khớp gối | G66: TTDB | H66: 3525500 | I66: HOAN | J66: =R66-L66-N66-P66-Q66 -> 370177.5 | K66: NGUYỆN | L66: =IF(K66="-",0,H66*0.03) -> 105765 | M66: TUẤN | N66: =IF(M66="-",0,H66*0.02) -> 70510 | O66: THIỆN | P66: =IF(O66="-",0,H66*0.01) -> 35255 | Q66: =H66*0.005 -> 17627.5 | R66: =IF(I66="V.Tân",H66*0.1375,IF(I66="nguyện",H66*0.1375,IF(I66="TOẢN",H66*0.1375,H66*0.17))) -> 599335
A67: 61 | B67: 21/9/2025 | C67: Biện Văn Khải | D67: 74 | F67: PT làm mỏm cụt ngón và đốt bàn ngón | G67: TT2 | H67: 1773300 | I67: ĐIỀN | J67: =R67-L67-N67-P67-Q67 -> 203929.5 | K67: THIỆN | L67: =IF(K67="-",0,H67*0.03) -> 53199 | M67: PHONG | N67: =IF(M67="-",0,H67*0.02) -> 35466 | O67: - | P67: =IF(O67="-",0,H67*0.01) -> 0 | Q67: =H67*0.005 -> 8866.5 | R67: =IF(I67="V.Tân",H67*0.1375,IF(I67="nguyện",H67*0.1375,IF(I67="TOẢN",H67*0.1375,H67*0.17))) -> 301461
A68: 62 | B68: 22/9/2025 | C68: Mai Lý Như Ngọc | E68: 22 | F68: PT KHX trên màn hình tăng sáng | G68: TTDB | H68: 4497500 | I68: HOAN | J68: =R68-L68-N68-P68-Q68 -> 472237.5 | K68: TUẤN | L68: =IF(K68="-",0,H68*0.03) -> 134925 | M68: ĐỨC | N68: =IF(M68="-",0,H68*0.02) -> 89950 | O68: PHONG | P68: =IF(O68="-",0,H68*0.01) -> 44975 | Q68: =H68*0.005 -> 22487.5 | R68: =IF(I68="V.Tân",H68*0.1375,IF(I68="nguyện",H68*0.1375,IF(I68="TOẢN",H68*0.1375,H68*0.17))) -> 764575
A69: 63 | B69: 22/9/2025 | C69: Từ Thị Quyên | E69: 72 | F69: PT thay toàn bộ khớp háng (T) | G69: TTDB | H69: 3525500 | I69: HOAN | J69: =R69-L69-N69-P69-Q69 -> 370177.5 | K69: NGUYỆN | L69: =IF(K69="-",0,H69*0.03) -> 105765 | M69: TUẤN | N69: =IF(M69="-",0,H69*0.02) -> 70510 | O69: PHONG | P69: =IF(O69="-",0,H69*0.01) -> 35255 | Q69: =H69*0.005 -> 17627.5 | R69: =IF(I69="V.Tân",H69*0.1375,IF(I69="nguyện",H69*0.1375,IF(I69="TOẢN",H69*0.1375,H69*0.17))) -> 599335
A70: 64 | B70: 22/9/2025 | C70: Hồ Thị Hiền | E70: 51 | F70: Cắt lọc hoại tử ổ loét vết thương mạn tính | G70: TT2 | H70: 2127400 | I70: ĐIỀN | J70: =R70-L70-N70-P70-Q70 -> 244651 | K70: THIỆN | L70: =IF(K70="-",0,H70*0.03) -> 63822 | M70: THANH | N70: =IF(M70="-",0,H70*0.02) -> 42548 | O70: - | P70: =IF(O70="-",0,H70*0.01) -> 0 | Q70: =H70*0.005 -> 10637 | R70: =IF(I70="V.Tân",H70*0.1375,IF(I70="nguyện",H70*0.1375,IF(I70="TOẢN",H70*0.1375,H70*0.17))) -> 361658
A71: 65 | B71: 22/9/2025 | C71: Đinh Văn Đang | D71: 62 | F71: PT làm mỏm cụt ngón và đốt bàn ngón | G71: TP | H71: 4267000 | I71: TOẢN | J71: =R71-L71-N71-P71-Q71 -> 309357.5 | K71: ĐỨC | L71: =IF(K71="-",0,H71*0.03) -> 128010 | M71: LINH | N71: =IF(M71="-",0,H71*0.02) -> 85340 | O71: LỢI | P71: =IF(O71="-",0,H71*0.01) -> 42670 | Q71: =H71*0.005 -> 21335 | R71: =IF(I71="V.Tân",H71*0.1375,IF(I71="nguyện",H71*0.1375,IF(I71="TOẢN",H71*0.1375,H71*0.17))) -> 586712.5
A72: 66 | B72: 23/9/2025 | C72: Lê Thị Cẩm Duyên | E72: 21 | F72: Lấy dụng cụ | G72: TT2 | H72: 2559100 | I72: TOẢN | J72: =R72-L72-N72-P72-Q72 -> 211125.75 | K72: CÔNG | L72: =IF(K72="-",0,H72*0.03) -> 76773 | M72: THIỆN | N72: =IF(M72="-",0,H72*0.02) -> 51182 | O72: - | P72: =IF(O72="-",0,H72*0.01) -> 0 | Q72: =H72*0.005 -> 12795.5 | R72: =IF(I72="V.Tân",H72*0.1375,IF(I72="nguyện",H72*0.1375,IF(I72="TOẢN",H72*0.1375,H72*0.17))) -> 351876.25
A73: 67 | B73: 23/9/2025 | C73: Nguyễn Văn Vũ | D73: 40 | F73: Mở cung sau cột sống ngực | G73: TP | H73: 7728000 | I73: HOAN | J73: =R73-L73-N73-P73-Q73 -> 811440 | K73: NGUYỆN | L73: =IF(K73="-",0,H73*0.03) -> 231840 | M73: TUẤN | N73: =IF(M73="-",0,H73*0.02) -> 154560 | O73: CÔNG | P73: =IF(O73="-",0,H73*0.01) -> 77280 | Q73: =H73*0.005 -> 38640 | R73: =IF(I73="V.Tân",H73*0.1375,IF(I73="nguyện",H73*0.1375,IF(I73="TOẢN",H73*0.1375,H73*0.17))) -> 1313760
A74: 68 | B74: 23/9/2025 | C74: Nguyễn Thị Mỹ Huyền | E74: 31 | F74: KHX trên màn hình tăng sáng | G74: TTDB | H74: 4497500 | I74: V.TÂN | J74: =R74-L74-N74-P74-Q74 -> 326068.75 | K74: TUẤN | L74: =IF(K74="-",0,H74*0.03) -> 134925 | M74: KIỆT | N74: =IF(M74="-",0,H74*0.02) -> 89950 | O74: PHONG | P74: =IF(O74="-",0,H74*0.01) -> 44975 | Q74: =H74*0.005 -> 22487.5 | R74: =IF(I74="V.Tân",H74*0.1375,IF(I74="nguyện",H74*0.1375,IF(I74="TOẢN",H74*0.1375,H74*0.17))) -> 618406.25
A75: 69 | B75: 23/9/2025 | C75: NGUYỄN THỊ HỒNG NHAN | E75: 45 | F75: KHX trên màn hình tăng sáng | G75: TTDB | H75: 4497500 | I75: ĐIỀN | J75: =R75-L75-N75-P75-Q75 -> 472237.5 | K75: TUẤN | L75: =IF(K75="-",0,H75*0.03) -> 134925 | M75: THIỆN | N75: =IF(M75="-",0,H75*0.02) -> 89950 | O75: PHONG | P75: =IF(O75="-",0,H75*0.01) -> 44975 | Q75: =H75*0.005 -> 22487.5 | R75: =IF(I75="V.Tân",H75*0.1375,IF(I75="nguyện",H75*0.1375,IF(I75="TOẢN",H75*0.1375,H75*0.17))) -> 764575
A76: 70 | B76: 23/9/2025 | C76: Dương Thị Thơ | E76: 85 | F76: Cắt lọc hoại tử ổ loét vết thương mạn tính | G76: TT2 | H76: 2127400 | I76: V.TÂN | J76: =R76-L76-N76-P76-Q76 -> 281880.5 | K76: - | L76: =IF(K76="-",0,H76*0.03) -> 0 | M76: - | N76: =IF(M76="-",0,H76*0.02) -> 0 | O76: - | P76: =IF(O76="-",0,H76*0.01) -> 0 | Q76: =H76*0.005 -> 10637 | R76: =IF(I76="V.Tân",H76*0.1375,IF(I76="nguyện",H76*0.1375,IF(I76="TOẢN",H76*0.1375,H76*0.17))) -> 292517.5
A77: 71 | B77: 23/9/2025 | C77: Lê Thị Mận | E77: 74 | F77: Cắt lọc hoại tử ổ loét vết thương mạn tính | G77: TT2 | H77: 2127400 | I77: V.TÂN | J77: =R77-L77-N77-P77-Q77 -> 281880.5 | K77: - | L77: =IF(K77="-",0,H77*0.03) -> 0 | M77: - | N77: =IF(M77="-",0,H77*0.02) -> 0 | O77: - | P77: =IF(O77="-",0,H77*0.01) -> 0 | Q77: =H77*0.005 -> 10637 | R77: =IF(I77="V.Tân",H77*0.1375,IF(I77="nguyện",H77*0.1375,IF(I77="TOẢN",H77*0.1375,H77*0.17))) -> 292517.5
A78: 72 | B78: 24/9/2025 | C78: Phạm Nguyễn Quốc Toại | D78: 37 | F78: KHX trên màn hình tăng sáng | G78: TTDB | H78: 4497500 | I78: TOẢN | J78: =R78-L78-N78-P78-Q78 -> 326068.75 | K78: TUẤN | L78: =IF(K78="-",0,H78*0.03) -> 134925 | M78: NGHIÊM | N78: =IF(M78="-",0,H78*0.02) -> 89950 | O78: KIỆT | P78: =IF(O78="-",0,H78*0.01) -> 44975 | Q78: =H78*0.005 -> 22487.5 | R78: =IF(I78="V.Tân",H78*0.1375,IF(I78="nguyện",H78*0.1375,IF(I78="TOẢN",H78*0.1375,H78*0.17))) -> 618406.25
A79: 73 | B79: 24/9/2025 | C79: Phùng Tuấn Kiệt | D79: 18 | F79: NS tái tạo dây chằng | G79: TTDB | H79: 3405500 | I79: TOẢN | J79: =R79-L79-N79-P79-Q79 -> 246898.75 | K79: TUẤN | L79: =IF(K79="-",0,H79*0.03) -> 102165 | M79: LINH | N79: =IF(M79="-",0,H79*0.02) -> 68110 | O79: NGHIÊM | P79: =IF(O79="-",0,H79*0.01) -> 34055 | Q79: =H79*0.005 -> 17027.5 | R79: =IF(I79="V.Tân",H79*0.1375,IF(I79="nguyện",H79*0.1375,IF(I79="TOẢN",H79*0.1375,H79*0.17))) -> 468256.25
A80: 74 | B80: 24/9/2025 | C80: Nguyễn Thị Đèo | E80: 65 | F80: Cố định cột sống | G80: TTDB | H80: 4201900 | I80: HOAN | J80: =R80-L80-N80-P80-Q80 -> 441199.5 | K80: NGUYỆN | L80: =IF(K80="-",0,H80*0.03) -> 126057 | M80: TUẤN | N80: =IF(M80="-",0,H80*0.02) -> 84038 | O80: LINH | P80: =IF(O80="-",0,H80*0.01) -> 42019 | Q80: =H80*0.005 -> 21009.5 | R80: =IF(I80="V.Tân",H80*0.1375,IF(I80="nguyện",H80*0.1375,IF(I80="TOẢN",H80*0.1375,H80*0.17))) -> 714323
A81: 75 | B81: 25/9/2025 | C81: Bùi Văn Điệp | D81: 74 | F81: PT thay toàn bộ khớp gối | G81: TTDB | H81: 3525500 | I81: HOAN | J81: =R81-L81-N81-P81-Q81 -> 370177.5 | K81: NGUYỆN | L81: =IF(K81="-",0,H81*0.03) -> 105765 | M81: TUẤN | N81: =IF(M81="-",0,H81*0.02) -> 70510 | O81: LINH | P81: =IF(O81="-",0,H81*0.01) -> 35255 | Q81: =H81*0.005 -> 17627.5 | R81: =IF(I81="V.Tân",H81*0.1375,IF(I81="nguyện",H81*0.1375,IF(I81="TOẢN",H81*0.1375,H81*0.17))) -> 599335
A82: 76 | B82: 27/9/2025 | C82: Trịnh Minh Khang | D82: 18 | F82: PT KHX trên màn hình tăng sáng | G82: TTDB | H82: 4497500 | I82: V.TÂN | J82: =R82-L82-N82-P82-Q82 -> 371043.75 | K82: PHONG | L82: =IF(K82="-",0,H82*0.03) -> 134925 | M82: ĐỨC | N82: =IF(M82="-",0,H82*0.02) -> 89950 | O82: - | P82: =IF(O82="-",0,H82*0.01) -> 0 | Q82: =H82*0.005 -> 22487.5 | R82: =IF(I82="V.Tân",H82*0.1375,IF(I82="nguyện",H82*0.1375,IF(I82="TOẢN",H82*0.1375,H82*0.17))) -> 618406.25
C83: TỔNG CỘNG | H83: =SUBTOTAL(9,H7:H82) -> 282302300 | J83: =SUBTOTAL(9,J7:J82) -> 26487614 | L83: =SUBTOTAL(9,L7:L82) -> 7879710 | N83: =SUBTOTAL(9,N7:N82) -> 5228480 | P83: =SUBTOTAL(9,P7:P82) -> 2260473 | Q83: =SUBTOTAL(9,Q7:Q82) -> 1411511.5 | R83: =SUBTOTAL(9,R7:R82) -> 43267789
N84: Cần Thơ, ngày 21 tháng 10 năm 2025
B85: Lập bảng | N85: Trưởng khoa
B89: Phan Văn Hiếu | N89: ThS. Bs.CKII. Nguyễn Lê Hoan

Sheet lanh tien PT
A1: BV TRƯỜNG ĐHYD CẦN THƠ
A2: KHOA NGOẠI CTCH-TK
B3: DANH SÁCH LÃNH TIỀN THÙ LAO THÁNG 9/2025
C4: (Phẫu thuật)
A6: STT | B6: HỌ TÊN | C6: chức vụ | D6: SỐ TIỀN | E6: KÝ NHẬN
A7: 1 | B7: Phạm Việt Triều | C7: Bác sĩ | D7: =SUM(SUMIF(phauthuat!$I$7:$I$85,"TRIỀU",phauthuat!$J$7:$J$85),SUMIF(phauthuat!$K$7:$K$85,"TRIỀU",phauthuat!$L$7:$L$85),SUMIF(phauthuat!$M$7:$M$85,"TRIỀU",phauthuat!$N$7:$N$85),SUMIF(phauthuat!$O$7:$O$85,"TRIỀU",phauthuat!$P$7:$P$85)) -> 740355
A8: 2 | B8: Nguyễn Thành Tấn | C8: Bác sĩ | D8: =SUM(SUMIF(phauthuat!$I$7:$I$85,"TẤN",phauthuat!$J$7:$J$85),SUMIF(phauthuat!$K$7:$K$85,"TẤN",phauthuat!$L$7:$L$85),SUMIF(phauthuat!$M$7:$M$85,"TẤN",phauthuat!$N$7:$N$85),SUMIF(phauthuat!$O$7:$O$85,"TẤN",phauthuat!$P$7:$P$85)) -> 405432.5
A9: 3 | B9: Nguyễn Lê Hoan | C9: Bác sĩ | D9: =SUM(SUMIF(phauthuat!$I$7:$I$85,"HOAN",phauthuat!$J$7:$J$85),SUMIF(phauthuat!$K$7:$K$85,"HOAN",phauthuat!$L$7:$L$85),SUMIF(phauthuat!$M$7:$M$85,"HOAN",phauthuat!$N$7:$N$85),SUMIF(phauthuat!$O$7:$O$85,"Hoan",phauthuat!$P$7:$P$85)) -> 9599324.5
A10: 4 | B10: Nguyễn Chí Nguyện | C10: Bác sĩ | D10: =SUM(SUMIF(phauthuat!$I$7:$I$85,"NGUYỆN",phauthuat!$J$7:$J$85),SUMIF(phauthuat!$K$7:$K$85,"NGUYỆN",phauthuat!$L$7:$L$85),SUMIF(phauthuat!$M$7:$M$85,"NGUYỆN",phauthuat!$N$7:$N$85),SUMIF(phauthuat!$O$7:$O$85,"NGUYỆN",phauthuat!$P$7:$P$85)) -> 5824000.8
A11: 5 | B11: Hồ Điền | C11: Bác sĩ | D11: =SUM(SUMIF(phauthuat!$I$7:$I$85,"ĐIỀN",phauthuat!$J$7:$J$85),SUMIF(phauthuat!$K$7:$K$85,"ĐIỀN",phauthuat!$L$7:$L$85),SUMIF(phauthuat!$M$7:$M$85,"ĐIỀN",phauthuat!$N$7:$N$85),SUMIF(phauthuat!$O$7:$O$85,"ĐIỀN",phauthuat!$P$7:$P$85)) -> 3988549.5
A12: 6 | B12: Trần Quốc Toản | C12: Bác sĩ | D12: =SUM(SUMIF(phauthuat!$I$7:$I$85,"TOẢN",phauthuat!$J$7:$J$85),SUMIF(phauthuat!$K$7:$K$85,"TOẢN",phauthuat!$L$7:$L$85),SUMIF(phauthuat!$M$7:$M$85,"TOẢN",phauthuat!$N$7:$N$85),SUMIF(phauthuat!$O$7:$O$85,"TOẢN",phauthuat!$P$7:$P$85)) -> 5156874.5
A13: 7 | B13: Phạm Việt Tân | C13: Bác sĩ | D13: =SUM(SUMIF(phauthuat!$I$7:$I$85,"V.TÂN",phauthuat!$J$7:$J$85),SUMIF(phauthuat!$K$7:$K$85,"V.TÂN",phauthuat!$L$7:$L$85),SUMIF(phauthuat!$M$7:$M$85,"V.TÂN",phauthuat!$N$7:$N$85),SUMIF(phauthuat!$O$7:$O$85,"V.TÂN",phauthuat!$P$7:$P$85)) -> 4553340.8
A14: 8 | B14: Phan Văn Tuấn | C14: Bác sĩ | D14: =SUM(SUMIF(phauthuat!$I$7:$I$85,"TUẤN",phauthuat!$J$7:$J$85),SUMIF(phauthuat!$K$7:$K$85,"TUẤN",phauthuat!$L$7:$L$85),SUMIF(phauthuat!$M$7:$M$85,"TUẤN",phauthuat!$N$7:$N$85),SUMIF(phauthuat!$O$7:$O$85,"TUẤN",phauthuat!$P$7:$P$85)) -> 1652944
A15: 9 | B15: Nguyễn Hữu Thuyết | C15: Bác sĩ | D15: =SUM(SUMIF(phauthuat!$I$7:$I$85,"thuyết",phauthuat!$J$7:$J$85),SUMIF(phauthuat!$K$7:$K$85,"thuyết",phauthuat!$L$7:$L$85),SUMIF(phauthuat!$M$7:$M$85,"thuyết",phauthuat!$N$7:$N$85),SUMIF(phauthuat!$O$7:$O$85,"thuyết",phauthuat!$P$7:$P$85)) -> 1483845
A16: 10 | B16: Điều Tấn Kiệt | C16: Bác sĩ (nt) | D16: =SUM(SUMIF(phauthuat!$I$7:$I$85,"kiệt",phauthuat!$J$7:$J$85),SUMIF(phauthuat!$K$7:$K$85,"kiệt",phauthuat!$L$7:$L$85),SUMIF(phauthuat!$M$7:$M$85,"kiệt",phauthuat!$N$7:$N$85),SUMIF(phauthuat!$O$7:$O$85,"kiệt",phauthuat!$P$7:$P$85)) -> 703381
A17: 11 | B17: Nguyễn Lê Duy Phong | C17: Bác sĩ (nt) | D17: =SUM(SUMIF(phauthuat!$I$7:$I$85,"phong",phauthuat!$J$7:$J$85),SUMIF(phauthuat!$K$7:$K$85,"phong",phauthuat!$L$7:$L$85),SUMIF(phauthuat!$M$7:$M$85,"phong",phauthuat!$N$7:$N$85),SUMIF(phauthuat!$O$7:$O$85,"phong",phauthuat!$P$7:$P$85)) -> 763480
A18: 12 | B18: Trương Đại Lợi | C18: Bác sĩ (nt) | D18: =SUM(SUMIF(phauthuat!$I$7:$I$85,"lợi",phauthuat!$J$7:$J$85),SUMIF(phauthuat!$K$7:$K$85,"lợi",phauthuat!$L$7:$L$85),SUMIF(phauthuat!$M$7:$M$85,"lợi",phauthuat!$N$7:$N$85),SUMIF(phauthuat!$O$7:$O$85,"lợi",phauthuat!$P$7:$P$85)) -> 724109
A19: 13 | B19: Nguyễn Chí Thanh | C19: Bác sĩ (nt) | D19: =SUM(SUMIF(phauthuat!$I$7:$I$85,"thanh",phauthuat!$J$7:$J$85),SUMIF(phauthuat!$K$7:$K$85,"thanh",phauthuat!$L$7:$L$85),SUMIF(phauthuat!$M$7:$M$85,"thanh",phauthuat!$N$7:$N$85),SUMIF(phauthuat!$O$7:$O$85,"thanh",phauthuat!$P$7:$P$85)) -> 500360
A20: 14 | B20: Nguyễn Trần Khánh Đan | C20: Bác sĩ (nt) | D20: =SUM(SUMIF(phauthuat!$I$7:$I$85,"ĐAN",phauthuat!$J$7:$J$85),SUMIF(phauthuat!$K$7:$K$85,"ĐAN",phauthuat!$L$7:$L$85),SUMIF(phauthuat!$M$7:$M$85,"ĐAN",phauthuat!$N$7:$N$85),SUMIF(phauthuat!$O$7:$O$85,"ĐAN",phauthuat!$P$7:$P$85)) -> 173182
A21: 15 | B21: Phạm Công Hậu | C21: Bác sĩ (nt) | D21: =SUM(SUMIF(phauthuat!$I$7:$I$85,"HẬU",phauthuat!$J$7:$J$85),SUMIF(phauthuat!$K$7:$K$85,"HẬU",phauthuat!$L$7:$L$85),SUMIF(phauthuat!$M$7:$M$85,"HẬU",phauthuat!$N$7:$N$85),SUMIF(phauthuat!$O$7:$O$85,"HẬU",phauthuat!$P$7:$P$85)) -> 495721
A22: 16 | B22: Trang Gia Vinh | C22: Bác sĩ (nt) | D22: =SUM(SUMIF(phauthuat!$I$7:$I$85,"VINH",phauthuat!$J$7:$J$85),SUMIF(phauthuat!$K$7:$K$85,"VINH",phauthuat!$L$7:$L$85),SUMIF(phauthuat!$M$7:$M$85,"VINH",phauthuat!$N$7:$N$85),SUMIF(phauthuat!$O$7:$O$85,"VINH",phauthuat!$P$7:$P$85)) -> 1189077
A23: 17 | B23: Bùi Quan Tấn | C23: Bác sĩ (nt) | D23: =SUM(SUMIF(phauthuat!$I$7:$I$85,"Q.TẤN",phauthuat!$J$7:$J$85),SUMIF(phauthuat!$K$7:$K$85,"Q.TẤN",phauthuat!$L$7:$L$85),SUMIF(phauthuat!$M$7:$M$85,"Q.TẤN",phauthuat!$N$7:$N$85),SUMIF(phauthuat!$O$7:$O$85,"Q.TẤN",phauthuat!$P$7:$P$85)) -> 929210
A24: 18 | B24: Tào Nhật Hào | C24: Bác sĩ (nt) | D24: =SUM(SUMIF(phauthuat!$I$7:$I$85,"HÀO",phauthuat!$J$7:$J$85),SUMIF(phauthuat!$K$7:$K$85,"HÀO",phauthuat!$L$7:$L$85),SUMIF(phauthuat!$M$7:$M$85,"HÀO",phauthuat!$N$7:$N$85),SUMIF(phauthuat!$O$7:$O$85,"HÀO",phauthuat!$P$7:$P$85)) -> 678160
A25: 19 | B25: Huỳnh Phúc Nguyên | C25: Bác sĩ (nt) | D25: =SUM(SUMIF(phauthuat!$I$7:$I$85,"NGUYÊN",phauthuat!$J$7:$J$85),SUMIF(phauthuat!$K$7:$K$85,"NGUYÊN",phauthuat!$L$7:$L$85),SUMIF(phauthuat!$M$7:$M$85,"NGUYÊN",phauthuat!$N$7:$N$85),SUMIF(phauthuat!$O$7:$O$85,"NGUYÊN",phauthuat!$P$7:$P$85)) -> 545980
A26: 20 | B26: Nguyễn Văn Nghiêm | C26: Bác sĩ (nt) | D26: =SUM(SUMIF(phauthuat!$I$7:$I$85,"NGHIÊM",phauthuat!$J$7:$J$85),SUMIF(phauthuat!$K$7:$K$85,"NGHIÊM",phauthuat!$L$7:$L$85),SUMIF(phauthuat!$M$7:$M$85,"NGHIÊM",phauthuat!$N$7:$N$85),SUMIF(phauthuat!$O$7:$O$85,"NGHIÊM",phauthuat!$P$7:$P$85)) -> 242797
A27: 21 | B27: Đỗ Thành Công | C27: Bác sĩ (nt) | D27: =SUM(SUMIF(phauthuat!$I$7:$I$85,"CÔNG",phauthuat!$J$7:$J$85),SUMIF(phauthuat!$K$7:$K$85,"CÔNG",phauthuat!$L$7:$L$85),SUMIF(phauthuat!$M$7:$M$85,"CÔNG",phauthuat!$N$7:$N$85),SUMIF(phauthuat!$O$7:$O$85,"CÔNG",phauthuat!$P$7:$P$85)) -> 315393
A28: 22 | B28: Võ Ngọc Thiện | C28: Bác sĩ (nt) | D28: =SUM(SUMIF(phauthuat!$I$7:$I$85,"THIỆN",phauthuat!$J$7:$J$85),SUMIF(phauthuat!$K$7:$K$85,"THIỆN",phauthuat!$L$7:$L$85),SUMIF(phauthuat!$M$7:$M$85,"THIỆN",phauthuat!$N$7:$N$85),SUMIF(phauthuat!$O$7:$O$85,"THIỆN",phauthuat!$P$7:$P$85)) -> 468412
A29: 23 | B29: Nguyễn Hoài Linh | C29: Bác sĩ (nt) | D29: =SUM(SUMIF(phauthuat!$I$7:$I$85,"LINH",phauthuat!$J$7:$J$85),SUMIF(phauthuat!$K$7:$K$85,"LINH",phauthuat!$L$7:$L$85),SUMIF(phauthuat!$M$7:$M$85,"LINH",phauthuat!$N$7:$N$85),SUMIF(phauthuat!$O$7:$O$85,"LINH",phauthuat!$P$7:$P$85)) -> 343929
A30: 24 | B30: Nguyễn Hoài Đức | C30: Bác sĩ (nt) | D30: =SUM(SUMIF(phauthuat!$I$7:$I$85,"ĐỨC",phauthuat!$J$7:$J$85),SUMIF(phauthuat!$K$7:$K$85,"ĐỨC",phauthuat!$L$7:$L$85),SUMIF(phauthuat!$M$7:$M$85,"ĐỨC",phauthuat!$N$7:$N$85),SUMIF(phauthuat!$O$7:$O$85,"ĐỨC",phauthuat!$P$7:$P$85)) -> 378420
A31: 25 | B31: Phan Văn Hiếu | C31: Điều dưỡng | D31: =phauthuat!Q83/9 -> 156834.61
A32: 26 | B32: Võ Thị Yến Nhi | C32: Điều dưỡng | D32: =D31 -> 156834.61
A33: 27 | B33: Võ Phương Duy | C33: Điều dưỡng | D33: =D32 -> 156834.61
A34: 28 | B34: Nguyễn Kim Ngân | C34: Điều dưỡng | D34: =D33 -> 156834.61
A35: 29 | B35: Lê Ngọc Diệu | C35: Điều dưỡng | D35: =D34 -> 156834.61
A36: 30 | B36: Trần Quỳnh Minh Thư | C36: Điều dưỡng | D36: =D35 -> 156834.61
A37: 31 | B37: Lê Thị Tuyết Đoan | C37: Điều dưỡng | D37: -
A38: 32 | B38: Thạch Thị Thúy Đa | C38: Điều dưỡng | D38: =D36 -> 156834.61
A39: 33 | B39: Lê Kim Hoàn | C39: Điều dưỡng | D39: =D38 -> 156834.61
A40: 34 | B40: Nguyễn Lê Duy Anh | C40: Điều dưỡng | D40: =D39 -> 156834.61
B41: TỔNG CỘNG | D41: =SUM(D7:D40) -> 43267789
D43: Cần Thơ, ngày 21 tháng 10 năm 2025
A44: Người lập bảng | D44: Trưởng khoa

Sheet phauthuat_BHYT
A1: BV TRƯỜNG ĐHYD CẦN THƠ
A2: KHOA NGOẠI CTCH-TK
B3: BẢNG KÊ TIỀN PHẪU THUẬT BHYT
A4: (THÁNG 9/2025)
A7: STT | B7: Ngày | C7: Họ và tên | D7: Nam | E7: Nữ | F7: Phương pháp phẫu thuật | G7: loại pt - đối tượng | H7: PTV chính | I7: Số tiền | J7: Phụ mổ 1 | K7: Số tiền | L7: Phụ mổ 2 | M7: Số tiền | N7: Tổng số tiền được lãnh sau trừ khấu hao
A8: 1 | B8: 27/8/2025 | C8: Trần Văn Thậm | D8: 61 | F8: PT vá da diện tích >10cm | G8: TT1 | H8: ĐIỀN | I8: =IF(G8="DTDB",420000,IF(G8="TTDB",420000,IF(G8="DT1",187500,IF(G8="TT1",187500,IF(G8="DT2",97500,IF(G8="TT2",97500,IF(G8="DT3",75000,75000))))))) -> 187500 | J8: ĐAN | K8: =IF(G8="DTDB",300000,IF(G8="TTDB",300000,IF(G8="DT1",135000,IF(G8="TT1",135000,IF(G8="DT2",75000,IF(G8="TT2",75000,IF(G8="DT3",45000,45000))))))) -> 135000 | L8: LỢI | M8: =IF(L8="-",0,IF(G8="DTDB",300000,IF(G8="TTDB",300000,IF(G8="DT1",135000,IF(G8="TT1",135000,IF(G8="DT2",75000,IF(G8="TT2",75000,IF(G8="DT3",45000,45000)))))))) -> 135000 | N8: =I8+K8+M8 -> 457500
A9: 2 | B9: 27/8/2025 | C9: Nguyễn Đình Long | D9: 70 | F9: Cố định cột sống | G9: TTDB | H9: HOAN | I9: =IF(G9="DTDB",420000,IF(G9="TTDB",420000,IF(G9="DT1",187500,IF(G9="TT1",187500,IF(G9="DT2",97500,IF(G9="TT2",97500,IF(G9="DT3",75000,75000))))))) -> 420000 | J9: NGUYỆN | K9: =IF(G9="DTDB",300000,IF(G9="TTDB",300000,IF(G9="DT1",135000,IF(G9="TT1",135000,IF(G9="DT2",75000,IF(G9="TT2",75000,IF(G9="DT3",45000,45000))))))) -> 300000 | L9: Q.TẤN | M9: =IF(L9="-",0,IF(G9="DTDB",300000,IF(G9="TTDB",300000,IF(G9="DT1",135000,IF(G9="TT1",135000,IF(G9="DT2",75000,IF(G9="TT2",75000,IF(G9="DT3",45000,45000)))))))) -> 300000 | N9: =I9+K9+M9 -> 1020000
A10: 3 | B10: 27/8/2025 | C10: Văng Tấn Hạnh | D10: 70 | F10: Cố định cột sống | G10: TTDB | H10: HOAN | I10: =IF(G10="DTDB",420000,IF(G10="TTDB",420000,IF(G10="DT1",187500,IF(G10="TT1",187500,IF(G10="DT2",97500,IF(G10="TT2",97500,IF(G10="DT3",75000,75000))))))) -> 420000 | J10: NGUYỆN | K10: =IF(G10="DTDB",300000,IF(G10="TTDB",300000,IF(G10="DT1",135000,IF(G10="TT1",135000,IF(G10="DT2",75000,IF(G10="TT2",75000,IF(G10="DT3",45000,45000))))))) -> 300000 | L10: ĐIỀN | M10: =IF(L10="-",0,IF(G10="DTDB",300000,IF(G10="TTDB",300000,IF(G10="DT1",135000,IF(G10="TT1",135000,IF(G10="DT2",75000,IF(G10="TT2",75000,IF(G10="DT3",45000,45000)))))))) -> 300000 | N10: =I10+K10+M10 -> 1020000
A11: 4 | B11: 28/8/2025 | C11: Huỳnh Văn Nu | D11: 89 | F11: PT thay khớp háng bán phần | G11: TT1 | H11: HOAN | I11: =IF(G11="DTDB",420000,IF(G11="TTDB",420000,IF(G11="DT1",187500,IF(G11="TT1",187500,IF(G11="DT2",97500,IF(G11="TT2",97500,IF(G11="DT3",75000,75000))))))) -> 187500 | J11: V.TÂN | K11: =IF(G11="DTDB",300000,IF(G11="TTDB",300000,IF(G11="DT1",135000,IF(G11="TT1",135000,IF(G11="DT2",75000,IF(G11="TT2",75000,IF(G11="DT3",45000,45000))))))) -> 135000 | L11: VINH | M11: =IF(L11="-",0,IF(G11="DTDB",300000,IF(G11="TTDB",300000,IF(G11="DT1",135000,IF(G11="TT1",135000,IF(G11="DT2",75000,IF(G11="TT2",75000,IF(G11="DT3",45000,45000)))))))) -> 135000 | N11: =I11+K11+M11 -> 457500
A12: 5 | B12: 28/8/2025 | C12: Ung Văn Đúa | D12: 69 | F12: KHX trên màn hình tăng sáng | G12: DTDB | H12: TOẢN | I12: =IF(G12="DTDB",420000,IF(G12="TTDB",420000,IF(G12="DT1",187500,IF(G12="TT1",187500,IF(G12="DT2",97500,IF(G12="TT2",97500,IF(G12="DT3",75000,75000))))))) -> 420000 | J12: ĐAN | K12: =IF(G12="DTDB",300000,IF(G12="TTDB",300000,IF(G12="DT1",135000,IF(G12="TT1",135000,IF(G12="DT2",75000,IF(G12="TT2",75000,IF(G12="DT3",45000,45000))))))) -> 300000 | L12: KIỆT | M12: =IF(L12="-",0,IF(G12="DTDB",300000,IF(G12="TTDB",300000,IF(G12="DT1",135000,IF(G12="TT1",135000,IF(G12="DT2",75000,IF(G12="TT2",75000,IF(G12="DT3",45000,45000)))))))) -> 300000 | N12: =I12+K12+M12 -> 1020000
A13: 6 | B13: 29/8/2025 | C13: Huỳnh Thị Mum | E13: 69 | F13: PT vá da diện tích >10cm | G13: TT1 | H13: ĐIỀN | I13: =IF(G13="DTDB",420000,IF(G13="TTDB",420000,IF(G13="DT1",187500,IF(G13="TT1",187500,IF(G13="DT2",97500,IF(G13="TT2",97500,IF(G13="DT3",75000,75000))))))) -> 187500 | J13: ĐAN | K13: =IF(G13="DTDB",300000,IF(G13="TTDB",300000,IF(G13="DT1",135000,IF(G13="TT1",135000,IF(G13="DT2",75000,IF(G13="TT2",75000,IF(G13="DT3",45000,45000))))))) -> 135000 | L13: KIỆT | M13: =IF(L13="-",0,IF(G13="DTDB",300000,IF(G13="TTDB",300000,IF(G13="DT1",135000,IF(G13="TT1",135000,IF(G13="DT2",75000,IF(G13="TT2",75000,IF(G13="DT3",45000,45000)))))))) -> 135000 | N13: =I13+K13+M13 -> 457500
A14: 7 | B14: 30/8/2025 | C14: Trần Thị Ánh | E14: 74 | F14: KHX trên màn hình tăng sáng | G14: TTDB | H14: V.TÂN | I14: =IF(G14="DTDB",420000,IF(G14="TTDB",420000,IF(G14="DT1",187500,IF(G14="TT1",187500,IF(G14="DT2",97500,IF(G14="TT2",97500,IF(G14="DT3",75000,75000))))))) -> 420000 | J14: NGUYÊN | K14: =IF(G14="DTDB",300000,IF(G14="TTDB",300000,IF(G14="DT1",135000,IF(G14="TT1",135000,IF(G14="DT2",75000,IF(G14="TT2",75000,IF(G14="DT3",45000,45000))))))) -> 300000 | L14: HẬU | M14: =IF(L14="-",0,IF(G14="DTDB",300000,IF(G14="TTDB",300000,IF(G14="DT1",135000,IF(G14="TT1",135000,IF(G14="DT2",75000,IF(G14="TT2",75000,IF(G14="DT3",45000,45000)))))))) -> 300000 | N14: =I14+K14+M14 -> 1020000
A15: 8 | B15: 01/9/2025 | C15: Nguyễn Văn Thạnh | D15: 95 | F15: KHX trên màn hình tăng sáng | G15: DTDB | H15: ĐIỀN | I15: =IF(G15="DTDB",420000,IF(G15="TTDB",420000,IF(G15="DT1",187500,IF(G15="TT1",187500,IF(G15="DT2",97500,IF(G15="TT2",97500,IF(G15="DT3",75000,75000))))))) -> 420000 | J15: NGUYỆN | K15: =IF(G15="DTDB",300000,IF(G15="TTDB",300000,IF(G15="DT1",135000,IF(G15="TT1",135000,IF(G15="DT2",75000,IF(G15="TT2",75000,IF(G15="DT3",45000,45000))))))) -> 300000 | L15: ĐAN | M15: =IF(L15="-",0,IF(G15="DTDB",300000,IF(G15="TTDB",300000,IF(G15="DT1",135000,IF(G15="TT1",135000,IF(G15="DT2",75000,IF(G15="TT2",75000,IF(G15="DT3",45000,45000)))))))) -> 300000 | N15: =I15+K15+M15 -> 1020000
A16: 9 | B16: 03/9/2025 | C16: Võ Thành Nguyên | D16: 75 | F16: KHX trên màn hình tăng sáng | G16: TTDB | H16: NGUYỆN | I16: =IF(G16="DTDB",420000,IF(G16="TTDB",420000,IF(G16="DT1",187500,IF(G16="TT1",187500,IF(G16="DT2",97500,IF(G16="TT2",97500,IF(G16="DT3",75000,75000))))))) -> 420000 | J16: TOẢN | K16: =IF(G16="DTDB",300000,IF(G16="TTDB",300000,IF(G16="DT1",135000,IF(G16="TT1",135000,IF(G16="DT2",75000,IF(G16="TT2",75000,IF(G16="DT3",45000,45000))))))) -> 300000 | L16: ĐIỀN | M16: =IF(L16="-",0,IF(G16="DTDB",300000,IF(G16="TTDB",300000,IF(G16="DT1",135000,IF(G16="TT1",135000,IF(G16="DT2",75000,IF(G16="TT2",75000,IF(G16="DT3",45000,45000)))))))) -> 300000 | N16: =I16+K16+M16 -> 1020000
A17: 10 | B17: 05/9/2025 | C17: Huỳnh Mỹ Huệ | E17: 68 | F17: PT giải phóng chèn ép thần kinh ngoại biên | G17: TT1 | H17: TOẢN | I17: =IF(G17="DTDB",420000,IF(G17="TTDB",420000,IF(G17="DT1",187500,IF(G17="TT1",187500,IF(G17="DT2",97500,IF(G17="TT2",97500,IF(G17="DT3",75000,75000))))))) -> 187500 | J17: VINH | K17: =IF(G17="DTDB",300000,IF(G17="TTDB",300000,IF(G17="DT1",135000,IF(G17="TT1",135000,IF(G17="DT2",75000,IF(G17="TT2",75000,IF(G17="DT3",45000,45000))))))) -> 135000 | L17: HẬU | M17: =IF(L17="-",0,IF(G17="DTDB",300000,IF(G17="TTDB",300000,IF(G17="DT1",135000,IF(G17="TT1",135000,IF(G17="DT2",75000,IF(G17="TT2",75000,IF(G17="DT3",45000,45000)))))))) -> 135000 | N17: =I17+K17+M17 -> 457500
A18: 11 | B18: 05/9/2025 | C18: Phan Thị Bê | E18: 85 | F18: PT thay khớp háng bán phần | G18: TT1 | H18: NGUYỆN | I18: =IF(G18="DTDB",420000,IF(G18="TTDB",420000,IF(G18="DT1",187500,IF(G18="TT1",187500,IF(G18="DT2",97500,IF(G18="TT2",97500,IF(G18="DT3",75000,75000))))))) -> 187500 | J18: TOẢN | K18: =IF(G18="DTDB",300000,IF(G18="TTDB",300000,IF(G18="DT1",135000,IF(G18="TT1",135000,IF(G18="DT2",75000,IF(G18="TT2",75000,IF(G18="DT3",45000,45000))))))) -> 135000 | L18: VINH | M18: =IF(L18="-",0,IF(G18="DTDB",300000,IF(G18="TTDB",300000,IF(G18="DT1",135000,IF(G18="TT1",135000,IF(G18="DT2",75000,IF(G18="TT2",75000,IF(G18="DT3",45000,45000)))))))) -> 135000 | N18: =I18+K18+M18 -> 457500
A19: 12 | B19: 05/9/2025 | C19: Nguyễn Kim Hoàng | E19: 70 | F19: Thay toàn bộ khớp háng | G19: TTDB | H19: NGUYỆN | I19: =IF(G19="DTDB",420000,IF(G19="TTDB",420000,IF(G19="DT1",187500,IF(G19="TT1",187500,IF(G19="DT2",97500,IF(G19="TT2",97500,IF(G19="DT3",75000,75000))))))) -> 420000 | J19: TOẢN | K19: =IF(G19="DTDB",300000,IF(G19="TTDB",300000,IF(G19="DT1",135000,IF(G19="TT1",135000,IF(G19="DT2",75000,IF(G19="TT2",75000,IF(G19="DT3",45000,45000))))))) -> 300000 | L19: VINH | M19: =IF(L19="-",0,IF(G19="DTDB",300000,IF(G19="TTDB",300000,IF(G19="DT1",135000,IF(G19="TT1",135000,IF(G19="DT2",75000,IF(G19="TT2",75000,IF(G19="DT3",45000,45000)))))))) -> 300000 | N19: =I19+K19+M19 -> 1020000
A20: 13 | B20: 08/9/2025 | C20: Lê Diễm Phương | E20: 32 | F20: KHX trên màn hình tăng sáng | G20: TTDB | H20: NGUYỆN | I20: =IF(G20="DTDB",420000,IF(G20="TTDB",420000,IF(G20="DT1",187500,IF(G20="TT1",187500,IF(G20="DT2",97500,IF(G20="TT2",97500,IF(G20="DT3",75000,75000))))))) -> 420000 | J20: Q.TẤN | K20: =IF(G20="DTDB",300000,IF(G20="TTDB",300000,IF(G20="DT1",135000,IF(G20="TT1",135000,IF(G20="DT2",75000,IF(G20="TT2",75000,IF(G20="DT3",45000,45000))))))) -> 300000 | L20: NGUYÊN | M20: =IF(L20="-",0,IF(G20="DTDB",300000,IF(G20="TTDB",300000,IF(G20="DT1",135000,IF(G20="TT1",135000,IF(G20="DT2",75000,IF(G20="TT2",75000,IF(G20="DT3",45000,45000)))))))) -> 300000 | N20: =I20+K20+M20 -> 1020000
A21: 14 | B21: 08/9/2025 | C21: Nguyễn Ái Duy | D21: 22 | F21: KHX trên màn hình tăng sáng | G21: TTDB | H21: HOAN | I21: =IF(G21="DTDB",420000,IF(G21="TTDB",420000,IF(G21="DT1",187500,IF(G21="TT1",187500,IF(G21="DT2",97500,IF(G21="TT2",97500,IF(G21="DT3",75000,75000))))))) -> 420000 | J21: NGUYỆN | K21: =IF(G21="DTDB",300000,IF(G21="TTDB",300000,IF(G21="DT1",135000,IF(G21="TT1",135000,IF(G21="DT2",75000,IF(G21="TT2",75000,IF(G21="DT3",45000,45000))))))) -> 300000 | L21: VINH | M21: =IF(L21="-",0,IF(G21="DTDB",300000,IF(G21="TTDB",300000,IF(G21="DT1",135000,IF(G21="TT1",135000,IF(G21="DT2",75000,IF(G21="TT2",75000,IF(G21="DT3",45000,45000)))))))) -> 300000 | N21: =I21+K21+M21 -> 1020000
A22: 15 | B22: 09/9/2025 | C22: Phạm Thị Tuyết Trinh | E22: 30 | F22: PT đóng cứng khớp cổ chân | G22: TT1 | H22: HOAN | I22: =IF(G22="DTDB",420000,IF(G22="TTDB",420000,IF(G22="DT1",187500,IF(G22="TT1",187500,IF(G22="DT2",97500,IF(G22="TT2",97500,IF(G22="DT3",75000,75000))))))) -> 187500 | J22: TOẢN | K22: =IF(G22="DTDB",300000,IF(G22="TTDB",300000,IF(G22="DT1",135000,IF(G22="TT1",135000,IF(G22="DT2",75000,IF(G22="TT2",75000,IF(G22="DT3",45000,45000))))))) -> 135000 | L22: HÀO | M22: =IF(L22="-",0,IF(G22="DTDB",300000,IF(G22="TTDB",300000,IF(G22="DT1",135000,IF(G22="TT1",135000,IF(G22="DT2",75000,IF(G22="TT2",75000,IF(G22="DT3",45000,45000)))))))) -> 135000 | N22: =I22+K22+M22 -> 457500
A23: 16 | B23: 09/9/2025 | C23: Lâm Văn Hùng | D23: 55 | F23: Thay toàn bộ khớp háng | G23: TTDB | H23: TRIỀU | I23: =IF(G23="DTDB",420000,IF(G23="TTDB",420000,IF(G23="DT1",187500,IF(G23="TT1",187500,IF(G23="DT2",97500,IF(G23="TT2",97500,IF(G23="DT3",75000,75000))))))) -> 420000 | J23: HOAN | K23: =IF(G23="DTDB",300000,IF(G23="TTDB",300000,IF(G23="DT1",135000,IF(G23="TT1",135000,IF(G23="DT2",75000,IF(G23="TT2",75000,IF(G23="DT3",45000,45000))))))) -> 300000 | L23: V.TÂN | M23: =IF(L23="-",0,IF(G23="DTDB",300000,IF(G23="TTDB",300000,IF(G23="DT1",135000,IF(G23="TT1",135000,IF(G23="DT2",75000,IF(G23="TT2",75000,IF(G23="DT3",45000,45000)))))))) -> 300000 | N23: =I23+K23+M23 -> 1020000
A24: 17 | B24: 09/9/2025 | C24: Nguyễn Văn Trường | D24: 68 | F24: Cố định cột sống | G24: TTDB | H24: HOAN | I24: =IF(G24="DTDB",420000,IF(G24="TTDB",420000,IF(G24="DT1",187500,IF(G24="TT1",187500,IF(G24="DT2",97500,IF(G24="TT2",97500,IF(G24="DT3",75000,75000))))))) -> 420000 | J24: NGUYỆN | K24: =IF(G24="DTDB",300000,IF(G24="TTDB",300000,IF(G24="DT1",135000,IF(G24="TT1",135000,IF(G24="DT2",75000,IF(G24="TT2",75000,IF(G24="DT3",45000,45000))))))) -> 300000 | L24: ĐIỀN | M24: =IF(L24="-",0,IF(G24="DTDB",300000,IF(G24="TTDB",300000,IF(G24="DT1",135000,IF(G24="TT1",135000,IF(G24="DT2",75000,IF(G24="TT2",75000,IF(G24="DT3",45000,45000)))))))) -> 300000 | N24: =I24+K24+M24 -> 1020000
A25: 18 | B25: 09/9/2025 | C25: Âu Văn Hòa | D25: 47 | F25: Cắt u lành >10cm | G25: TT1 | H25: V.TÂN | I25: =IF(G25="DTDB",420000,IF(G25="TTDB",420000,IF(G25="DT1",187500,IF(G25="TT1",187500,IF(G25="DT2",97500,IF(G25="TT2",97500,IF(G25="DT3",75000,75000))))))) -> 187500 | J25: HẬU | K25: =IF(G25="DTDB",300000,IF(G25="TTDB",300000,IF(G25="DT1",135000,IF(G25="TT1",135000,IF(G25="DT2",75000,IF(G25="TT2",75000,IF(G25="DT3",45000,45000))))))) -> 135000 | L25: THANH | M25: =IF(L25="-",0,IF(G25="DTDB",300000,IF(G25="TTDB",300000,IF(G25="DT1",135000,IF(G25="TT1",135000,IF(G25="DT2",75000,IF(G25="TT2",75000,IF(G25="DT3",45000,45000)))))))) -> 135000 | N25: =I25+K25+M25 -> 457500
A26: 19 | B26: 10/9/2025 | C26: Nguyễn Hoàng mậu | D26: 64 | F26: PT tổn thương gân Achille | G26: TT1 | H26: NGUYỆN | I26: =IF(G26="DTDB",420000,IF(G26="TTDB",420000,IF(G26="DT1",187500,IF(G26="TT1",187500,IF(G26="DT2",97500,IF(G26="TT2",97500,IF(G26="DT3",75000,75000))))))) -> 187500 | J26: TOẢN | K26: =IF(G26="DTDB",300000,IF(G26="TTDB",300000,IF(G26="DT1",135000,IF(G26="TT1",135000,IF(G26="DT2",75000,IF(G26="TT2",75000,IF(G26="DT3",45000,45000))))))) -> 135000 | L26: NGUYÊN | M26: =IF(L26="-",0,IF(G26="DTDB",300000,IF(G26="TTDB",300000,IF(G26="DT1",135000,IF(G26="TT1",135000,IF(G26="DT2",75000,IF(G26="TT2",75000,IF(G26="DT3",45000,45000)))))))) -> 135000 | N26: =I26+K26+M26 -> 457500
A27: 20 | B27: 10/9/2025 | C27: Võ Thanh Hải | D27: 22 | F27: PTNS tái tạo dây chằng | G27: DTDB | H27: TOẢN | I27: =IF(G27="DTDB",420000,IF(G27="TTDB",420000,IF(G27="DT1",187500,IF(G27="TT1",187500,IF(G27="DT2",97500,IF(G27="TT2",97500,IF(G27="DT3",75000,75000))))))) -> 420000 | J27: HẬU | K27: =IF(G27="DTDB",300000,IF(G27="TTDB",300000,IF(G27="DT1",135000,IF(G27="TT1",135000,IF(G27="DT2",75000,IF(G27="TT2",75000,IF(G27="DT3",45000,45000))))))) -> 300000 | L27: NGUYÊN | M27: =IF(L27="-",0,IF(G27="DTDB",300000,IF(G27="TTDB",300000,IF(G27="DT1",135000,IF(G27="TT1",135000,IF(G27="DT2",75000,IF(G27="TT2",75000,IF(G27="DT3",45000,45000)))))))) -> 300000 | N27: =I27+K27+M27 -> 1020000
A28: 21 | B28: 11/9/2025 | C28: Phan Văn Duyên | D28: 100 | F28: KHX trên màn hình tăng sáng | G28: TTDB | H28: HOAN | I28: =IF(G28="DTDB",420000,IF(G28="TTDB",420000,IF(G28="DT1",187500,IF(G28="TT1",187500,IF(G28="DT2",97500,IF(G28="TT2",97500,IF(G28="DT3",75000,75000))))))) -> 420000 | J28: V.TÂN | K28: =IF(G28="DTDB",300000,IF(G28="TTDB",300000,IF(G28="DT1",135000,IF(G28="TT1",135000,IF(G28="DT2",75000,IF(G28="TT2",75000,IF(G28="DT3",45000,45000))))))) -> 300000 | L28: NGUYÊN | M28: =IF(L28="-",0,IF(G28="DTDB",300000,IF(G28="TTDB",300000,IF(G28="DT1",135000,IF(G28="TT1",135000,IF(G28="DT2",75000,IF(G28="TT2",75000,IF(G28="DT3",45000,45000)))))))) -> 300000 | N28: =I28+K28+M28 -> 1020000
A29: 22 | B29: 11/9/2025 | C29: Nguyễn Thị Tuyết Mai | E29: 70 | F29: KHX trên màn hình tăng sáng | G29: TTDB | H29: V.TÂN | I29: =IF(G29="DTDB",420000,IF(G29="TTDB",420000,IF(G29="DT1",187500,IF(G29="TT1",187500,IF(G29="DT2",97500,IF(G29="TT2",97500,IF(G29="DT3",75000,75000))))))) -> 420000 | J29: TUẤN | K29: =IF(G29="DTDB",300000,IF(G29="TTDB",300000,IF(G29="DT1",135000,IF(G29="TT1",135000,IF(G29="DT2",75000,IF(G29="TT2",75000,IF(G29="DT3",45000,45000))))))) -> 300000 | L29: HẬU | M29: =IF(L29="-",0,IF(G29="DTDB",300000,IF(G29="TTDB",300000,IF(G29="DT1",135000,IF(G29="TT1",135000,IF(G29="DT2",75000,IF(G29="TT2",75000,IF(G29="DT3",45000,45000)))))))) -> 300000 | N29: =I29+K29+M29 -> 1020000
A30: 23 | B30: 11/9/2025 | C30: Trần Hoàng Thanh | D30: 34 | F30: KHX trên màn hình tăng sáng | G30: TTDB | H30: NGUYỆN | I30: =IF(G30="DTDB",420000,IF(G30="TTDB",420000,IF(G30="DT1",187500,IF(G30="TT1",187500,IF(G30="DT2",97500,IF(G30="TT2",97500,IF(G30="DT3",75000,75000))))))) -> 420000 | J30: TOẢN | K30: =IF(G30="DTDB",300000,IF(G30="TTDB",300000,IF(G30="DT1",135000,IF(G30="TT1",135000,IF(G30="DT2",75000,IF(G30="TT2",75000,IF(G30="DT3",45000,45000))))))) -> 300000 | L30: Q.TẤN | M30: =IF(L30="-",0,IF(G30="DTDB",300000,IF(G30="TTDB",300000,IF(G30="DT1",135000,IF(G30="TT1",135000,IF(G30="DT2",75000,IF(G30="TT2",75000,IF(G30="DT3",45000,45000)))))))) -> 300000 | N30: =I30+K30+M30 -> 1020000
A31: 24 | B31: 12/9/2025 | C31: Lê Thị Sáu | E31: 72 | F31: Tạo hình thân đốt sống bằng bơm cement sinh học có bóng | G31: TTDB | H31: NGUYỆN | I31: =IF(G31="DTDB",420000,IF(G31="TTDB",420000,IF(G31="DT1",187500,IF(G31="TT1",187500,IF(G31="DT2",97500,IF(G31="TT2",97500,IF(G31="DT3",75000,75000))))))) -> 420000 | J31: TOẢN | K31: =IF(G31="DTDB",300000,IF(G31="TTDB",300000,IF(G31="DT1",135000,IF(G31="TT1",135000,IF(G31="DT2",75000,IF(G31="TT2",75000,IF(G31="DT3",45000,45000))))))) -> 300000 | L31: Q.TẤN | M31: =IF(L31="-",0,IF(G31="DTDB",300000,IF(G31="TTDB",300000,IF(G31="DT1",135000,IF(G31="TT1",135000,IF(G31="DT2",75000,IF(G31="TT2",75000,IF(G31="DT3",45000,45000)))))))) -> 300000 | N31: =I31+K31+M31 -> 1020000
A32: 25 | B32: 12/9/2025 | C32: Lê Minh Thùy Trang | E32: 44 | F32: PTNS cắt sụn chêm | G32: TT1 | H32: TOẢN | I32: =IF(G32="DTDB",420000,IF(G32="TTDB",420000,IF(G32="DT1",187500,IF(G32="TT1",187500,IF(G32="DT2",97500,IF(G32="TT2",97500,IF(G32="DT3",75000,75000))))))) -> 187500 | J32: TUẤN | K32: =IF(G32="DTDB",300000,IF(G32="TTDB",300000,IF(G32="DT1",135000,IF(G32="TT1",135000,IF(G32="DT2",75000,IF(G32="TT2",75000,IF(G32="DT3",45000,45000))))))) -> 135000 | L32: KIỆT | M32: =IF(L32="-",0,IF(G32="DTDB",300000,IF(G32="TTDB",300000,IF(G32="DT1",135000,IF(G32="TT1",135000,IF(G32="DT2",75000,IF(G32="TT2",75000,IF(G32="DT3",45000,45000)))))))) -> 135000 | N32: =I32+K32+M32 -> 457500
A33: 26 | B33: 12/9/2025 | C33: Trần Hữu Nghị | D33: 40 | F33: PTNS khâu chóp xoay | G33: TTDB | H33: TOẢN | I33: =IF(G33="DTDB",420000,IF(G33="TTDB",420000,IF(G33="DT1",187500,IF(G33="TT1",187500,IF(G33="DT2",97500,IF(G33="TT2",97500,IF(G33="DT3",75000,75000))))))) -> 420000 | J33: VINH | K33: =IF(G33="DTDB",300000,IF(G33="TTDB",300000,IF(G33="DT1",135000,IF(G33="TT1",135000,IF(G33="DT2",75000,IF(G33="TT2",75000,IF(G33="DT3",45000,45000))))))) -> 300000 | L33: LỢI | M33: =IF(L33="-",0,IF(G33="DTDB",300000,IF(G33="TTDB",300000,IF(G33="DT1",135000,IF(G33="TT1",135000,IF(G33="DT2",75000,IF(G33="TT2",75000,IF(G33="DT3",45000,45000)))))))) -> 300000 | N33: =I33+K33+M33 -> 1020000
A34: 27 | B34: 13/9/2025 | C34: Nguyễn Thị Yến | E34: 72 | F34: PT thay toàn bộ khớp háng | G34: TTDB | H34: HOAN | I34: =IF(G34="DTDB",420000,IF(G34="TTDB",420000,IF(G34="DT1",187500,IF(G34="TT1",187500,IF(G34="DT2",97500,IF(G34="TT2",97500,IF(G34="DT3",75000,75000))))))) -> 420000 | J34: ĐIỀN | K34: =IF(G34="DTDB",300000,IF(G34="TTDB",300000,IF(G34="DT1",135000,IF(G34="TT1",135000,IF(G34="DT2",75000,IF(G34="TT2",75000,IF(G34="DT3",45000,45000))))))) -> 300000 | L34: LỢI | M34: =IF(L34="-",0,IF(G34="DTDB",300000,IF(G34="TTDB",300000,IF(G34="DT1",135000,IF(G34="TT1",135000,IF(G34="DT2",75000,IF(G34="TT2",75000,IF(G34="DT3",45000,45000)))))))) -> 300000 | N34: =I34+K34+M34 -> 1020000
A35: 28 | B35: 13/9/2025 | C35: Nguyễn Thị Yến | E35: 72 | F35: KHX trên màn hình tăng sáng (50%) | G35: DTDB | H35: HOAN | I35: =IF(G35="DTDB",420000,IF(G35="TTDB",420000,IF(G35="DT1",187500,IF(G35="TT1",187500,IF(G35="DT2",97500,IF(G35="TT2",97500,IF(G35="DT3",75000,75000))))))) -> 420000 | J35: ĐIỀN | K35: =IF(G35="DTDB",300000,IF(G35="TTDB",300000,IF(G35="DT1",135000,IF(G35="TT1",135000,IF(G35="DT2",75000,IF(G35="TT2",75000,IF(G35="DT3",45000,45000))))))) -> 300000 | L35: THANH | M35: =IF(L35="-",0,IF(G35="DTDB",300000,IF(G35="TTDB",300000,IF(G35="DT1",135000,IF(G35="TT1",135000,IF(G35="DT2",75000,IF(G35="TT2",75000,IF(G35="DT3",45000,45000)))))))) -> 300000 | N35: =I35+K35+M35 -> 1020000
A36: 29 | B36: 15/9/2025 | C36: Trần Văn Cáo | D36: 63 | F36: Cố định cột sống | G36: TTDB | H36: HOAN | I36: =IF(G36="DTDB",420000,IF(G36="TTDB",420000,IF(G36="DT1",187500,IF(G36="TT1",187500,IF(G36="DT2",97500,IF(G36="TT2",97500,IF(G36="DT3",75000,75000))))))) -> 420000 | J36: NGUYỆN | K36: =IF(G36="DTDB",300000,IF(G36="TTDB",300000,IF(G36="DT1",135000,IF(G36="TT1",135000,IF(G36="DT2",75000,IF(G36="TT2",75000,IF(G36="DT3",45000,45000))))))) -> 300000 | L36: TUẤN | M36: =IF(L36="-",0,IF(G36="DTDB",300000,IF(G36="TTDB",300000,IF(G36="DT1",135000,IF(G36="TT1",135000,IF(G36="DT2",75000,IF(G36="TT2",75000,IF(G36="DT3",45000,45000)))))))) -> 300000 | N36: =I36+K36+M36 -> 1020000
A37: 30 | B37: 15/9/2025 | C37: Nguyễn Thị Xương | E37: 60 | F37: Cố định cột sống | G37: TTDB | H37: HOAN | I37: =IF(G37="DTDB",420000,IF(G37="TTDB",420000,IF(G37="DT1",187500,IF(G37="TT1",187500,IF(G37="DT2",97500,IF(G37="TT2",97500,IF(G37="DT3",75000,75000))))))) -> 420000 | J37: NGUYỆN | K37: =IF(G37="DTDB",300000,IF(G37="TTDB",300000,IF(G37="DT1",135000,IF(G37="TT1",135000,IF(G37="DT2",75000,IF(G37="TT2",75000,IF(G37="DT3",45000,45000))))))) -> 300000 | L37: TUẤN | M37: =IF(L37="-",0,IF(G37="DTDB",300000,IF(G37="TTDB",300000,IF(G37="DT1",135000,IF(G37="TT1",135000,IF(G37="DT2",75000,IF(G37="TT2",75000,IF(G37="DT3",45000,45000)))))))) -> 300000 | N37: =I37+K37+M37 -> 1020000
A38: 31 | B38: 16/9/2025 | C38: Nguyễn Thị Bé | E38: 84 | F38: Thay khớp háng bán phần | G38: TT1 | H38: NGUYỆN | I38: =IF(G38="DTDB",420000,IF(G38="TTDB",420000,IF(G38="DT1",187500,IF(G38="TT1",187500,IF(G38="DT2",97500,IF(G38="TT2",97500,IF(G38="DT3",75000,75000))))))) -> 187500 | J38: TOẢN | K38: =IF(G38="DTDB",300000,IF(G38="TTDB",300000,IF(G38="DT1",135000,IF(G38="TT1",135000,IF(G38="DT2",75000,IF(G38="TT2",75000,IF(G38="DT3",45000,45000))))))) -> 135000 | L38: TUẤN | M38: =IF(L38="-",0,IF(G38="DTDB",300000,IF(G38="TTDB",300000,IF(G38="DT1",135000,IF(G38="TT1",135000,IF(G38="DT2",75000,IF(G38="TT2",75000,IF(G38="DT3",45000,45000)))))))) -> 135000 | N38: =I38+K38+M38 -> 457500
A39: 32 | B39: 17/9/2025 | C39: Nguyễn Văn Tấn | D39: 59 | F39: PT thay toàn bộ khớp háng | G39: TTDB | H39: TRIỀU | I39: =IF(G39="DTDB",420000,IF(G39="TTDB",420000,IF(G39="DT1",187500,IF(G39="TT1",187500,IF(G39="DT2",97500,IF(G39="TT2",97500,IF(G39="DT3",75000,75000))))))) -> 420000 | J39: HOAN | K39: =IF(G39="DTDB",300000,IF(G39="TTDB",300000,IF(G39="DT1",135000,IF(G39="TT1",135000,IF(G39="DT2",75000,IF(G39="TT2",75000,IF(G39="DT3",45000,45000))))))) -> 300000 | L39: ĐỨC | M39: =IF(L39="-",0,IF(G39="DTDB",300000,IF(G39="TTDB",300000,IF(G39="DT1",135000,IF(G39="TT1",135000,IF(G39="DT2",75000,IF(G39="TT2",75000,IF(G39="DT3",45000,45000)))))))) -> 300000 | N39: =I39+K39+M39 -> 1020000
A40: 33 | B40: 17/9/2025 | C40: Lương Thu Vân | E40: 74 | F40: PT thay toàn bộ khớp gối | G40: TTDB | H40: TẤN | I40: =IF(G40="DTDB",420000,IF(G40="TTDB",420000,IF(G40="DT1",187500,IF(G40="TT1",187500,IF(G40="DT2",97500,IF(G40="TT2",97500,IF(G40="DT3",75000,75000))))))) -> 420000 | J40: HOAN | K40: =IF(G40="DTDB",300000,IF(G40="TTDB",300000,IF(G40="DT1",135000,IF(G40="TT1",135000,IF(G40="DT2",75000,IF(G40="TT2",75000,IF(G40="DT3",45000,45000))))))) -> 300000 | L40: NGUYỆN | M40: =IF(L40="-",0,IF(G40="DTDB",300000,IF(G40="TTDB",300000,IF(G40="DT1",135000,IF(G40="TT1",135000,IF(G40="DT2",75000,IF(G40="TT2",75000,IF(G40="DT3",45000,45000)))))))) -> 300000 | N40: =I40+K40+M40 -> 1020000
A41: 34 | B41: 17/9/2025 | C41: Nguyễn Thị Dân | E41: 77 | F41: PT KHX trên màn hình tăng sáng | G41: DTDB | H41: NGUYỆN | I41: =IF(G41="DTDB",420000,IF(G41="TTDB",420000,IF(G41="DT1",187500,IF(G41="TT1",187500,IF(G41="DT2",97500,IF(G41="TT2",97500,IF(G41="DT3",75000,75000))))))) -> 420000 | J41: ĐỨC | K41: =IF(G41="DTDB",300000,IF(G41="TTDB",300000,IF(G41="DT1",135000,IF(G41="TT1",135000,IF(G41="DT2",75000,IF(G41="TT2",75000,IF(G41="DT3",45000,45000))))))) -> 300000 | L41: THANH | M41: =IF(L41="-",0,IF(G41="DTDB",300000,IF(G41="TTDB",300000,IF(G41="DT1",135000,IF(G41="TT1",135000,IF(G41="DT2",75000,IF(G41="TT2",75000,IF(G41="DT3",45000,45000)))))))) -> 300000 | N41: =I41+K41+M41 -> 1020000
A42: 35 | B42: 18/9/2025 | C42: Phạm Thanh Hùng | D42: 47 | F42: KHX trên màn hình tăng sáng | G42: DTDB | H42: NGUYỆN | I42: =IF(G42="DTDB",420000,IF(G42="TTDB",420000,IF(G42="DT1",187500,IF(G42="TT1",187500,IF(G42="DT2",97500,IF(G42="TT2",97500,IF(G42="DT3",75000,75000))))))) -> 420000 | J42: TUẤN | K42: =IF(G42="DTDB",300000,IF(G42="TTDB",300000,IF(G42="DT1",135000,IF(G42="TT1",135000,IF(G42="DT2",75000,IF(G42="TT2",75000,IF(G42="DT3",45000,45000))))))) -> 300000 | L42: ĐỨC | M42: =IF(L42="-",0,IF(G42="DTDB",300000,IF(G42="TTDB",300000,IF(G42="DT1",135000,IF(G42="TT1",135000,IF(G42="DT2",75000,IF(G42="TT2",75000,IF(G42="DT3",45000,45000)))))))) -> 300000 | N42: =I42+K42+M42 -> 1020000
A43: 36 | B43: 18/9/2025 | C43: Phạm Thanh Hùng | D43: 47 | F43: KHX trên màn hình tăng sáng (50%) | G43: DTDB | H43: NGUYỆN | I43: =IF(G43="DTDB",420000,IF(G43="TTDB",420000,IF(G43="DT1",187500,IF(G43="TT1",187500,IF(G43="DT2",97500,IF(G43="TT2",97500,IF(G43="DT3",75000,75000))))))) -> 420000 | J43: TUẤN | K43: =IF(G43="DTDB",300000,IF(G43="TTDB",300000,IF(G43="DT1",135000,IF(G43="TT1",135000,IF(G43="DT2",75000,IF(G43="TT2",75000,IF(G43="DT3",45000,45000))))))) -> 300000 | L43: ĐỨC | M43: =IF(L43="-",0,IF(G43="DTDB",300000,IF(G43="TTDB",300000,IF(G43="DT1",135000,IF(G43="TT1",135000,IF(G43="DT2",75000,IF(G43="TT2",75000,IF(G43="DT3",45000,45000)))))))) -> 300000 | N43: =I43+K43+M43 -> 1020000
A44: 37 | B44: 18/9/2025 | C44: Nguyễn Thị Hồng | E44: 58 | F44: Thay khớp háng toàn phần | G44: DTDB | H44: NGUYỆN | I44: =IF(G44="DTDB",420000,IF(G44="TTDB",420000,IF(G44="DT1",187500,IF(G44="TT1",187500,IF(G44="DT2",97500,IF(G44="TT2",97500,IF(G44="DT3",75000,75000))))))) -> 420000 | J44: TUẤN | K44: =IF(G44="DTDB",300000,IF(G44="TTDB",300000,IF(G44="DT1",135000,IF(G44="TT1",135000,IF(G44="DT2",75000,IF(G44="TT2",75000,IF(G44="DT3",45000,45000))))))) -> 300000 | L44: THIỆN | M44: =IF(L44="-",0,IF(G44="DTDB",300000,IF(G44="TTDB",300000,IF(G44="DT1",135000,IF(G44="TT1",135000,IF(G44="DT2",75000,IF(G44="TT2",75000,IF(G44="DT3",45000,45000)))))))) -> 300000 | N44: =I44+K44+M44 -> 1020000
A45: 38 | B45: 19/9/2025 | C45: Nguyễn Thị Do | E45: 77 | F45: Thay khớp háng bán phần | G45: TT1 | H45: HOAN | I45: =IF(G45="DTDB",420000,IF(G45="TTDB",420000,IF(G45="DT1",187500,IF(G45="TT1",187500,IF(G45="DT2",97500,IF(G45="TT2",97500,IF(G45="DT3",75000,75000))))))) -> 187500 | J45: NGUYỆN | K45: =IF(G45="DTDB",300000,IF(G45="TTDB",300000,IF(G45="DT1",135000,IF(G45="TT1",135000,IF(G45="DT2",75000,IF(G45="TT2",75000,IF(G45="DT3",45000,45000))))))) -> 135000 | L45: TOẢN | M45: =IF(L45="-",0,IF(G45="DTDB",300000,IF(G45="TTDB",300000,IF(G45="DT1",135000,IF(G45="TT1",135000,IF(G45="DT2",75000,IF(G45="TT2",75000,IF(G45="DT3",45000,45000)))))))) -> 135000 | N45: =I45+K45+M45 -> 457500
A46: 39 | B46: 19/9/2025 | C46: Nguyễn Thị Dẩu | E46: 61 | F46: KHX trên màn hình tăng sáng | G46: DTDB | H46: NGUYỆN | I46: =IF(G46="DTDB",420000,IF(G46="TTDB",420000,IF(G46="DT1",187500,IF(G46="TT1",187500,IF(G46="DT2",97500,IF(G46="TT2",97500,IF(G46="DT3",75000,75000))))))) -> 420000 | J46: TOẢN | K46: =IF(G46="DTDB",300000,IF(G46="TTDB",300000,IF(G46="DT1",135000,IF(G46="TT1",135000,IF(G46="DT2",75000,IF(G46="TT2",75000,IF(G46="DT3",45000,45000))))))) -> 300000 | L46: ĐIỀN | M46: =IF(L46="-",0,IF(G46="DTDB",300000,IF(G46="TTDB",300000,IF(G46="DT1",135000,IF(G46="TT1",135000,IF(G46="DT2",75000,IF(G46="TT2",75000,IF(G46="DT3",45000,45000)))))))) -> 300000 | N46: =I46+K46+M46 -> 1020000
A47: 40 | B47: 19/9/2025 | C47: Nguyễn Đăng Khôi | D47: 19 | F47: PT KHX trật đốt bàn ngón chân (tê) | G47: DT1 | H47: V.TÂN | I47: =IF(G47="DTDB",420000,IF(G47="TTDB",420000,IF(G47="DT1",187500,IF(G47="TT1",187500,IF(G47="DT2",97500,IF(G47="TT2",97500,IF(G47="DT3",75000,75000))))))) -> 187500 | J47: ĐỨC | K47: =IF(G47="DTDB",300000,IF(G47="TTDB",300000,IF(G47="DT1",135000,IF(G47="TT1",135000,IF(G47="DT2",75000,IF(G47="TT2",75000,IF(G47="DT3",45000,45000))))))) -> 135000 | L47: THANH | M47: =IF(L47="-",0,IF(G47="DTDB",300000,IF(G47="TTDB",300000,IF(G47="DT1",135000,IF(G47="TT1",135000,IF(G47="DT2",75000,IF(G47="TT2",75000,IF(G47="DT3",45000,45000)))))))) -> 135000 | N47: =I47+K47+M47 -> 457500
A48: 41 | B48: 19/9/2025 | C48: Dương Thị Đành | F48: PT thay toàn bộ khớp gối | G48: TTDB | H48: HOAN | I48: =IF(G48="DTDB",420000,IF(G48="TTDB",420000,IF(G48="DT1",187500,IF(G48="TT1",187500,IF(G48="DT2",97500,IF(G48="TT2",97500,IF(G48="DT3",75000,75000))))))) -> 420000 | J48: NGUYỆN | K48: =IF(G48="DTDB",300000,IF(G48="TTDB",300000,IF(G48="DT1",135000,IF(G48="TT1",135000,IF(G48="DT2",75000,IF(G48="TT2",75000,IF(G48="DT3",45000,45000))))))) -> 300000 | L48: TUẤN | M48: =IF(L48="-",0,IF(G48="DTDB",300000,IF(G48="TTDB",300000,IF(G48="DT1",135000,IF(G48="TT1",135000,IF(G48="DT2",75000,IF(G48="TT2",75000,IF(G48="DT3",45000,45000)))))))) -> 300000 | N48: =I48+K48+M48 -> 1020000
A49: 42 | B49: 22/9/2025 | C49: Mai Lý Như Ngọc | E49: 22 | F49: PT KHX trên màn hình tăng sáng | G49: TTDB | H49: HOAN | I49: =IF(G49="DTDB",420000,IF(G49="TTDB",420000,IF(G49="DT1",187500,IF(G49="TT1",187500,IF(G49="DT2",97500,IF(G49="TT2",97500,IF(G49="DT3",75000,75000))))))) -> 420000 | J49: TUẤN | K49: =IF(G49="DTDB",300000,IF(G49="TTDB",300000,IF(G49="DT1",135000,IF(G49="TT1",135000,IF(G49="DT2",75000,IF(G49="TT2",75000,IF(G49="DT3",45000,45000))))))) -> 300000 | L49: ĐỨC | M49: =IF(L49="-",0,IF(G49="DTDB",300000,IF(G49="TTDB",300000,IF(G49="DT1",135000,IF(G49="TT1",135000,IF(G49="DT2",75000,IF(G49="TT2",75000,IF(G49="DT3",45000,45000)))))))) -> 300000 | N49: =I49+K49+M49 -> 1020000
A50: 43 | B50: 22/9/2025 | C50: Từ Thị Quyên | E50: 72 | F50: PT thay toàn bộ khớp háng (T) | G50: TTDB | H50: HOAN | I50: =IF(G50="DTDB",420000,IF(G50="TTDB",420000,IF(G50="DT1",187500,IF(G50="TT1",187500,IF(G50="DT2",97500,IF(G50="TT2",97500,IF(G50="DT3",75000,75000))))))) -> 420000 | J50: NGUYỆN | K50: =IF(G50="DTDB",300000,IF(G50="TTDB",300000,IF(G50="DT1",135000,IF(G50="TT1",135000,IF(G50="DT2",75000,IF(G50="TT2",75000,IF(G50="DT3",45000,45000))))))) -> 300000 | L50: TUẤN | M50: =IF(L50="-",0,IF(G50="DTDB",300000,IF(G50="TTDB",300000,IF(G50="DT1",135000,IF(G50="TT1",135000,IF(G50="DT2",75000,IF(G50="TT2",75000,IF(G50="DT3",45000,45000)))))))) -> 300000 | N50: =I50+K50+M50 -> 1020000
A51: 44 | B51: 22/9/2025 | C51: Lê Trường Kiếm | D51: 47 | F51: PT KHX trên màn hình tăng sáng | G51: DTDB | H51: ĐIỀN | I51: =IF(G51="DTDB",420000,IF(G51="TTDB",420000,IF(G51="DT1",187500,IF(G51="TT1",187500,IF(G51="DT2",97500,IF(G51="TT2",97500,IF(G51="DT3",75000,75000))))))) -> 420000 | J51: TUẤN | K51: =IF(G51="DTDB",300000,IF(G51="TTDB",300000,IF(G51="DT1",135000,IF(G51="TT1",135000,IF(G51="DT2",75000,IF(G51="TT2",75000,IF(G51="DT3",45000,45000))))))) -> 300000 | L51: THIỆN | M51: =IF(L51="-",0,IF(G51="DTDB",300000,IF(G51="TTDB",300000,IF(G51="DT1",135000,IF(G51="TT1",135000,IF(G51="DT2",75000,IF(G51="TT2",75000,IF(G51="DT3",45000,45000)))))))) -> 300000 | N51: =I51+K51+M51 -> 1020000
A52: 45 | B52: 23/9/2025 | C52: Nguyễn Thị Mỹ Huyền | E52: 31 | F52: KHX trên màn hình tăng sáng | G52: TTDB | H52: V.TÂN | I52: =IF(G52="DTDB",420000,IF(G52="TTDB",420000,IF(G52="DT1",187500,IF(G52="TT1",187500,IF(G52="DT2",97500,IF(G52="TT2",97500,IF(G52="DT3",75000,75000))))))) -> 420000 | J52: TUẤN | K52: =IF(G52="DTDB",300000,IF(G52="TTDB",300000,IF(G52="DT1",135000,IF(G52="TT1",135000,IF(G52="DT2",75000,IF(G52="TT2",75000,IF(G52="DT3",45000,45000))))))) -> 300000 | L52: KIỆT | M52: =IF(L52="-",0,IF(G52="DTDB",300000,IF(G52="TTDB",300000,IF(G52="DT1",135000,IF(G52="TT1",135000,IF(G52="DT2",75000,IF(G52="TT2",75000,IF(G52="DT3",45000,45000)))))))) -> 300000 | N52: =I52+K52+M52 -> 1020000
A53: 46 | B53: 23/9/2025 | C53: NGUYỄN THỊ HỒNG NHAN | E53: 45 | F53: KHX trên màn hình tăng sáng | G53: TTDB | H53: ĐIỀN | I53: =IF(G53="DTDB",420000,IF(G53="TTDB",420000,IF(G53="DT1",187500,IF(G53="TT1",187500,IF(G53="DT2",97500,IF(G53="TT2",97500,IF(G53="DT3",75000,75000))))))) -> 420000 | J53: TUẤN | K53: =IF(G53="DTDB",300000,IF(G53="TTDB",300000,IF(G53="DT1",135000,IF(G53="TT1",135000,IF(G53="DT2",75000,IF(G53="TT2",75000,IF(G53="DT3",45000,45000))))))) -> 300000 | L53: THIỆN | M53: =IF(L53="-",0,IF(G53="DTDB",300000,IF(G53="TTDB",300000,IF(G53="DT1",135000,IF(G53="TT1",135000,IF(G53="DT2",75000,IF(G53="TT2",75000,IF(G53="DT3",45000,45000)))))))) -> 300000 | N53: =I53+K53+M53 -> 1020000
A54: 47 | B54: 23/9/2025 | C54: Nguyễn Văn Thiện | D54: 22 | F54: Khâu phục hồi tổn thương gân duỗi | G54: DT1 | H54: V.TÂN | I54: =IF(G54="DTDB",420000,IF(G54="TTDB",420000,IF(G54="DT1",187500,IF(G54="TT1",187500,IF(G54="DT2",97500,IF(G54="TT2",97500,IF(G54="DT3",75000,75000))))))) -> 187500 | J54: TUẤN | K54: =IF(G54="DTDB",300000,IF(G54="TTDB",300000,IF(G54="DT1",135000,IF(G54="TT1",135000,IF(G54="DT2",75000,IF(G54="TT2",75000,IF(G54="DT3",45000,45000))))))) -> 135000 | L54: KIỆT | M54: =IF(L54="-",0,IF(G54="DTDB",300000,IF(G54="TTDB",300000,IF(G54="DT1",135000,IF(G54="TT1",135000,IF(G54="DT2",75000,IF(G54="TT2",75000,IF(G54="DT3",45000,45000)))))))) -> 135000 | N54: =I54+K54+M54 -> 457500
A55: 48 | B55: 24/9/2025 | C55: Phạm Nguyễn Quốc Toại | D55: 37 | F55: KHX trên màn hình tăng sáng | G55: TTDB | H55: TOẢN | I55: =IF(G55="DTDB",420000,IF(G55="TTDB",420000,IF(G55="DT1",187500,IF(G55="TT1",187500,IF(G55="DT2",97500,IF(G55="TT2",97500,IF(G55="DT3",75000,75000))))))) -> 420000 | J55: TUẤN | K55: =IF(G55="DTDB",300000,IF(G55="TTDB",300000,IF(G55="DT1",135000,IF(G55="TT1",135000,IF(G55="DT2",75000,IF(G55="TT2",75000,IF(G55="DT3",45000,45000))))))) -> 300000 | L55: NGHIÊM | M55: =IF(L55="-",0,IF(G55="DTDB",300000,IF(G55="TTDB",300000,IF(G55="DT1",135000,IF(G55="TT1",135000,IF(G55="DT2",75000,IF(G55="TT2",75000,IF(G55="DT3",45000,45000)))))))) -> 300000 | N55: =I55+K55+M55 -> 1020000
A56: 49 | B56: 24/9/2025 | C56: Phùng Tuấn Kiệt | D56: 18 | F56: NS tái tạo dây chằng | G56: TTDB | H56: TOẢN | I56: =IF(G56="DTDB",420000,IF(G56="TTDB",420000,IF(G56="DT1",187500,IF(G56="TT1",187500,IF(G56="DT2",97500,IF(G56="TT2",97500,IF(G56="DT3",75000,75000))))))) -> 420000 | J56: TUẤN | K56: =IF(G56="DTDB",300000,IF(G56="TTDB",300000,IF(G56="DT1",135000,IF(G56="TT1",135000,IF(G56="DT2",75000,IF(G56="TT2",75000,IF(G56="DT3",45000,45000))))))) -> 300000 | L56: LINH | M56: =IF(L56="-",0,IF(G56="DTDB",300000,IF(G56="TTDB",300000,IF(G56="DT1",135000,IF(G56="TT1",135000,IF(G56="DT2",75000,IF(G56="TT2",75000,IF(G56="DT3",45000,45000)))))))) -> 300000 | N56: =I56+K56+M56 -> 1020000
A57: 50 | B57: 24/9/2025 | C57: Nguyễn Thị Đèo | E57: 65 | F57: Cố định cột sống | G57: TTDB | H57: HOAN | I57: =IF(G57="DTDB",420000,IF(G57="TTDB",420000,IF(G57="DT1",187500,IF(G57="TT1",187500,IF(G57="DT2",97500,IF(G57="TT2",97500,IF(G57="DT3",75000,75000))))))) -> 420000 | J57: NGUYỆN | K57: =IF(G57="DTDB",300000,IF(G57="TTDB",300000,IF(G57="DT1",135000,IF(G57="TT1",135000,IF(G57="DT2",75000,IF(G57="TT2",75000,IF(G57="DT3",45000,45000))))))) -> 300000 | L57: TUẤN | M57: =IF(L57="-",0,IF(G57="DTDB",300000,IF(G57="TTDB",300000,IF(G57="DT1",135000,IF(G57="TT1",135000,IF(G57="DT2",75000,IF(G57="TT2",75000,IF(G57="DT3",45000,45000)))))))) -> 300000 | N57: =I57+K57+M57 -> 1020000
A58: 51 | B58: 25/9/2025 | C58: Lê Đinh Trí | D58: 19 | F58: PTNS tái tạo dây chằng | G58: DTDB | H58: NGUYỆN | I58: =IF(G58="DTDB",420000,IF(G58="TTDB",420000,IF(G58="DT1",187500,IF(G58="TT1",187500,IF(G58="DT2",97500,IF(G58="TT2",97500,IF(G58="DT3",75000,75000))))))) -> 420000 | J58: TOẢN | K58: =IF(G58="DTDB",300000,IF(G58="TTDB",300000,IF(G58="DT1",135000,IF(G58="TT1",135000,IF(G58="DT2",75000,IF(G58="TT2",75000,IF(G58="DT3",45000,45000))))))) -> 300000 | L58: ĐỨC | M58: =IF(L58="-",0,IF(G58="DTDB",300000,IF(G58="TTDB",300000,IF(G58="DT1",135000,IF(G58="TT1",135000,IF(G58="DT2",75000,IF(G58="TT2",75000,IF(G58="DT3",45000,45000)))))))) -> 300000 | N58: =I58+K58+M58 -> 1020000
A59: 52 | B59: 25/9/2025 | C59: Bùi Văn Điệp | D59: 74 | F59: PT thay toàn bộ khớp gối | G59: TTDB | H59: HOAN | I59: =IF(G59="DTDB",420000,IF(G59="TTDB",420000,IF(G59="DT1",187500,IF(G59="TT1",187500,IF(G59="DT2",97500,IF(G59="TT2",97500,IF(G59="DT3",75000,75000))))))) -> 420000 | J59: NGUYỆN | K59: =IF(G59="DTDB",300000,IF(G59="TTDB",300000,IF(G59="DT1",135000,IF(G59="TT1",135000,IF(G59="DT2",75000,IF(G59="TT2",75000,IF(G59="DT3",45000,45000))))))) -> 300000 | L59: TUẤN | M59: =IF(L59="-",0,IF(G59="DTDB",300000,IF(G59="TTDB",300000,IF(G59="DT1",135000,IF(G59="TT1",135000,IF(G59="DT2",75000,IF(G59="TT2",75000,IF(G59="DT3",45000,45000)))))))) -> 300000 | N59: =I59+K59+M59 -> 1020000
A60: 53 | B60: 26/9/2025 | C60: Nguyễn Công Thìn | D60: 73 | F60: PT thay khớp háng toàn phần | G60: DTDB | H60: HOAN | I60: =IF(G60="DTDB",420000,IF(G60="TTDB",420000,IF(G60="DT1",187500,IF(G60="TT1",187500,IF(G60="DT2",97500,IF(G60="TT2",97500,IF(G60="DT3",75000,75000))))))) -> 420000 | J60: NGUYỆN | K60: =IF(G60="DTDB",300000,IF(G60="TTDB",300000,IF(G60="DT1",135000,IF(G60="TT1",135000,IF(G60="DT2",75000,IF(G60="TT2",75000,IF(G60="DT3",45000,45000))))))) -> 300000 | L60: THIỆN | M60: =IF(L60="-",0,IF(G60="DTDB",300000,IF(G60="TTDB",300000,IF(G60="DT1",135000,IF(G60="TT1",135000,IF(G60="DT2",75000,IF(G60="TT2",75000,IF(G60="DT3",45000,45000)))))))) -> 300000 | N60: =I60+K60+M60 -> 1020000
A61: 54 | B61: 27/9/2025 | C61: Trịnh Minh Khang | D61: 18 | F61: PT KHX trên màn hình tăng sáng | G61: TTDB | H61: V.TÂN | I61: =IF(G61="DTDB",420000,IF(G61="TTDB",420000,IF(G61="DT1",187500,IF(G61="TT1",187500,IF(G61="DT2",97500,IF(G61="TT2",97500,IF(G61="DT3",75000,75000))))))) -> 420000 | J61: PHONG | K61: =IF(G61="DTDB",300000,IF(G61="TTDB",300000,IF(G61="DT1",135000,IF(G61="TT1",135000,IF(G61="DT2",75000,IF(G61="TT2",75000,IF(G61="DT3",45000,45000))))))) -> 300000 | L61: ĐỨC | M61: =IF(L61="-",0,IF(G61="DTDB",300000,IF(G61="TTDB",300000,IF(G61="DT1",135000,IF(G61="TT1",135000,IF(G61="DT2",75000,IF(G61="TT2",75000,IF(G61="DT3",45000,45000)))))))) -> 300000 | N61: =I61+K61+M61 -> 1020000
A62: 55 | B62: 15/8/2025 | C62: Nguyễn Thị Nhung | E62: 52 | F62: Lấy dụng cụ KHX | G62: DT2 | H62: ĐIỀN | I62: =IF(G62="DTDB",420000,IF(G62="TTDB",420000,IF(G62="DT1",187500,IF(G62="TT1",187500,IF(G62="DT2",97500,IF(G62="TT2",97500,IF(G62="DT3",75000,75000))))))) -> 97500 | J62: HÀO | K62: =IF(G62="DTDB",300000,IF(G62="TTDB",300000,IF(G62="DT1",135000,IF(G62="TT1",135000,IF(G62="DT2",75000,IF(G62="TT2",75000,IF(G62="DT3",45000,45000))))))) -> 75000 | L62: - | M62: =IF(L62="-",0,IF(G62="DTDB",300000,IF(G62="TTDB",300000,IF(G62="DT1",135000,IF(G62="TT1",135000,IF(G62="DT2",75000,IF(G62="TT2",75000,IF(G62="DT3",45000,45000)))))))) -> 0 | N62: =I62+K62+M62 -> 172500
A63: 56 | B63: 18/8/2025 | C63: Trần Văn Thậm | D63: 67 | F63: Cắt lọc, đặt VAC | G63: TT2 | H63: ĐIỀN | I63: =IF(G63="DTDB",420000,IF(G63="TTDB",420000,IF(G63="DT1",187500,IF(G63="TT1",187500,IF(G63="DT2",97500,IF(G63="TT2",97500,IF(G63="DT3",75000,75000))))))) -> 97500 | J63: HÀO | K63: =IF(G63="DTDB",300000,IF(G63="TTDB",300000,IF(G63="DT1",135000,IF(G63="TT1",135000,IF(G63="DT2",75000,IF(G63="TT2",75000,IF(G63="DT3",45000,45000))))))) -> 75000 | L63: - | M63: =IF(L63="-",0,IF(G63="DTDB",300000,IF(G63="TTDB",300000,IF(G63="DT1",135000,IF(G63="TT1",135000,IF(G63="DT2",75000,IF(G63="TT2",75000,IF(G63="DT3",45000,45000)))))))) -> 0 | N63: =I63+K63+M63 -> 172500
A64: 57 | B64: 19/8/2025 | C64: Nguyễn Thị Nhung | E64: 52 | F64: Cắt lọc | G64: TT2 | H64: ĐIỀN | I64: =IF(G64="DTDB",420000,IF(G64="TTDB",420000,IF(G64="DT1",187500,IF(G64="TT1",187500,IF(G64="DT2",97500,IF(G64="TT2",97500,IF(G64="DT3",75000,75000))))))) -> 97500 | J64: LỢI | K64: =IF(G64="DTDB",300000,IF(G64="TTDB",300000,IF(G64="DT1",135000,IF(G64="TT1",135000,IF(G64="DT2",75000,IF(G64="TT2",75000,IF(G64="DT3",45000,45000))))))) -> 75000 | L64: - | M64: =IF(L64="-",0,IF(G64="DTDB",300000,IF(G64="TTDB",300000,IF(G64="DT1",135000,IF(G64="TT1",135000,IF(G64="DT2",75000,IF(G64="TT2",75000,IF(G64="DT3",45000,45000)))))))) -> 0 | N64: =I64+K64+M64 -> 172500
A65: 58 | B65: 21/8/2025 | C65: Huỳnh Thị Mum | E65: 69 | F65: Cắt lọc hoại tử ổ loét vết thương mạn tính | G65: TT2 | H65: ĐIỀN | I65: =IF(G65="DTDB",420000,IF(G65="TTDB",420000,IF(G65="DT1",187500,IF(G65="TT1",187500,IF(G65="DT2",97500,IF(G65="TT2",97500,IF(G65="DT3",75000,75000))))))) -> 97500 | J65: Q.TẤN | K65: =IF(G65="DTDB",300000,IF(G65="TTDB",300000,IF(G65="DT1",135000,IF(G65="TT1",135000,IF(G65="DT2",75000,IF(G65="TT2",75000,IF(G65="DT3",45000,45000))))))) -> 75000 | L65: - | M65: =IF(L65="-",0,IF(G65="DTDB",300000,IF(G65="TTDB",300000,IF(G65="DT1",135000,IF(G65="TT1",135000,IF(G65="DT2",75000,IF(G65="TT2",75000,IF(G65="DT3",45000,45000)))))))) -> 0 | N65: =I65+K65+M65 -> 172500
A66: 59 | B66: 22/8/2025 | C66: Trần Văn Thậm | D66: 67 | F66: Cắt lọc hoại tử ổ loét vết thương mạn tính | G66: TT2 | H66: ĐIỀN | I66: =IF(G66="DTDB",420000,IF(G66="TTDB",420000,IF(G66="DT1",187500,IF(G66="TT1",187500,IF(G66="DT2",97500,IF(G66="TT2",97500,IF(G66="DT3",75000,75000))))))) -> 97500 | J66: ĐAN | K66: =IF(G66="DTDB",300000,IF(G66="TTDB",300000,IF(G66="DT1",135000,IF(G66="TT1",135000,IF(G66="DT2",75000,IF(G66="TT2",75000,IF(G66="DT3",45000,45000))))))) -> 75000 | L66: - | M66: =IF(L66="-",0,IF(G66="DTDB",300000,IF(G66="TTDB",300000,IF(G66="DT1",135000,IF(G66="TT1",135000,IF(G66="DT2",75000,IF(G66="TT2",75000,IF(G66="DT3",45000,45000)))))))) -> 0 | N66: =I66+K66+M66 -> 172500
A67: 60 | B67: 24/8/2025 | C67: Nguyễn Thị Nhung | E67: 52 | F67: Cắt lọc ổ loét, khâu kín | G67: TT2 | H67: ĐIỀN | I67: =IF(G67="DTDB",420000,IF(G67="TTDB",420000,IF(G67="DT1",187500,IF(G67="TT1",187500,IF(G67="DT2",97500,IF(G67="TT2",97500,IF(G67="DT3",75000,75000))))))) -> 97500 | J67: Q.TẤN | K67: =IF(G67="DTDB",300000,IF(G67="TTDB",300000,IF(G67="DT1",135000,IF(G67="TT1",135000,IF(G67="DT2",75000,IF(G67="TT2",75000,IF(G67="DT3",45000,45000))))))) -> 75000 | L67: - | M67: =IF(L67="-",0,IF(G67="DTDB",300000,IF(G67="TTDB",300000,IF(G67="DT1",135000,IF(G67="TT1",135000,IF(G67="DT2",75000,IF(G67="TT2",75000,IF(G67="DT3",45000,45000)))))))) -> 0 | N67: =I67+K67+M67 -> 172500
A68: 61 | B68: 25/8/2025 | C68: Huỳnh Thị Mum | E68: 69 | F68: Cắt lọc ổ loét, khâu kín | G68: TT2 | H68: ĐIỀN | I68: =IF(G68="DTDB",420000,IF(G68="TTDB",420000,IF(G68="DT1",187500,IF(G68="TT1",187500,IF(G68="DT2",97500,IF(G68="TT2",97500,IF(G68="DT3",75000,75000))))))) -> 97500 | J68: NGUYỆN | K68: =IF(G68="DTDB",300000,IF(G68="TTDB",300000,IF(G68="DT1",135000,IF(G68="TT1",135000,IF(G68="DT2",75000,IF(G68="TT2",75000,IF(G68="DT3",45000,45000))))))) -> 75000 | L68: - | M68: =IF(L68="-",0,IF(G68="DTDB",300000,IF(G68="TTDB",300000,IF(G68="DT1",135000,IF(G68="TT1",135000,IF(G68="DT2",75000,IF(G68="TT2",75000,IF(G68="DT3",45000,45000)))))))) -> 0 | N68: =I68+K68+M68 -> 172500
A69: 62 | B69: 29/8/2025 | C69: Lê Hồng Quang | D69: 76 | F69: PT làm mỏm cụt ngón và đốt bàn ngón | G69: TT2 | H69: V.TÂN | I69: =IF(G69="DTDB",420000,IF(G69="TTDB",420000,IF(G69="DT1",187500,IF(G69="TT1",187500,IF(G69="DT2",97500,IF(G69="TT2",97500,IF(G69="DT3",75000,75000))))))) -> 97500 | J69: HẬU | K69: =IF(G69="DTDB",300000,IF(G69="TTDB",300000,IF(G69="DT1",135000,IF(G69="TT1",135000,IF(G69="DT2",75000,IF(G69="TT2",75000,IF(G69="DT3",45000,45000))))))) -> 75000 | L69: - | M69: =IF(L69="-",0,IF(G69="DTDB",300000,IF(G69="TTDB",300000,IF(G69="DT1",135000,IF(G69="TT1",135000,IF(G69="DT2",75000,IF(G69="TT2",75000,IF(G69="DT3",45000,45000)))))))) -> 0 | N69: =I69+K69+M69 -> 172500
A70: 63 | B70: 02/9/2025 | C70: Nguyễn Văn Đức | D70: 35 | F70: PT vết thương phần mềm đơn giản | G70: TT2 | H70: TOẢN | I70: =IF(G70="DTDB",420000,IF(G70="TTDB",420000,IF(G70="DT1",187500,IF(G70="TT1",187500,IF(G70="DT2",97500,IF(G70="TT2",97500,IF(G70="DT3",75000,75000))))))) -> 97500 | J70: VINH | K70: =IF(G70="DTDB",300000,IF(G70="TTDB",300000,IF(G70="DT1",135000,IF(G70="TT1",135000,IF(G70="DT2",75000,IF(G70="TT2",75000,IF(G70="DT3",45000,45000))))))) -> 75000 | L70: - | M70: =IF(L70="-",0,IF(G70="DTDB",300000,IF(G70="TTDB",300000,IF(G70="DT1",135000,IF(G70="TT1",135000,IF(G70="DT2",75000,IF(G70="TT2",75000,IF(G70="DT3",45000,45000)))))))) -> 0 | N70: =I70+K70+M70 -> 172500
A71: 64 | B71: 05/9/2025 | C71: Trịnh Văn Đủ | D71: 68 | F71: Cắt lọc hoại tử ổ loét vết thương mạn tính | G71: TT2 | H71: V.TÂN | I71: =IF(G71="DTDB",420000,IF(G71="TTDB",420000,IF(G71="DT1",187500,IF(G71="TT1",187500,IF(G71="DT2",97500,IF(G71="TT2",97500,IF(G71="DT3",75000,75000))))))) -> 97500 | J71: TOẢN | K71: =IF(G71="DTDB",300000,IF(G71="TTDB",300000,IF(G71="DT1",135000,IF(G71="TT1",135000,IF(G71="DT2",75000,IF(G71="TT2",75000,IF(G71="DT3",45000,45000))))))) -> 75000 | L71: - | M71: =IF(L71="-",0,IF(G71="DTDB",300000,IF(G71="TTDB",300000,IF(G71="DT1",135000,IF(G71="TT1",135000,IF(G71="DT2",75000,IF(G71="TT2",75000,IF(G71="DT3",45000,45000)))))))) -> 0 | N71: =I71+K71+M71 -> 172500
A72: 65 | B72: 05/9/2025 | C72: Trần Văn Đức | D72: 46 | F72: Cắt lọc hoại tử ổ loét vết thương mạn tính | G72: TT2 | H72: TOẢN | I72: =IF(G72="DTDB",420000,IF(G72="TTDB",420000,IF(G72="DT1",187500,IF(G72="TT1",187500,IF(G72="DT2",97500,IF(G72="TT2",97500,IF(G72="DT3",75000,75000))))))) -> 97500 | J72: HẬU | K72: =IF(G72="DTDB",300000,IF(G72="TTDB",300000,IF(G72="DT1",135000,IF(G72="TT1",135000,IF(G72="DT2",75000,IF(G72="TT2",75000,IF(G72="DT3",45000,45000))))))) -> 75000 | L72: - | M72: =IF(L72="-",0,IF(G72="DTDB",300000,IF(G72="TTDB",300000,IF(G72="DT1",135000,IF(G72="TT1",135000,IF(G72="DT2",75000,IF(G72="TT2",75000,IF(G72="DT3",45000,45000)))))))) -> 0 | N72: =I72+K72+M72 -> 172500
A73: 66 | B73: 05/9/2025 | C73: Lê Tấn | D73: 28 | F73: PT vết thương phần mềm đơn giản | G73: DT2 | H73: NGUYỆN | I73: =IF(G73="DTDB",420000,IF(G73="TTDB",420000,IF(G73="DT1",187500,IF(G73="TT1",187500,IF(G73="DT2",97500,IF(G73="TT2",97500,IF(G73="DT3",75000,75000))))))) -> 97500 | J73: Q.TẤN | K73: =IF(G73="DTDB",300000,IF(G73="TTDB",300000,IF(G73="DT1",135000,IF(G73="TT1",135000,IF(G73="DT2",75000,IF(G73="TT2",75000,IF(G73="DT3",45000,45000))))))) -> 75000 | L73: - | M73: =IF(L73="-",0,IF(G73="DTDB",300000,IF(G73="TTDB",300000,IF(G73="DT1",135000,IF(G73="TT1",135000,IF(G73="DT2",75000,IF(G73="TT2",75000,IF(G73="DT3",45000,45000)))))))) -> 0 | N73: =I73+K73+M73 -> 172500
A74: 67 | B74: 07/9/2025 | C74: Hồ Nguyễn Tâm Anh | E74: 19 | F74: PT vết thương phần mềm đơn giản | G74: TT2 | H74: V.TÂN | I74: =IF(G74="DTDB",420000,IF(G74="TTDB",420000,IF(G74="DT1",187500,IF(G74="TT1",187500,IF(G74="DT2",97500,IF(G74="TT2",97500,IF(G74="DT3",75000,75000))))))) -> 97500 | J74: THANH | K74: =IF(G74="DTDB",300000,IF(G74="TTDB",300000,IF(G74="DT1",135000,IF(G74="TT1",135000,IF(G74="DT2",75000,IF(G74="TT2",75000,IF(G74="DT3",45000,45000))))))) -> 75000 | L74: - | M74: =IF(L74="-",0,IF(G74="DTDB",300000,IF(G74="TTDB",300000,IF(G74="DT1",135000,IF(G74="TT1",135000,IF(G74="DT2",75000,IF(G74="TT2",75000,IF(G74="DT3",45000,45000)))))))) -> 0 | N74: =I74+K74+M74 -> 172500
A75: 68 | B75: 10/9/2025 | C75: Lâm Văn Thử | D75: 57 | F75: PT làm mỏm cụt ngón và đốt bàn ngón | G75: TT2 | H75: TOẢN | I75: =IF(G75="DTDB",420000,IF(G75="TTDB",420000,IF(G75="DT1",187500,IF(G75="TT1",187500,IF(G75="DT2",97500,IF(G75="TT2",97500,IF(G75="DT3",75000,75000))))))) -> 97500 | J75: VINH | K75: =IF(G75="DTDB",300000,IF(G75="TTDB",300000,IF(G75="DT1",135000,IF(G75="TT1",135000,IF(G75="DT2",75000,IF(G75="TT2",75000,IF(G75="DT3",45000,45000))))))) -> 75000 | L75: - | M75: =IF(L75="-",0,IF(G75="DTDB",300000,IF(G75="TTDB",300000,IF(G75="DT1",135000,IF(G75="TT1",135000,IF(G75="DT2",75000,IF(G75="TT2",75000,IF(G75="DT3",45000,45000)))))))) -> 0 | N75: =I75+K75+M75 -> 172500
A76: 69 | B76: 11/9/2025 | C76: Lê Hồng Quang | D76: 76 | F76: PT cắt cụt chi | G76: TT2 | H76: V.TÂN | I76: =IF(G76="DTDB",420000,IF(G76="TTDB",420000,IF(G76="DT1",187500,IF(G76="TT1",187500,IF(G76="DT2",97500,IF(G76="TT2",97500,IF(G76="DT3",75000,75000))))))) -> 97500 | J76: KIỆT | K76: =IF(G76="DTDB",300000,IF(G76="TTDB",300000,IF(G76="DT1",135000,IF(G76="TT1",135000,IF(G76="DT2",75000,IF(G76="TT2",75000,IF(G76="DT3",45000,45000))))))) -> 75000 | L76: - | M76: =IF(L76="-",0,IF(G76="DTDB",300000,IF(G76="TTDB",300000,IF(G76="DT1",135000,IF(G76="TT1",135000,IF(G76="DT2",75000,IF(G76="TT2",75000,IF(G76="DT3",45000,45000)))))))) -> 0 | N76: =I76+K76+M76 -> 172500
A77: 70 | B77: 12/9/2025 | C77: Nguyễn Văn Beo | D77: 72 | F77: PT cắt cụt chi | G77: TT2 | H77: HOAN | I77: =IF(G77="DTDB",420000,IF(G77="TTDB",420000,IF(G77="DT1",187500,IF(G77="TT1",187500,IF(G77="DT2",97500,IF(G77="TT2",97500,IF(G77="DT3",75000,75000))))))) -> 97500 | J77: HÀO | K77: =IF(G77="DTDB",300000,IF(G77="TTDB",300000,IF(G77="DT1",135000,IF(G77="TT1",135000,IF(G77="DT2",75000,IF(G77="TT2",75000,IF(G77="DT3",45000,45000))))))) -> 75000 | L77: - | M77: =IF(L77="-",0,IF(G77="DTDB",300000,IF(G77="TTDB",300000,IF(G77="DT1",135000,IF(G77="TT1",135000,IF(G77="DT2",75000,IF(G77="TT2",75000,IF(G77="DT3",45000,45000)))))))) -> 0 | N77: =I77+K77+M77 -> 172500
A78: 71 | B78: 13/9/2025 | C78: Trần Thảo Vy | E78: 15 | F78: Cắt u xương | G78: TT2 | H78: ĐIỀN | I78: =IF(G78="DTDB",420000,IF(G78="TTDB",420000,IF(G78="DT1",187500,IF(G78="TT1",187500,IF(G78="DT2",97500,IF(G78="TT2",97500,IF(G78="DT3",75000,75000))))))) -> 97500 | J78: THANH | K78: =IF(G78="DTDB",300000,IF(G78="TTDB",300000,IF(G78="DT1",135000,IF(G78="TT1",135000,IF(G78="DT2",75000,IF(G78="TT2",75000,IF(G78="DT3",45000,45000))))))) -> 75000 | L78: - | M78: =IF(L78="-",0,IF(G78="DTDB",300000,IF(G78="TTDB",300000,IF(G78="DT1",135000,IF(G78="TT1",135000,IF(G78="DT2",75000,IF(G78="TT2",75000,IF(G78="DT3",45000,45000)))))))) -> 0 | N78: =I78+K78+M78 -> 172500
A79: 72 | B79: 16/9/2025 | C79: Hồ Thị Hiền | E79: 54 | F79: Cắt lọc hoại tử ổ loét vết thương mạn tính | G79: TT2 | H79: ĐIỀN | I79: =IF(G79="DTDB",420000,IF(G79="TTDB",420000,IF(G79="DT1",187500,IF(G79="TT1",187500,IF(G79="DT2",97500,IF(G79="TT2",97500,IF(G79="DT3",75000,75000))))))) -> 97500 | J79: THIỆN | K79: =IF(G79="DTDB",300000,IF(G79="TTDB",300000,IF(G79="DT1",135000,IF(G79="TT1",135000,IF(G79="DT2",75000,IF(G79="TT2",75000,IF(G79="DT3",45000,45000))))))) -> 75000 | L79: - | M79: =IF(L79="-",0,IF(G79="DTDB",300000,IF(G79="TTDB",300000,IF(G79="DT1",135000,IF(G79="TT1",135000,IF(G79="DT2",75000,IF(G79="TT2",75000,IF(G79="DT3",45000,45000)))))))) -> 0 | N79: =I79+K79+M79 -> 172500
A80: 73 | B80: 16/9/2025 | C80: Trần Văn Năm | D80: 36 | F80: Lấy dụng cụ | G80: TT2 | H80: V.TÂN | I80: =IF(G80="DTDB",420000,IF(G80="TTDB",420000,IF(G80="DT1",187500,IF(G80="TT1",187500,IF(G80="DT2",97500,IF(G80="TT2",97500,IF(G80="DT3",75000,75000))))))) -> 97500 | J80: VINH | K80: =IF(G80="DTDB",300000,IF(G80="TTDB",300000,IF(G80="DT1",135000,IF(G80="TT1",135000,IF(G80="DT2",75000,IF(G80="TT2",75000,IF(G80="DT3",45000,45000))))))) -> 75000 | L80: - | M80: =IF(L80="-",0,IF(G80="DTDB",300000,IF(G80="TTDB",300000,IF(G80="DT1",135000,IF(G80="TT1",135000,IF(G80="DT2",75000,IF(G80="TT2",75000,IF(G80="DT3",45000,45000)))))))) -> 0 | N80: =I80+K80+M80 -> 172500
A81: 74 | B81: 17/9/2025 | C81: Lưu Thị Xiếm Em | E81: 48 | F81: Rút đinh, tháo phẫu thuật KHX | G81: TT2 | H81: V.TÂN | I81: =IF(G81="DTDB",420000,IF(G81="TTDB",420000,IF(G81="DT1",187500,IF(G81="TT1",187500,IF(G81="DT2",97500,IF(G81="TT2",97500,IF(G81="DT3",75000,75000))))))) -> 97500 | J81: CÔNG | K81: =IF(G81="DTDB",300000,IF(G81="TTDB",300000,IF(G81="DT1",135000,IF(G81="TT1",135000,IF(G81="DT2",75000,IF(G81="TT2",75000,IF(G81="DT3",45000,45000))))))) -> 75000 | L81: - | M81: =IF(L81="-",0,IF(G81="DTDB",300000,IF(G81="TTDB",300000,IF(G81="DT1",135000,IF(G81="TT1",135000,IF(G81="DT2",75000,IF(G81="TT2",75000,IF(G81="DT3",45000,45000)))))))) -> 0 | N81: =I81+K81+M81 -> 172500
A82: 75 | B82: 19/9/2025 | C82: Nguyễn Minh Tuấn | D82: 41 | F82: Lấy dụng cụ | G82: TT2 | H82: V.TÂN | I82: =IF(G82="DTDB",420000,IF(G82="TTDB",420000,IF(G82="DT1",187500,IF(G82="TT1",187500,IF(G82="DT2",97500,IF(G82="TT2",97500,IF(G82="DT3",75000,75000))))))) -> 97500 | J82: NGHIÊM | K82: =IF(G82="DTDB",300000,IF(G82="TTDB",300000,IF(G82="DT1",135000,IF(G82="TT1",135000,IF(G82="DT2",75000,IF(G82="TT2",75000,IF(G82="DT3",45000,45000))))))) -> 75000 | L82: - | M82: =IF(L82="-",0,IF(G82="DTDB",300000,IF(G82="TTDB",300000,IF(G82="DT1",135000,IF(G82="TT1",135000,IF(G82="DT2",75000,IF(G82="TT2",75000,IF(G82="DT3",45000,45000)))))))) -> 0 | N82: =I82+K82+M82 -> 172500
A83: 76 | B83: 21/9/2025 | C83: Biện Văn Khải | D83: 74 | F83: PT làm mỏm cụt ngón và đốt bàn ngón | G83: TT2 | H83: ĐIỀN | I83: =IF(G83="DTDB",420000,IF(G83="TTDB",420000,IF(G83="DT1",187500,IF(G83="TT1",187500,IF(G83="DT2",97500,IF(G83="TT2",97500,IF(G83="DT3",75000,75000))))))) -> 97500 | J83: THIỆN | K83: =IF(G83="DTDB",300000,IF(G83="TTDB",300000,IF(G83="DT1",135000,IF(G83="TT1",135000,IF(G83="DT2",75000,IF(G83="TT2",75000,IF(G83="DT3",45000,45000))))))) -> 75000 | L83: - | M83: =IF(L83="-",0,IF(G83="DTDB",300000,IF(G83="TTDB",300000,IF(G83="DT1",135000,IF(G83="TT1",135000,IF(G83="DT2",75000,IF(G83="TT2",75000,IF(G83="DT3",45000,45000)))))))) -> 0 | N83: =I83+K83+M83 -> 172500
A84: 77 | B84: 22/9/2025 | C84: Hồ Thị Hiền | E84: 51 | F84: Cắt lọc hoại tử ổ loét vết thương mạn tính | G84: TT2 | H84: ĐIỀN | I84: =IF(G84="DTDB",420000,IF(G84="TTDB",420000,IF(G84="DT1",187500,IF(G84="TT1",187500,IF(G84="DT2",97500,IF(G84="TT2",97500,IF(G84="DT3",75000,75000))))))) -> 97500 | J84: THIỆN | K84: =IF(G84="DTDB",300000,IF(G84="TTDB",300000,IF(G84="DT1",135000,IF(G84="TT1",135000,IF(G84="DT2",75000,IF(G84="TT2",75000,IF(G84="DT3",45000,45000))))))) -> 75000 | L84: - | M84: =IF(L84="-",0,IF(G84="DTDB",300000,IF(G84="TTDB",300000,IF(G84="DT1",135000,IF(G84="TT1",135000,IF(G84="DT2",75000,IF(G84="TT2",75000,IF(G84="DT3",45000,45000)))))))) -> 0 | N84: =I84+K84+M84 -> 172500
A85: 78 | B85: 23/9/2025 | C85: Lê Thị Cẩm Duyên | E85: 21 | F85: Lấy dụng cụ | G85: TT2 | H85: TOẢN | I85: =IF(G85="DTDB",420000,IF(G85="TTDB",420000,IF(G85="DT1",187500,IF(G85="TT1",187500,IF(G85="DT2",97500,IF(G85="TT2",97500,IF(G85="DT3",75000,75000))))))) -> 97500 | J85: CÔNG | K85: =IF(G85="DTDB",300000,IF(G85="TTDB",300000,IF(G85="DT1",135000,IF(G85="TT1",135000,IF(G85="DT2",75000,IF(G85="TT2",75000,IF(G85="DT3",45000,45000))))))) -> 75000 | L85: - | M85: =IF(L85="-",0,IF(G85="DTDB",300000,IF(G85="TTDB",300000,IF(G85="DT1",135000,IF(G85="TT1",135000,IF(G85="DT2",75000,IF(G85="TT2",75000,IF(G85="DT3",45000,45000)))))))) -> 0 | N85: =I85+K85+M85 -> 172500
A86: 79 | B86: 23/9/2025 | C86: Dương Thị Thơ | E86: 85 | F86: Cắt lọc hoại tử ổ loét vết thương mạn tính | G86: TT2 | H86: V.TÂN | I86: =IF(G86="DTDB",420000,IF(G86="TTDB",420000,IF(G86="DT1",187500,IF(G86="TT1",187500,IF(G86="DT2",97500,IF(G86="TT2",97500,IF(G86="DT3",75000,75000))))))) -> 97500 | J86: TUẤN | K86: =IF(G86="DTDB",300000,IF(G86="TTDB",300000,IF(G86="DT1",135000,IF(G86="TT1",135000,IF(G86="DT2",75000,IF(G86="TT2",75000,IF(G86="DT3",45000,45000))))))) -> 75000 | L86: - | M86: =IF(L86="-",0,IF(G86="DTDB",300000,IF(G86="TTDB",300000,IF(G86="DT1",135000,IF(G86="TT1",135000,IF(G86="DT2",75000,IF(G86="TT2",75000,IF(G86="DT3",45000,45000)))))))) -> 0 | N86: =I86+K86+M86 -> 172500
A87: 80 | B87: 23/9/2025 | C87: Lê Thị Mận | E87: 74 | F87: Cắt lọc hoại tử ổ loét vết thương mạn tính | G87: TT2 | H87: V.TÂN | I87: =IF(G87="DTDB",420000,IF(G87="TTDB",420000,IF(G87="DT1",187500,IF(G87="TT1",187500,IF(G87="DT2",97500,IF(G87="TT2",97500,IF(G87="DT3",75000,75000))))))) -> 97500 | J87: TUẤN | K87: =IF(G87="DTDB",300000,IF(G87="TTDB",300000,IF(G87="DT1",135000,IF(G87="TT1",135000,IF(G87="DT2",75000,IF(G87="TT2",75000,IF(G87="DT3",45000,45000))))))) -> 75000 | L87: - | M87: =IF(L87="-",0,IF(G87="DTDB",300000,IF(G87="TTDB",300000,IF(G87="DT1",135000,IF(G87="TT1",135000,IF(G87="DT2",75000,IF(G87="TT2",75000,IF(G87="DT3",45000,45000)))))))) -> 0 | N87: =I87+K87+M87 -> 172500
C88: Tổng cộng | I88: =SUM(I8:I87) -> 22192500 | K88: =SUM(K8:K87) -> 16005000 | M88: =SUM(M8:M87) -> 14055000 | N88: =SUM(N8:N87) -> 52252500
K89: Cần Thơ, ngày 21 tháng 10 năm 2025
B90: Lập bảng | K90: Trưởng khoa
B94: Phan Văn Hiếu | K94: ThS. Bs.CKII. Nguyễn Lê Hoan

Sheet lanh tien PT_BHYT
A1: BV TRƯỜNG ĐHYD CẦN THƠ
A2: KHOA NGOẠI CTCH-TK
A3: DANH SÁCH LÃNH TIỀN THÙ LAO THÁNG 9/2025
A4: (BHYT)
A6: STT | B6: HỌ TÊN | C6: CHỨC VỤ | D6: SỐ TÀI KHOẢN | E6: SỐ TIỀN | F6: Thuế 10%
A7: 1 | B7: Phạm Việt Triều | C7: Bác sĩ | D7: 102006610216 | E7: =SUM(SUMIF(phauthuat_BHYT!$H$8:$H$93,"TRIỀU",phauthuat_BHYT!$I$8:$I$93),SUMIF(phauthuat_BHYT!$J$8:$J$93,"TRIỀU",phauthuat_BHYT!$K$8:$K$93),SUMIF(phauthuat_BHYT!$L$8:$L$93,"TRIỀU",phauthuat_BHYT!$M$8:$M$93)) -> 840000
A8: 2 | B8: Nguyễn Thành Tấn | C8: Bác sĩ | D8: 103006610215 | E8: =SUM(SUMIF(phauthuat_BHYT!$H$8:$H$93,"TẤN",phauthuat_BHYT!$I$8:$I$93),SUMIF(phauthuat_BHYT!$J$8:$J$93,"TẤN",phauthuat_BHYT!$K$8:$K$93),SUMIF(phauthuat_BHYT!$L$8:$L$93,"TẤN",phauthuat_BHYT!$M$8:$M$93)) -> 420000
A9: 3 | B9: Nguyễn Lê Hoan | C9: Bác sĩ | D9: 100006610218 | E9: =SUM(SUMIF(phauthuat_BHYT!$H$8:$H$93,"HOAN",phauthuat_BHYT!$I$8:$I$93),SUMIF(phauthuat_BHYT!$J$8:$J$93,"HOAN",phauthuat_BHYT!$K$8:$K$93),SUMIF(phauthuat_BHYT!$L$8:$L$93,"HOAN",phauthuat_BHYT!$M$8:$M$93)) -> 7860000
A10: 4 | B10: Nguyễn Chí Nguyện | C10: Bác sĩ | D10: 105001159195 | E10: =SUM(SUMIF(phauthuat_BHYT!$H$8:$H$93,"NGUYỆN",phauthuat_BHYT!$I$8:$I$93),SUMIF(phauthuat_BHYT!$J$8:$J$93,"NGUYỆN",phauthuat_BHYT!$K$8:$K$93),SUMIF(phauthuat_BHYT!$L$8:$L$93,"NGUYỆN",phauthuat_BHYT!$M$8:$M$93)) -> 9390000
A11: 5 | B11: Hồ Điền | C11: Bác sĩ | D11: 105001225232 | E11: =SUM(SUMIF(phauthuat_BHYT!$H$8:$H$93,"ĐIỀN",phauthuat_BHYT!$I$8:$I$93),SUMIF(phauthuat_BHYT!$J$8:$J$93,"ĐIỀN",phauthuat_BHYT!$K$8:$K$93),SUMIF(phauthuat_BHYT!$L$8:$L$93,"ĐIỀN",phauthuat_BHYT!$M$8:$M$93)) -> 4507500
A12: 6 | B12: Trần Quốc Toản | C12: Bác sĩ | D12: 107868829237 | E12: =SUM(SUMIF(phauthuat_BHYT!$H$8:$H$93,"TOẢN",phauthuat_BHYT!$I$8:$I$93),SUMIF(phauthuat_BHYT!$J$8:$J$93,"TOẢN",phauthuat_BHYT!$K$8:$K$93),SUMIF(phauthuat_BHYT!$L$8:$L$93,"TOẢN",phauthuat_BHYT!$M$8:$M$93)) -> 5415000
A13: 7 | B13: Phạm Việt Tân | C13: Bác sĩ | D13: 104000362303 | E13: =SUM(SUMIF(phauthuat_BHYT!$H$8:$H$93,"v.tân",phauthuat_BHYT!$I$8:$I$93),SUMIF(phauthuat_BHYT!$J$8:$J$93,"v.tân",phauthuat_BHYT!$K$8:$K$93),SUMIF(phauthuat_BHYT!$L$8:$L$93,"v.tân",phauthuat_BHYT!$M$8:$M$93)) -> 3855000
A14: 8 | B14: Phan Văn Tuấn | C14: Bác sĩ | D14: 105872433048 | E14: =SUM(SUMIF(phauthuat_BHYT!$H$8:$H$93,"TUẤN",phauthuat_BHYT!$I$8:$I$93),SUMIF(phauthuat_BHYT!$J$8:$J$93,"TUẤN",phauthuat_BHYT!$K$8:$K$93),SUMIF(phauthuat_BHYT!$L$8:$L$93,"TUẤN",phauthuat_BHYT!$M$8:$M$93)) -> 5355000
A15: 9 | B15: Trần Quang Sơn | C15: Bác sĩ | D15: 107004193662 | E15: =SUM(SUMIF(phauthuat_BHYT!$H$8:$H$93,"sơn",phauthuat_BHYT!$I$8:$I$93),SUMIF(phauthuat_BHYT!$J$8:$J$93,"sơn",phauthuat_BHYT!$K$8:$K$93),SUMIF(phauthuat_BHYT!$L$8:$L$93,"sơn",phauthuat_BHYT!$M$8:$M$93)) -> 0
A16: 10 | B16: Điều Tấn Kiệt | C16: Bác sĩ (nt) | D16: 105883051352 | E16: =SUM(SUMIF(phauthuat_BHYT!$H$8:$H$93,"kiệt",phauthuat_BHYT!$I$8:$I$93),SUMIF(phauthuat_BHYT!$J$8:$J$93,"kiệt",phauthuat_BHYT!$K$8:$K$93),SUMIF(phauthuat_BHYT!$L$8:$L$93,"kiệt",phauthuat_BHYT!$M$8:$M$93)) -> 1080000
A17: 11 | B17: Nguyễn Lê Duy Phong | C17: Bác sĩ (nt) | E17: =SUM(SUMIF(phauthuat_BHYT!$H$8:$H$93,"phong",phauthuat_BHYT!$I$8:$I$93),SUMIF(phauthuat_BHYT!$J$8:$J$93,"phong",phauthuat_BHYT!$K$8:$K$93),SUMIF(phauthuat_BHYT!$L$8:$L$93,"phong",phauthuat_BHYT!$M$8:$M$93)) -> 300000
A18: 12 | B18: Trương Đại Lợi | C18: Bác sĩ (nt) | E18: =SUM(SUMIF(phauthuat_BHYT!$H$8:$H$93,"lợi",phauthuat_BHYT!$I$8:$I$93),SUMIF(phauthuat_BHYT!$J$8:$J$93,"lợi",phauthuat_BHYT!$K$8:$K$93),SUMIF(phauthuat_BHYT!$L$8:$L$93,"lợi",phauthuat_BHYT!$M$8:$M$93)) -> 810000
A19: 13 | B19: Nguyễn Chí Thanh | C19: Bác sĩ (nt) | E19: =SUM(SUMIF(phauthuat_BHYT!$H$8:$H$93,"thanh",phauthuat_BHYT!$I$8:$I$93),SUMIF(phauthuat_BHYT!$J$8:$J$93,"thanh",phauthuat_BHYT!$K$8:$K$93),SUMIF(phauthuat_BHYT!$L$8:$L$93,"thanh",phauthuat_BHYT!$M$8:$M$93)) -> 1020000
A20: 14 | B20: Nguyễn Trần Khánh Đan | C20: Bác sĩ (nt) | D20: 105880975165 | E20: =SUM(SUMIF(phauthuat_BHYT!$H$8:$H$93,"ĐAN",phauthuat_BHYT!$I$8:$I$93),SUMIF(phauthuat_BHYT!$J$8:$J$93,"ĐAN",phauthuat_BHYT!$K$8:$K$93),SUMIF(phauthuat_BHYT!$L$8:$L$93,"ĐAN",phauthuat_BHYT!$M$8:$M$93)) -> 945000
A21: 15 | B21: Phạm Công Hậu | C21: Bác sĩ (nt) | D21: 102879258199 | E21: =SUM(SUMIF(phauthuat_BHYT!$H$8:$H$93,"HẬU",phauthuat_BHYT!$I$8:$I$93),SUMIF(phauthuat_BHYT!$J$8:$J$93,"HẬU",phauthuat_BHYT!$K$8:$K$93),SUMIF(phauthuat_BHYT!$L$8:$L$93,"HẬU",phauthuat_BHYT!$M$8:$M$93)) -> 1320000
A22: 16 | B22: Trang Gia Vinh | C22: Bác sĩ (nt) | D22: 109880991105 | E22: =SUM(SUMIF(phauthuat_BHYT!$H$8:$H$93,"VINH",phauthuat_BHYT!$I$8:$I$93),SUMIF(phauthuat_BHYT!$J$8:$J$93,"VINH",phauthuat_BHYT!$K$8:$K$93),SUMIF(phauthuat_BHYT!$L$8:$L$93,"VINH",phauthuat_BHYT!$M$8:$M$93)) -> 1530000
A23: 17 | B23: Bùi Quan Tấn | C23: Bác sĩ (nt) | D23: 109881014321 | E23: =SUM(SUMIF(phauthuat_BHYT!$H$8:$H$93,"Q.TẤN",phauthuat_BHYT!$I$8:$I$93),SUMIF(phauthuat_BHYT!$J$8:$J$93,"Q.TẤN",phauthuat_BHYT!$K$8:$K$93),SUMIF(phauthuat_BHYT!$L$8:$L$93,"Q.TẤN",phauthuat_BHYT!$M$8:$M$93)) -> 1425000
A24: 18 | B24: Tào Nhật Hào | C24: Bác sĩ (nt) | D24: 102880994246 | E24: =SUM(SUMIF(phauthuat_BHYT!$H$8:$H$93,"HÀO",phauthuat_BHYT!$I$8:$I$93),SUMIF(phauthuat_BHYT!$J$8:$J$93,"HÀO",phauthuat_BHYT!$K$8:$K$93),SUMIF(phauthuat_BHYT!$L$8:$L$93,"HÀO",phauthuat_BHYT!$M$8:$M$93)) -> 360000
A25: 19 | B25: Huỳnh Phúc Nguyên | C25: Bác sĩ (nt) | D25: 100881016109 | E25: =SUM(SUMIF(phauthuat_BHYT!$H$8:$H$93,"NGUYÊN",phauthuat_BHYT!$I$8:$I$93),SUMIF(phauthuat_BHYT!$J$8:$J$93,"NGUYÊN",phauthuat_BHYT!$K$8:$K$93),SUMIF(phauthuat_BHYT!$L$8:$L$93,"NGUYÊN",phauthuat_BHYT!$M$8:$M$93)) -> 1335000
A26: 20 | B26: Nguyễn Văn Nghiêm | C26: Bác sĩ (nt) | D26: 108883113558 | E26: =SUM(SUMIF(phauthuat_BHYT!$H$8:$H$93,"NGHIÊM",phauthuat_BHYT!$I$8:$I$93),SUMIF(phauthuat_BHYT!$J$8:$J$93,"NGHIÊM",phauthuat_BHYT!$K$8:$K$93),SUMIF(phauthuat_BHYT!$L$8:$L$93,"NGHIÊM",phauthuat_BHYT!$M$8:$M$93)) -> 375000
A27: 21 | B27: Đỗ Thành Công | C27: Bác sĩ (nt) | D27: 109881609351 | E27: =SUM(SUMIF(phauthuat_BHYT!$H$8:$H$93,"CÔNG",phauthuat_BHYT!$I$8:$I$93),SUMIF(phauthuat_BHYT!$J$8:$J$93,"CÔNG",phauthuat_BHYT!$K$8:$K$93),SUMIF(phauthuat_BHYT!$L$8:$L$93,"CÔNG",phauthuat_BHYT!$M$8:$M$93)) -> 150000
A28: 22 | B28: Võ Ngọc Thiện | C28: Bác sĩ (nt) | D28: 102885267089 | E28: =SUM(SUMIF(phauthuat_BHYT!$H$8:$H$93,"THIỆN",phauthuat_BHYT!$I$8:$I$93),SUMIF(phauthuat_BHYT!$J$8:$J$93,"THIỆN",phauthuat_BHYT!$K$8:$K$93),SUMIF(phauthuat_BHYT!$L$8:$L$93,"THIỆN",phauthuat_BHYT!$M$8:$M$93)) -> 1425000
A29: 23 | B29: Nguyễn Hoài Linh | C29: Bác sĩ (nt) | E29: =SUM(SUMIF(phauthuat_BHYT!$H$8:$H$93,"LINH",phauthuat_BHYT!$I$8:$I$93),SUMIF(phauthuat_BHYT!$J$8:$J$93,"LINH",phauthuat_BHYT!$K$8:$K$93),SUMIF(phauthuat_BHYT!$L$8:$L$93,"LINH",phauthuat_BHYT!$M$8:$M$93)) -> 300000
A30: 24 | B30: Nguyễn Hoài Đức | C30: Bác sĩ (nt) | D30: 101883256042 | E30: =SUM(SUMIF(phauthuat_BHYT!$H$8:$H$93,"ĐỨC",phauthuat_BHYT!$I$8:$I$93),SUMIF(phauthuat_BHYT!$J$8:$J$93,"ĐỨC",phauthuat_BHYT!$K$8:$K$93),SUMIF(phauthuat_BHYT!$L$8:$L$93,"ĐỨC",phauthuat_BHYT!$M$8:$M$93)) -> 2235000
B31: TỔNG CỘNG | E31: =SUM(E7:E30) -> 52252500
D33: Cần Thơ, ngày 21 tháng 10 năm 2025
A34: Người lập bảng | D34: Trưởng khoa
A38: ĐD. Phan Văn Hiếu | D38: ThS.Bs.CKII. Nguyễn Lê Hoan

Sheet Thực lãnh
A1: BV TRƯỜNG ĐHYD CẦN THƠ
A2: KHOA NGOẠI CTCH-TK
A3: DANH SÁCH LÃNH TIỀN THÙ LAO THÁNG 9/2025
A4: (BHYT)
A6: STT | B6: HỌ TÊN | C6: CHỨC VỤ | D6: SỐ TÀI KHOẢN | E6: SỐ TIỀN | F6: SỐ TIỀN | G6: KÝ NHẬN
A7: 1 | B7: Phạm Việt Triều | C7: Bác sĩ | D7: 102006610216 | E7: =SUM(SUMIF(phauthuat_BHYT!$H$8:$H$93,"TRIỀU",phauthuat_BHYT!$I$8:$I$93),SUMIF(phauthuat_BHYT!$J$8:$J$93,"TRIỀU",phauthuat_BHYT!$K$8:$K$93),SUMIF(phauthuat_BHYT!$L$8:$L$93,"TRIỀU",phauthuat_BHYT!$M$8:$M$93)) -> 840000 | F7: =E7 -> 840000
A8: 2 | B8: Nguyễn Thành Tấn | C8: Bác sĩ | D8: 103006610215 | E8: =SUM(SUMIF(phauthuat_BHYT!$H$8:$H$93,"TẤN",phauthuat_BHYT!$I$8:$I$93),SUMIF(phauthuat_BHYT!$J$8:$J$93,"TẤN",phauthuat_BHYT!$K$8:$K$93),SUMIF(phauthuat_BHYT!$L$8:$L$93,"TẤN",phauthuat_BHYT!$M$8:$M$93)) -> 420000 | F8: =E8 -> 420000
A9: 3 | B9: Nguyễn Lê Hoan | C9: Bác sĩ | D9: 100006610218 | E9: =SUM(SUMIF(phauthuat_BHYT!$H$8:$H$93,"HOAN",phauthuat_BHYT!$I$8:$I$93),SUMIF(phauthuat_BHYT!$J$8:$J$93,"HOAN",phauthuat_BHYT!$K$8:$K$93),SUMIF(phauthuat_BHYT!$L$8:$L$93,"HOAN",phauthuat_BHYT!$M$8:$M$93)) -> 7860000 | F9: =E9+I27 -> 14460000
A10: 4 | B10: Nguyễn Chí Nguyện | C10: Bác sĩ | D10: 105001159195 | E10: =SUM(SUMIF(phauthuat_BHYT!$H$8:$H$93,"NGUYỆN",phauthuat_BHYT!$I$8:$I$93),SUMIF(phauthuat_BHYT!$J$8:$J$93,"NGUYỆN",phauthuat_BHYT!$K$8:$K$93),SUMIF(phauthuat_BHYT!$L$8:$L$93,"NGUYỆN",phauthuat_BHYT!$M$8:$M$93)) -> 9390000 | F10: =E10 -> 9390000
A11: 5 | B11: Hồ Điền | C11: Bác sĩ | D11: 105001225232 | E11: =SUM(SUMIF(phauthuat_BHYT!$H$8:$H$93,"ĐIỀN",phauthuat_BHYT!$I$8:$I$93),SUMIF(phauthuat_BHYT!$J$8:$J$93,"ĐIỀN",phauthuat_BHYT!$K$8:$K$93),SUMIF(phauthuat_BHYT!$L$8:$L$93,"ĐIỀN",phauthuat_BHYT!$M$8:$M$93)) -> 4507500 | F11: =E11+I17 -> 9982500
A12: 6 | B12: Trần Quốc Toản | C12: Bác sĩ | D12: 107868829237 | E12: =SUM(SUMIF(phauthuat_BHYT!$H$8:$H$93,"TOẢN",phauthuat_BHYT!$I$8:$I$93),SUMIF(phauthuat_BHYT!$J$8:$J$93,"TOẢN",phauthuat_BHYT!$K$8:$K$93),SUMIF(phauthuat_BHYT!$L$8:$L$93,"TOẢN",phauthuat_BHYT!$M$8:$M$93)) -> 5415000 | F12: =E12 -> 5415000
A13: 7 | B13: Đặng Phước Giàu | C13: Bác sĩ | D13: 105867664283 | E13: =SUM(SUMIF(phauthuat_BHYT!$H$8:$H$93,"giàu",phauthuat_BHYT!$I$8:$I$93),SUMIF(phauthuat_BHYT!$J$8:$J$93,"giàu",phauthuat_BHYT!$K$8:$K$93),SUMIF(phauthuat_BHYT!$L$8:$L$93,"giàu",phauthuat_BHYT!$M$8:$M$93)) -> 0 | F13: =E13+I22 -> 0
A14: 8 | B14: Phạm Việt Tân | C14: Bác sĩ | D14: 104000362303 | F14: ='lanh tien PT_BHYT'!E13+I29 -> 6390000
A15: 10 | B15: Phan Văn Tuấn | C15: Bác sĩ | D15: 105872433048 | F15: ='lanh tien PT_BHYT'!E14 -> 5355000
A16: 11 | B16: Trần Quang Sơn | C16: Bác sĩ | D16: 107004193662 | F16: ='lanh tien PT_BHYT'!E15 -> 0
A17: 12 | B17: Võ Dương Thành Thái | C17: Bác sĩ (nt) | H17: BS.ĐIỀN | I17: =SUM('lanh tien PT_BHYT'!E16:E21) -> 5475000
A18: 13 | B18: Văn Minh Khén | C18: Bác sĩ (nt)
A19: 14 | B19: Nguyễn Đông Khang | C19: Bác sĩ (nt)
A20: 15 | B20: Nguyễn Đình Luật | C20: Bác sĩ (nt)
A21: 16 | B21: Lê Nhỉ Khang | C21: Bác sĩ (nt)
A22: 17 | B22: Phạm Văn Hưởng | C22: Bác sĩ (nt)
A23: 18 | B23: Trần Trung Nghĩa | C23: Bác sĩ (nt)
A24: 19 | B24: Nguyễn Trung Nhị | C24: Bác sĩ (nt)
A25: 20 | B25: Nguyễn Trần Khánh Đan | C25: Bác sĩ (nt)
A26: 21 | B26: Phạm Công Hậu | C26: Bác sĩ (nt)
A27: 22 | B27: Trang Gia Vinh | C27: Bác sĩ (nt) | H27: BS.HOAN | I27: =SUM('lanh tien PT_BHYT'!E22:E28) -> 6600000
A28: 23 | B28: Bùi Quan Tấn | C28: Bác sĩ (nt)
A29: 24 | B29: Tào Nhật Hào | C29: Bác sĩ (nt) | H29: BS.TÂN | I29: =SUM('lanh tien PT_BHYT'!E29:E30) -> 2535000
A30: 25 | B30: Huỳnh Phúc Nguyên | C30: Bác sĩ (nt)
B31: TỔNG CỘNG | E31: =SUM(E7:E15) -> 28432500 | F31: =SUM(F7:F22) -> 52252500
D33: Cần Thơ, ngày 21 tháng 10 năm 2025
A34: Người lập bảng | D34: Trưởng khoa
A38: Phan Văn Hiếu | D38: ThS.Bs.CKII. Nguyễn Lê Hoan

Sheet Bác sĩ điều trị
A1: BV TRƯỜNG ĐHYD CẦN THƠ
A2: KHOA NGOẠI CTCH-TK
A3: DANH SÁCH LÃNH TIỀN THÙ LAO THÁNG 9/2025
A4: (BÁC SĨ ĐIỀU TRỊ)
A6: STT | B6: HỌ TÊN | C6: chức vụ | D6: SỐ TIỀN | E6: KÝ NHẬN
A7: 1 | B7: Phạm Việt Triều | C7: Bác sĩ | D7: -
A8: 2 | B8: Nguyễn Thành Tấn | C8: Bác sĩ | D8: -
A9: 3 | B9: Nguyễn Lê Hoan | C9: Bác sĩ | D9: =12000000*0.25 -> 3000000
A10: 4 | B10: Trần Quang Sơn | C10: Bác sĩ | D10: -
A11: 5 | B11: Nguyễn Chí Nguyện | C11: Bác sĩ | D11: -
A12: 6 | B12: Bùi Công Minh | C12: Bác sĩ | D12: -
A13: 7 | B13: Hồ Điền | C13: Bác sĩ | D13: =12000000*0.25 -> 3000000
A14: 8 | B14: Phạm Việt Tân | C14: Bác sĩ | D14: -
A15: 9 | B15: Đặng Phước Giàu | C15: Bác sĩ | D15: -
A16: 10 | B16: Trần Quốc Toản | C16: Bác sĩ | D16: -
A17: 11 | B17: Nguyễn Hữu Đạt | C17: Bác sĩ | D17: -
A18: 12 | B18: Nguyễn Giang Tử | C18: Bác sĩ | D18: =12000000*0.25 -> 3000000
A19: 13 | B19: Nguyễn Tư Thái Bảo | C19: Bác sĩ | D19: =12000000*0.125 -> 1500000
A20: 14 | B20: Trần Nguyễn Anh Duy | C20: Bác sĩ | D20: =12000000*0.125 -> 1500000
B21: TỔNG CỘNG | D21: =SUM(D7:D20) -> 12000000
D23: Cần Thơ, ngày 22 tháng 02 năm 2024
A24: Người lập bảng | D24: Trưởng khoa

Sheet lanh tien PT1
A1: BV TRƯỜNG ĐHYD CẦN THƠ
A2: KHOA NGOẠI CTCH-TK
B3: DANH SÁCH LÃNH TIỀN THÙ LAO THÁNG 8/2025
C4: (Phẫu thuật)
A6: STT | B6: HỌ TÊN | C6: chức vụ | D6: SỐ TIỀN | E6: KÝ NHẬN
A7: 1 | B7: Phạm Việt Triều | C7: Bác sĩ | D7: -
A8: 2 | B8: Nguyễn Thành Tấn | C8: Bác sĩ | D8: -
A9: 3 | B9: Lê Dũng | C9: Bác sĩ | D9: -
A10: 4 | B10: Nguyễn Lê Hoan | C10: Bác sĩ | D10: -
A11: 5 | B11: Nguyễn Tâm Từ | C11: Bác sĩ | D11: -
A12: 6 | B12: Hoàng Minh Tú | C12: Bác sĩ | D12: -
A13: 7 | B13: Nguyễn Hữu Thuyết | C13: Bác sĩ | D13: -
A14: 8 | B14: Nguyễn Thanh Huy | C14: Bác sĩ | D14: -
A15: 9 | B15: Trần Mạnh Dũng | C15: Bác sĩ | D15: - | G15: =156835+2786922+430040+555554+167000 -> 4096351
A16: 10 | B16: Trần Quang Sơn | C16: Bác sĩ (nt) | D16: - | G16: =G15*9 -> 36867159
A17: 11 | B17: Lê Thế Hiển | C17: Bác sĩ (nt) | D17: - | G17: =G16/19 -> 1940376.8
A18: 12 | B18: Lê Minh Dương | C18: Bác sĩ (nt) | D18: - | G18: =G17*2 -> 3880753.6
A20: 1 | B20: Phan Văn Hiếu | C20: Điều dưỡng | D20: =G27 -> 3196228.7 | E20: =G18 -> 3880753.6
A21: 2 | B21: Võ Thị Yến Nhi | C21: Điều dưỡng | D21: =D20 -> 3196228.7 | E21: =E20 -> 3880753.6
A22: 3 | B22: Nguyễn Kim Ngân | C22: Điều dưỡng | D22: =D20 -> 3196228.7 | E22: =E20 -> 3880753.6
A23: 4 | B23: Võ Phương Duy | C23: Điều dưỡng | D23: =D20 -> 3196228.7 | E23: =E20 -> 3880753.6 | L23: =1500000/9 -> 166666.67
A24: 5 | B24: Lê Ngọc Diệu | C24: Điều dưỡng | D24: =D20 -> 3196228.7 | E24: =E20 -> 3880753.6 | G24: =156835+2786922+430040 -> 3373797
A25: 6 | B25: Trần Quỳnh Minh Thư | C25: Điều dưỡng | D25: =D20 -> 3196228.7 | E25: =E20 -> 3880753.6 | G25: =G24*9 -> 30364173
A26: 7 | B26: Lê Thị Tuyết Đoan | C26: Điều dưỡng | D26: - | G26: =G25/19 -> 1598114.4
A27: 8 | B27: Thạch Thị Thúy Đa | C27: Điều dưỡng | D27: =D20 -> 3196228.7 | E27: =E20 -> 3880753.6 | G27: =G26*2 -> 3196228.7
A28: 9 | B28: Nguyễn Lê Duy Anh | C28: Điều dưỡng | D28: =D20 -> 3196228.7 | E28: =E20 -> 3880753.6
A29: 10 | B29: Lê Kim Hoàn | C29: Điều dưỡng | D29: =D28 -> 3196228.7 | E29: =E20 -> 3880753.6
A30: 11 | B30: Nguyễn Thị Như Ý | C30: Hộ Lí | D30: =G26+4 -> 1598118.4 | E30: =G17+6 -> 1940382.8
B31: TỔNG CỘNG | D31: =SUM(D20:D30) -> 30364177 | E31: =SUM(E20:E30) -> 36867165
D34: Cần Thơ, ngày 25 tháng 09 năm 2017
A35: Người lập bảng | D35: Trưởng khoa

Sheet thu thuat
B1: BV TRƯỜNG ĐHYD CẦN THƠ
B2: KHOA NGOẠI CTCH-TK
B3: BẢNG KÊ TIỀN TIỂU THỦ THUẬT
B4: (THÁNG 9/2025)
B5: STT | C5: NGÀY | D5: TÊN BỆNH NHÂN | E5: TUỔI | F5: PHƯƠNG PHÁP THỦ THUẬT | G5: SỐ LẦN | H5: TỔNG THU | I5: THỰC LÃNH
B7: 1 | C7: 01/09/2025 | D7: NGUYỄN THÀNH KHÁNH | E7: 57 Tuổi | F7: Nắn, bó bột gãy một xương cẳng tay [bột liền] | G7: 1 | H7: 500000 | I7: =H7*25%*75% -> 93750
B8: 2 | C8: 02/09/2025 | D8: NGUYỄN THỊ NGỌC HUỆ | E8: 60 Tuổi | F8: Truyền tĩnh mạch | G8: 4 | H8: 400000 | I8: =H8*25%*75% -> 75000
B9: 3 | C9: 02/09/2025 | D9: LÊ HỒNG QUANG | E9: 76 Tuổi | F9: Truyền tĩnh mạch | G9: 5 | H9: 500000 | I9: =H9*25%*75% -> 93750
B10: 4 | C10: 02/09/2025 | D10: LÊ HỒNG QUANG | E10: 76 Tuổi | F10: Thay băng, cắt chỉ vết mổ | G10: 4 | H10: 400000 | I10: =H10*25%*75% -> 75000
B11: 5 | C11: 02/09/2025 | D11: NGUYỄN THỊ NGỌC HUỆ | E11: 60 Tuổi | F11: Nắn, bó bột gãy xương chày [bột liền] | G11: 1 | H11: 535000 | I11: =H11*25%*75% -> 100312.5
B12: 6 | C12: 03/09/2025 | D12: PHAN THANH LIÊM | E12: 72 Tuổi | F12: Tháo bột (nhỏ) | G12: 1 | H12: 100000 | I12: =H12*25%*75% -> 18750
B13: 7 | C13: 03/09/2025 | D13: HOÀNG ANH NHẬT TRƯỜNG | E13: 34 Tuổi | F13: Cắt chỉ sau phẫu thuật | G13: 1 | H13: 100000 | I13: =H13*25%*75% -> 18750
B14: 8 | C14: 03/09/2025 | D14: LÂM THỊ HUỆ CHI | E14: 35 Tuổi | F14: Cắt chỉ sau phẫu thuật | G14: 1 | H14: 100000 | I14: =H14*25%*75% -> 18750
B15: 9 | C15: 03/09/2025 | D15: UNG VĂN ĐÚA | E15: 69 Tuổi | F15: Truyền tĩnh mạch | G15: 3 | H15: 300000 | I15: =H15*25%*75% -> 56250
B16: 10 | C16: 03/09/2025 | D16: LÂM THỊ BÉ HAI | E16: 66 Tuổi | F16: Cắt chỉ sau phẫu thuật | G16: 1 | H16: 100000 | I16: =H16*25%*75% -> 18750
B17: 11 | C17: 03/09/2025 | D17: BÙI THỊ THÚY PHƯỢNG | E17: 61 Tuổi | F17: Cắt chỉ sau phẫu thuật | G17: 1 | H17: 100000 | I17: =H17*25%*75% -> 18750
B18: 12 | C18: 03/09/2025 | D18: NGUYỄN THÀNH TRUNG | E18: 47 Tuổi | F18: Thay băng, cắt chỉ vết mổ | G18: 3 | H18: 300000 | I18: =H18*25%*75% -> 56250
... B361: 355 | C361: 30/09/2025 | D361: TRẦN NGUYỄN ÁI TRIỂN | E361: 19 Tuổi | F361: Nắn, bó bột gãy xương bàn, ngón tay [bột liền] | G361: 1 | H361: 257000 | I361: =H361*25%*75% -> 48187.5
B362: 356 | C362: 02/09/2025 | D362: LÊ HỒNG QUANG | E362: 76 Tuổi | F362: Xét nghiệm đường máu mao mạch tại giường (một lần) | G362: 3 | H362: 105000 | I362: =H362*21.25% -> 22312.5
B363: 357 | C363: 02/09/2025 | D363: NGUYỄN THỊ NGỌC HUỆ | E363: 60 Tuổi | F363: Xét nghiệm đường máu mao mạch tại giường (một lần) | G363: 2 | H363: 70000 | I363: =H363*21.25% -> 14875
B364: 358 | C364: 02/09/2025 | D364: NGUYỄN THỊ NGỌC HUỆ | E364: 60 Tuổi | F364: Xét nghiệm đường máu mao mạch tại giường (một lần) | G364: 1 | H364: 35000 | I364: =H364*21.25% -> 7437.5
B365: 359 | C365: 02/09/2025 | D365: LÊ HỒNG QUANG | E365: 76 Tuổi | F365: Xét nghiệm đường máu mao mạch tại giường (một lần) | G365: 1 | H365: 35000 | I365: =H365*21.25% -> 7437.5
B366: 360 | C366: 02/09/2025 | D366: LÊ HỒNG QUANG | E366: 76 Tuổi | F366: Xét nghiệm đường máu mao mạch tại giường (một lần) | G366: 2 | H366: 70000 | I366: =H366*21.25% -> 14875
B367: 361 | C367: 02/09/2025 | D367: LÊ HỒNG QUANG | E367: 76 Tuổi | F367: Xét nghiệm đường máu mao mạch tại giường (một lần) | G367: 2 | H367: 70000 | I367: =H367*21.25% -> 14875
B368: 362 | C368: 02/09/2025 | D368: NGUYỄN THỊ NGỌC HUỆ | E368: 60 Tuổi | F368: Xét nghiệm đường máu mao mạch tại giường (một lần) | G368: 2 | H368: 70000 | I368: =H368*21.25% -> 14875
B369: 363 | C369: 02/09/2025 | D369: LÊ HỒNG QUANG | E369: 76 Tuổi | F369: Xét nghiệm đường máu mao mạch tại giường (một lần) | G369: 2 | H369: 70000 | I369: =H369*21.25% -> 14875
B370: 364 | C370: 03/09/2025 | D370: TRẦN VĂN THẬM | E370: 67 Tuổi | F370: Xét nghiệm đường máu mao mạch tại giường (một lần) | G370: 7 | H370: 245000 | I370: =H370*21.25% -> 52062.5
B371: 365 | C371: 03/09/2025 | D371: TRẦN VĂN THẬM | E371: 67 Tuổi | F371: Xét nghiệm đường máu mao mạch tại giường (một lần) | G371: 8 | H371: 280000 | I371: =H371*21.25% -> 59500
B372: 366 | C372: 03/09/2025 | D372: TRẦN VĂN THẬM | E372: 67 Tuổi | F372: Xét nghiệm đường máu mao mạch tại giường (một lần) | G372: 3 | H372: 105000 | I372: =H372*21.25% -> 22312.5
B373: 367 | C373: 03/09/2025 | D373: TRẦN VĂN THẬM | E373: 67 Tuổi | F373: Xét nghiệm đường máu mao mạch tại giường (một lần) | G373: 1 | H373: 35000 | I373: =H373*21.25% -> 7437.5
... B469: 463 | C469: 30/09/2025 | D469: NGUYỄN THỊ ĐÈO | E469: 65 Tuổi | F469: Xét nghiệm đường máu mao mạch tại giường (một lần) | G469: 2 | H469: 32000 | I469: =H469*21.25% -> 6800
D470: Tổng Cộng | G470: =SUBTOTAL(9,G7:G469) -> 1417 | H470: =SUBTOTAL(9,H7:H469) -> 132626900 | I470: =SUBTOTAL(9,I7:I469) -> 25082294
F471: Cần Thơ, ngày 21 tháng 10 năm 2025
B472: Lập bảng | F472: Trưởng Khoa
B476: ĐD. Phan Văn Hiếu | F476: ThS. Bs.CKII. Nguyễn Lê Hoan

Sheet lanh tien thu thuat
A1: BV TRƯỜNG ĐHYD CẦN THƠ
A2: KHOA NGOẠI CTCH-TK
B3: DANH SÁCH LÃNH TIỀN THÙ LAO THÁNG 9/2025
C4: (thủ thuật)
A6: STT | B6: HỌ TÊN | C6: chức vụ | D6: SỐ TIỀN | E6: KÝ NHẬN
A7: 1 | B7: Phan Văn Hiếu | C7: Điều dưỡng | D7: ='thu thuat'!I470/9 -> 2786921.5 | F7: 19.5
A8: 2 | B8: Võ Thị Yến Nhi | C8: Điều dưỡng | D8: =D7 -> 2786921.5 | F8: 19.5
A9: 3 | B9: Võ Phương Duy | C9: Điều dưỡng | D9: =D8 -> 2786921.5
A10: 4 | B10: Nguyễn Kim Ngân | C10: Điều dưỡng | D10: =D9 -> 2786921.5
A11: 5 | B11: Lê Ngọc Diệu | C11: Điều dưỡng | D11: =D10 -> 2786921.5
A12: 6 | B12: Trần Quỳnh Minh Thư | C12: Điều dưỡng | D12: =D11 -> 2786921.5
A13: 7 | B13: Lê Thị Tuyết Đoan | C13: Điều dưỡng | D13: -
A14: 8 | B14: Thạch Thị Thúy Đa | C14: Điều dưỡng | D14: =D12 -> 2786921.5
A15: 9 | B15: Lê Kim Hoàn | C15: Điều dưỡng | D15: =D14 -> 2786921.5
A16: 10 | B16: Nguyễn Lê Duy Anh | C16: Điều dưỡng | D16: =D15 -> 2786921.5
B17: TỔNG CỘNG | D17: =SUM(D7:D16) -> 25082294 | F17: =SUM(F7:F8) -> 39
D19: Cần Thơ, ngày 24 tháng 9 năm 2025
A20: Người lập bảng | D20: Trưởng khoa

Sheet tieuphau
A1: BV TRƯỜNG ĐHYD CẦN THƠ
A2: KHOA NGOẠI CTCH - TK
A3: BẢNG KÊ TIỀN TIỂU PHẪU
A4: THÁNG 9 NĂM 2025
A6: STT | B6: Ngày | C6: Họ Tên BN | D6: Tuổi | E6: Phương pháp PT | F6: Giá Tiền | G6: Bác Sĩ | H6: Số Tiền | I6: Điều Dưỡng | J6: Số Tiền | K6: Thực Lãnh
A7: 1 | B7: 03/09/2025 | C7: VŨ NGỌC HIỂN | D7: 25 Tuổi | E7: Cắt u nang bao hoạt dịch cổ tay/khuỷu | F7: 2000000 | G7: TRIỀU | H7: =K7-J7 -> 400000 | I7: ĐD | J7: =F7*0.05 -> 100000 | K7: =IF(G7="NGUYỆN",F7*25%*75%,IF(G7="TOẢN",F7*25%*75%,IF(G7="V.TÂN",F7*25%*75%,F7*0.25))) -> 500000
A8: 2 | B8: 03/09/2025 | C8: PHAN THANH TRUNG | D8: 66 Tuổi | E8: Hút ổ viêm/áp xe phần mềm | F8: 126700 | G8: V.TÂN | H8: =K8-J8 -> 17421.25 | I8: ĐD | J8: =F8*0.05 -> 6335 | K8: =IF(G8="NGUYỆN",F8*25%*75%,IF(G8="TOẢN",F8*25%*75%,IF(G8="V.TÂN",F8*25%*75%,F8*0.25))) -> 23756.25
A9: 3 | B9: 03/09/2025 | C9: CAO THỊ XUÂN | D9: 37 Tuổi | E9: Tiêm khớp cổ tay | F9: 384000 | G9: TRIỀU | H9: =K9-J9 -> 76800 | I9: ĐD | J9: =F9*0.05 -> 19200 | K9: =IF(G9="NGUYỆN",F9*25%*75%,IF(G9="TOẢN",F9*25%*75%,IF(G9="V.TÂN",F9*25%*75%,F9*0.25))) -> 96000
A10: 4 | B10: 03/09/2025 | C10: VÕ HOÀNG KHIÊM | D10: 20 Tuổi | E10: Hút ổ viêm/áp xe phần mềm | F10: 418000 | G10: V.TÂN | H10: =K10-J10 -> 57475 | I10: ĐD | J10: =F10*0.05 -> 20900 | K10: =IF(G10="NGUYỆN",F10*25%*75%,IF(G10="TOẢN",F10*25%*75%,IF(G10="V.TÂN",F10*25%*75%,F10*0.25))) -> 78375
A11: 5 | B11: 03/09/2025 | C11: LỮ THỊ TẸN | D11: 77 Tuổi | E11: Hút ổ viêm/áp xe phần mềm | F11: 418000 | G11: V.TÂN | H11: =K11-J11 -> 57475 | I11: ĐD | J11: =F11*0.05 -> 20900 | K11: =IF(G11="NGUYỆN",F11*25%*75%,IF(G11="TOẢN",F11*25%*75%,IF(G11="V.TÂN",F11*25%*75%,F11*0.25))) -> 78375
A12: 6 | B12: 03/09/2025 | C12: TRẦN THỊ HẾT | D12: 53 Tuổi | E12: Hút ổ viêm/áp xe phần mềm | F12: 418000 | G12: TRIỀU | H12: =K12-J12 -> 83600 | I12: ĐD | J12: =F12*0.05 -> 20900 | K12: =IF(G12="NGUYỆN",F12*25%*75%,IF(G12="TOẢN",F12*25%*75%,IF(G12="V.TÂN",F12*25%*75%,F12*0.25))) -> 104500
A13: 7 | B13: 03/09/2025 | C13: NGUYỄN KIỆT | D13: 21 Tuổi | E13: Chích rạch nhọt, Apxe nhỏ dẫn lưu | F13: 500000 | G13: TRIỀU | H13: =K13-J13 -> 100000 | I13: ĐD | J13: =F13*0.05 -> 25000 | K13: =IF(G13="NGUYỆN",F13*25%*75%,IF(G13="TOẢN",F13*25%*75%,IF(G13="V.TÂN",F13*25%*75%,F13*0.25))) -> 125000
A14: 8 | B14: 04/09/2025 | C14: ĐẶNG THANH DANH | D14: 48 Tuổi | E14: Hút dịch khớp gối | F14: 400000 | G14: TOẢN | H14: =K14-J14 -> 55000 | I14: ĐD | J14: =F14*0.05 -> 20000 | K14: =IF(G14="NGUYỆN",F14*25%*75%,IF(G14="TOẢN",F14*25%*75%,IF(G14="V.TÂN",F14*25%*75%,F14*0.25))) -> 75000
A15: 9 | B15: 05/09/2025 | C15: TRẦN ANH THI | D15: 21 Tuổi | E15: Hút ổ viêm/áp xe phần mềm | F15: 126700 | G15: NGUYỆN | H15: =K15-J15 -> 17421.25 | I15: ĐD | J15: =F15*0.05 -> 6335 | K15: =IF(G15="NGUYỆN",F15*25%*75%,IF(G15="TOẢN",F15*25%*75%,IF(G15="V.TÂN",F15*25%*75%,F15*0.25))) -> 23756.25
A16: 10 | B16: 05/09/2025 | C16: TRẦN QUAN TIẾN | D16: 40 Tuổi | E16: Hút ổ viêm/áp xe phần mềm | F16: 418000 | G16: V.TÂN | H16: =K16-J16 -> 57475 | I16: ĐD | J16: =F16*0.05 -> 20900 | K16: =IF(G16="NGUYỆN",F16*25%*75%,IF(G16="TOẢN",F16*25%*75%,IF(G16="V.TÂN",F16*25%*75%,F16*0.25))) -> 78375
A17: 11 | B17: 05/09/2025 | C17: NGUYỄN THIỆN NHÂN | D17: 24 Tuổi | E17: Cắt móng quặm 1 ngón | F17: 800000 | G17: NGUYỆN | H17: =K17-J17 -> 110000 | I17: ĐD | J17: =F17*0.05 -> 40000 | K17: =IF(G17="NGUYỆN",F17*25%*75%,IF(G17="TOẢN",F17*25%*75%,IF(G17="V.TÂN",F17*25%*75%,F17*0.25))) -> 150000
A18: 12 | B18: 05/09/2025 | C18: MAI VĂN HOAN | D18: 78 Tuổi | E18: Hút dịch khớp gối | F18: 129600 | G18: V.TÂN | H18: =K18-J18 -> 17820 | I18: ĐD | J18: =F18*0.05 -> 6480 | K18: =IF(G18="NGUYỆN",F18*25%*75%,IF(G18="TOẢN",F18*25%*75%,IF(G18="V.TÂN",F18*25%*75%,F18*0.25))) -> 24300
... A80: 74 | B80: 29/09/2025 | C80: NGUYỄN THỊ THE | D80: 45 Tuổi | E80: Phẫu thuật điều trị hội chứng ống cổ tay | F80: 4000000 | G80: TRIỀU | H80: =K80-J80 -> 800000 | I80: ĐD | J80: =F80*0.05 -> 200000 | K80: =IF(G80="NGUYỆN",F80*25%*75%,IF(G80="TOẢN",F80*25%*75%,IF(G80="V.TÂN",F80*25%*75%,F80*0.25))) -> 1000000
C81: Tổng Cộng | F81: =SUBTOTAL(9,F7:F80) -> 30181000 | G81: 1 | H81: =SUBTOTAL(9,H7:H80) -> 6036200 | J81: =SUBTOTAL(9,J7:J80) -> 1509050 | K81: =SUBTOTAL(9,K7:K80) -> 7545250
G82: Cần Thơ, Ngày 21 tháng 10 năm 2025
A83: Lập bảng | H83: Trưởng khoa
A87: Phan Văn Hiếu | H87: Ths.Bs.CKII. Nguyễn Lê Hoan

Sheet lanh tien tphau
A1: BV TRƯỜNG ĐHYD CẦN THƠ
A2: KHOA NGOẠI CTCH - TK
A3: DANH SÁCH LÃNH TIỀN THÙ LAO THÁNG 9/2025
A4: (Tiểu phẫu)
A6: stt | B6: Họ và tên | C6: Chức vụ | D6: Số tiền | E6: Ký nhận
A7: 1 | B7: Phạm Việt Triều | C7: Bác sĩ | D7: =SUM(SUMIF(tieuphau!$G$7:$G$90,"TRIỀU",tieuphau!$H$7:$H$90),SUMIF(tieuphau!$I$7:$I$89,"TRIỀU",tieuphau!$J$7:$J$89)) -> 6036200
A8: 2 | B8: Nguyễn Thành Tấn | C8: Bác sĩ | D8: =SUM(SUMIF(tieuphau!$G$7:$G$80,"TẤN",tieuphau!$H$7:$H$80),SUMIF(tieuphau!$I$7:$I$80,"TẤN",tieuphau!$J$7:$J$80)) -> 0
A9: 3 | B9: Nguyễn Lê Hoan | C9: Bác sĩ | D9: =SUM(SUMIF(tieuphau!$G$7:$G$90,"HOAN",tieuphau!$H$7:$H$90),SUMIF(tieuphau!$I$7:$I$89,"HOAN",tieuphau!$J$7:$J$89)) -> 1048080
A10: 4 | B10: Hoàng Minh Tú | C10: Bác sĩ | D10: =SUM(SUMIF(tieuphau!$G$7:$G$90,"TÚ",tieuphau!$H$7:$H$90),SUMIF(tieuphau!$I$7:$I$89,"TÚ",tieuphau!$J$7:$J$89)) -> 3537200
A11: 5 | B11: Nguyễn Chí Nguyện | C11: Bác sĩ | D11: =SUM(SUMIF(tieuphau!$G$7:$G$90,"NGUYỆN",tieuphau!$H$7:$H$90),SUMIF(tieuphau!$I$7:$I$89,"NGUYỆN",tieuphau!$J$7:$J$89)) -> 1458517.5
A12: 6 | B12: Phạm Việt Tân | C12: Bác sĩ | D12: =SUM(SUMIF(tieuphau!$G$7:$G$90,"v.tân",tieuphau!$H$7:$H$90),SUMIF(tieuphau!$I$7:$I$89,"v.tân",tieuphau!$J$7:$J$89)) -> 867405
A13: 7 | B13: Trần Quốc Toản | C13: Bác sĩ | D13: =SUM(SUMIF(tieuphau!$G$7:$G$90,"TOẢN",tieuphau!$H$7:$H$90),SUMIF(tieuphau!$I$7:$I$89,"TOẢN",tieuphau!$J$7:$J$89)) -> 673750
A14: 8 | B14: Đặng Phước Giàu | C14: Bác sĩ | D14: =SUM(SUMIF(tieuphau!$G$7:$G$90,"GIÀU",tieuphau!$H$7:$H$90),SUMIF(tieuphau!$I$7:$I$89,"GIÀU",tieuphau!$J$7:$J$89)) -> 0
A15: 9 | B15: Hồ Điền | C15: Bác sĩ | D15: =SUM(SUMIF(tieuphau!$G$7:$G$90,"Điền",tieuphau!$H$7:$H$90),SUMIF(tieuphau!$I$7:$I$89,"điền",tieuphau!$J$7:$J$89)) -> 496800
A16: 10 | B16: Bùi Công Minh | C16: Bác sĩ | D16: =SUM(SUMIF(tieuphau!$G$7:$G$90,"minh",tieuphau!$H$7:$H$90),SUMIF(tieuphau!$I$7:$I$89,"minh",tieuphau!$J$7:$J$89)) -> 0
A17: 12 | B17: Phan Văn Hiếu | C17: Điều dưỡng | D17: =tieuphau!J81/9 -> 167672.22
A18: 13 | B18: Võ Thị Yến Nhi | C18: Điều dưỡng | D18: =D17 -> 167672.22
A19: 15 | B19: Võ Phương Duy | C19: Điều dưỡng | D19: =D18 -> 167672.22
A20: 17 | B20: Lê Ngọc Diệu | C20: Điều dưỡng | D20: =D19 -> 167672.22
A21: 18 | B21: Nguyễn Kim Ngân | C21: Điều dưỡng | D21: =D20 -> 167672.22
A22: 19 | B22: Trần Quỳnh Minh Thư | C22: Điều dưỡng | D22: =D21 -> 167672.22
A23: 20 | B23: Lê Thị Tuyết Đoan | C23: Điều dưỡng | D23: -
A24: 21 | B24: Thạch Thị Thúy Đa | C24: Điều dưỡng | D24: =D22 -> 167672.22
A25: 22 | B25: Lê Kim Hoàn | C25: Điều dưỡng | D25: =D24 -> 167672.22
A26: 23 | B26: Nguyễn Lê Duy Anh | C26: Điều dưỡng | D26: =D24 -> 167672.22
B27: TỔNG CỘNG | D27: =SUM(D7:D26) -> 15627002
D29: Cần Thơ, ngày 21 tháng 10 năm 2025
A30: Người lập bảng | D30: Trưởng khoa

Sheet TIỀN GIƯỜNG
A1: BV TRƯỜNG ĐHYD CẦN THƠ
A2: KHOA NGOẠI CTCH-TK
A3: DANH SÁCH LÃNH TIỀN THÙ LAO THÁNG 09/2025
C4: (Tiền giường)
A6: STT | B6: HỌ TÊN | C6: Chức Danh | D6: SỐ TIỀN | E6: KÝ NHẬN
A7: 1 | B7: Phan Văn Hiếu | C7: Điều dưỡng | E7: =F7/19.5 -> 1 | F7: 19.5
A8: 2 | B8: Võ Thị Yến Nhi | C8: Điều dưỡng | E8: =F8/19.5 -> 1 | F8: 19.5
A9: 3 | B9: Nguyễn Kim Ngân | C9: Điều dưỡng
A10: 4 | B10: Thạch Thị Thúy Đa | C10: Điều dưỡng
A11: 5 | B11: Võ Phương Duy | C11: Điều dưỡng
A12: 6 | B12: Lê Ngọc Diệu | C12: Điều dưỡng
A13: 7 | B13: Trần Quỳnh Minh Thư | C13: Điều dưỡng
A14: 8 | B14: Lê Kim Hoàn | C14: Điều dưỡng
A15: 9 | B15: Nguyễn Lê Duy Anh | C15: Điều dưỡng
B16: TỔNG CỘNG | D16: =SUM(D7:D15) -> 0
D19: Cần Thơ, ngày 13 tháng 09 năm 2024
B20: Người lập bảng | D20: Trưởng khoa

Sheet PT YÊU CẦU
A1: BV TRƯỜNG ĐHYD CẦN THƠ
A2: KHOA NGOẠI CTCH-TK
A3: DANH SÁCH LÃNH TIỀN PHẪU THUẬT THEO YÊU CẦU THÁNG 9/2025
A5: STT | B5: NGÀY | C5: HỌ TÊN BỆNH | D5: NĂM SINH | E5: TÊN CLS | F5: BÁC SĨ PT | G5: SỐ TIỀN | H5: THÙ LAO
A6: 1 | B6: 26/09/2025 | C6: LƯƠNG THU VÂN | D6: 74 Tuổi | E6: Chọn bác sĩ phẫu thuật theo yêu cầu | F6: BS.TẤN | G6: 1000000 | H6: =G6*0.9 -> 900000
A7: 2 | B7: 15/09/2025 | C7: NGUYỄN VĂN TRƯỜNG | D7: 68 Tuổi | E7: Chọn bác sĩ phẫu thuật theo yêu cầu | F7: BS.HOAN | G7: 1000000 | H7: =G7*0.9 -> 900000
A8: 3 | B8: 25/09/2025 | C8: NGUYỄN THỊ HỒNG | D8: 58 Tuổi | E8: Chọn bác sĩ phẫu thuật theo yêu cầu | F8: BS.NGUYỆN | G8: 1000000 | H8: =G8*0.9 -> 900000
A9: TỔNG CỘNG | G9: =SUM(G6:G8) -> 3000000 | H9: =SUM(H6:H8) -> 2700000
F10: Cần Thơ, ngày 21 tháng 10 năm 2025
A11: Người lập bảng | F11: Trưởng khoa
A16: ĐD.Phan Văn Hiếu | F16: Ths.Bs.CKII. Nguyễn Lê Hoan

Sheet Lãnh tiền PTYC
A1: BV TRƯỜNG ĐHYD CẦN THƠ
A2: KHOA NGOẠI CTCH-TK
A3: DANH SÁCH LÃNH TIỀN THÙ LAO THÁNG 9/2025
A4: (BHYT)
A6: STT | B6: HỌ TÊN | C6: CHỨC VỤ | D6: SỐ TÀI KHOẢN | E6: SỐ TIỀN
A7: 1 | B7: Nguyễn Thành Tấn | C7: Bác sĩ | D7: 103006610215 | E7: 900000
A8: 2 | B8: Nguyễn Lê Hoan | C8: Bác sĩ | D8: 105001159195 | E8: 900000
A9: 3 | B9: Hồ Điền | C9: Bác sĩ | D9: 105001225232 | E9: 0
A10: 2.8333333 | B10: Trần Quốc Toản | C10: Bác sĩ | D10: 107868829237 | E10: -
A11: 3 | B11: Nguyễn Chí Nguyện | C11: Bác sĩ | D11: 105867664283 | E11: 900000
A12: 4 | B12: Phạm Việt Tân | C12: Bác sĩ | D12: 104000362303 | E12: -
A13: 5 | B13: Đặng Phước Giàu | C13: Bác sĩ | D13: 103006610215 | E13: 0
B14: TỔNG CỘNG | E14: =SUM(E7:E13) -> 2700000
D16: Cần Thơ, ngày 21 tháng 10 năm 2025
A17: Người lập bảng | D17: Trưởng khoa
A21: ĐD. Phan Văn Hiếu | D21: ThS.Bs.CKII. Nguyễn Lê Hoan

Sheet TONG LANH
A1: BV TRƯỜNG ĐHYD CẦN THƠ
A2: KHOA NGOẠI CTCH-TK
A3: DANH SÁCH LÃNH TIỀN THÙ LAO THÁNG 9/2025
A4: (Dịch Vụ)
A6: STT | B6: HỌ TÊN | C6: CHỨC VỤ | D6: SỐ TÀI KHOẢN | E6: SỐ TIỀN | F6: THUẾ 10% | G6: THỰC LÃNH | H6: KÝ NHẬN
A7: 1 | B7: Phạm Việt Triều | C7: Bác sĩ | D7: 102006610216 | E7: ='lanh tien tphau'!D7+'lanh tien PT'!D7 -> 6776555 | F7: =E7-G7 -> 677655.5 | G7: =E7*0.9 -> 6098899.5
A8: 2 | B8: Nguyễn Thành Tấn | C8: Bác sĩ | D8: 103006610215 | E8: ='lanh tien PT'!D8+'Lãnh tiền PTYC'!E7 -> 1305432.5 | F8: =E8-G8 -> 130543.25 | G8: =E8*0.9 -> 1174889.2
A9: 3 | B9: Nguyễn Lê Hoan | C9: Bác sĩ | D9: 100006610218 | E9: ='lanh tien tphau'!D9+'lanh tien PT'!D9+'Bác sĩ điều trị'!D9+'Lãnh tiền PTYC'!E8 -> 14547404 | F9: =E9-G9 -> 0 | G9: =E9 -> 14547404
A10: 4 | B10: Hoàng Minh Tú | C10: Bác sĩ | D10: 100006610162 | E10: ='lanh tien tphau'!D10 -> 3537200 | F10: =E10-G10 -> 353720 | G10: =E10*0.9 -> 3183480
A11: 5 | B11: Nguyễn Chí Nguyện | C11: Bác sĩ | D11: 105001159195 | E11: ='lanh tien tphau'!D11+'lanh tien PT'!D10+'Lãnh tiền PTYC'!E11 -> 8182518.2 | F11: =E11-G11 -> 0 | G11: =E11 -> 8182518.2
A12: 6 | B12: Hồ Điền | C12: Bác sĩ | D12: 105001225232 | E12: ='lanh tien PT'!D11+'Bác sĩ điều trị'!D13 -> 6988549.5 | F12: =E12-G12 -> 698854.95 | G12: =E12*0.9 -> 6289694.5
A13: 7 | B13: Trần Quốc Toản | C13: Bác sĩ | D13: 107868829237 | E13: ='lanh tien tphau'!D13+'lanh tien PT'!D12 -> 5830624.5 | F13: =E13-G13 -> 0 | G13: =E13 -> 5830624.5
A14: 8 | B14: Phạm Việt Tân | C14: Bác sĩ | D14: 104000362303 | E14: ='lanh tien tphau'!D12+'lanh tien PT'!D13 -> 5420745.8 | F14: =E14-G14 -> 0 | G14: =E14 -> 5420745.8
A15: 9 | B15: Phan Văn Tuấn | C15: Bác sĩ | D15: 105872433048 | E15: ='lanh tien PT'!D14 -> 1652944 | F15: =E15-G15 -> 0 | G15: =E15 -> 1652944
A16: 10 | B16: Nguyễn Hữu Thuyết | C16: Bác sĩ | E16: ='lanh tien PT'!D15 -> 1483845 | F16: =E16-G16 -> 148384.5 | G16: =E16*0.9 -> 1335460.5
A17: 11 | B17: Nguyễn Tư Thái Bảo | C17: Bác sĩ | D17: 109871759605 | E17: ='Bác sĩ điều trị'!D19 -> 1500000 | F17: =E17-G17 -> 150000 | G17: =E17*0.9 -> 1350000
A18: 12 | B18: Trần Nguyễn Anh Duy | C18: Bác sĩ | D18: 109867708726 | E18: ='Bác sĩ điều trị'!D20 -> 1500000 | F18: =E18-G18 -> 150000 | G18: =E18*0.9 -> 1350000
A19: 13 | B19: Điều Tấn Kiệt | C19: Bác sĩ (nt) | D19: 105883051352 | E19: ='lanh tien PT'!D16+'lanh tien PT_BHYT'!E16 -> 1783381 | F19: =E19-G19 -> 0 | G19: =E19 -> 1783381 | H19: Kiệt
A20: 14 | B20: Nguyễn Lê Duy Phong | C20: Bác sĩ (nt) | E20: ='lanh tien PT'!D17+'lanh tien PT_BHYT'!E17 -> 1063480 | F20: =E20-G20 -> 0 | G20: =E20 -> 1063480
A21: 15 | B21: Trương Đại Lợi | C21: Bác sĩ (nt) | E21: ='lanh tien PT'!D18+'lanh tien PT_BHYT'!E18 -> 1534109 | F21: =E21-G21 -> 0 | G21: =E21 -> 1534109
A22: 16 | B22: Nguyễn Chí Thanh | C22: Bác sĩ (nt) | E22: ='lanh tien PT'!D19+'lanh tien PT_BHYT'!E19 -> 1520360 | F22: =E22-G22 -> 0 | G22: =E22 -> 1520360
A23: 17 | B23: Nguyễn Trần Khánh Đan | C23: Bác sĩ (nt) | D23: 105880975165 | E23: ='lanh tien PT'!D20 -> 173182 | F23: =E23-G23 -> 0 | G23: =E23 -> 173182
A24: 18 | B24: Phạm Công Hậu | C24: Bác sĩ (nt) | D24: 102879258199 | E24: ='lanh tien PT'!D21 -> 495721 | F24: =E24-G24 -> 0 | G24: =E24 -> 495721
A25: 19 | B25: Trang Gia Vinh | C25: Bác sĩ (nt) | D25: 109880991105 | E25: ='lanh tien PT'!D22 -> 1189077 | F25: =E25-G25 -> 0 | G25: =E25 -> 1189077
A26: 20 | B26: Bùi Quan Tấn | C26: Bác sĩ (nt) | D26: 109881014321 | E26: ='lanh tien PT'!D23 -> 929210 | F26: =E26-G26 -> 0 | G26: =E26 -> 929210
A27: 21 | B27: Tào Nhật Hào | C27: Bác sĩ (nt) | D27: 102880994246 | E27: ='lanh tien PT'!D24 -> 678160 | F27: =E27-G27 -> 0 | G27: =E27 -> 678160
A28: 22 | B28: Huỳnh Phúc Nguyên | C28: Bác sĩ (nt) | D28: 100881016109 | E28: ='lanh tien PT'!D25 -> 545980 | F28: =E28-G28 -> 0 | G28: =E28 -> 545980
A29: 23 | B29: Nguyễn Văn Nghiêm | C29: Bác sĩ (nt) | D29: 108883113558 | E29: ='lanh tien PT'!D26 -> 242797 | F29: =E29-G29 -> 0 | G29: =E29 -> 242797
A30: 24 | B30: Đỗ Thành Công | C30: Bác sĩ (nt) | D30: 109881609351 | E30: ='lanh tien PT'!D27 -> 315393 | F30: =E30-G30 -> 0 | G30: =E30 -> 315393
A31: 25 | B31: Võ Ngọc Thiện | C31: Bác sĩ (nt) | D31: 102885267089 | E31: ='lanh tien PT'!D28 -> 468412 | F31: =E31-G31 -> 0 | G31: =E31 -> 468412
A32: 26 | B32: Nguyễn Hoài Linh | C32: Bác sĩ (nt) | E32: ='lanh tien PT'!D29+'lanh tien PT_BHYT'!E29 -> 643929 | F32: =E32-G32 -> 0 | G32: =E32 -> 643929
A33: 27 | B33: Nguyễn Hoài Đức | C33: Bác sĩ (nt) | D33: 101883256042 | E33: ='lanh tien PT'!D30 -> 378420 | F33: =E33-G33 -> 0 | G33: =E33 -> 378420
A34: 28 | B34: Phan Văn Hiếu | C34: Điều dưỡng | D34: 106006773860 | E34: ='lanh tien PT1'!D20 -> 3196228.7 | F34: - | G34: =E34 -> 3196228.7
A35: 29 | B35: Võ Thị Yến Nhi | C35: Điều dưỡng | D35: 105866700129 | E35: ='lanh tien PT1'!D21 -> 3196228.7 | F35: - | G35: =E35 -> 3196228.7
A36: 30 | B36: Võ Phương Duy | C36: Điều dưỡng | D36: 108869864215 | E36: ='lanh tien PT1'!D23 -> 3196228.7 | F36: - | G36: =E36 -> 3196228.7
A37: 31 | B37: Lê Ngọc Diệu | C37: Điều dưỡng | D37: 106002699376 | E37: ='lanh tien PT1'!D24+'Bác sĩ điều trị'!D18 -> 6196228.7 | F37: - | G37: =E37 -> 6196228.7
A38: 32 | B38: Nguyễn Kim Ngân | C38: Điều dưỡng | D38: 104869864258 | E38: ='lanh tien PT1'!D22 -> 3196228.7 | F38: - | G38: =E38 -> 3196228.7
A39: 33 | B39: Trần Quỳnh Minh Thư | C39: Điều dưỡng | D39: 102877256973 | E39: ='lanh tien PT1'!D25 -> 3196228.7 | F39: - | G39: =E39 -> 3196228.7
A40: 34 | B40: Thạch Thị Thúy Đa | C40: Điều dưỡng | D40: 109869939394 | E40: ='lanh tien PT1'!D27 -> 3196228.7 | F40: - | G40: =E40 -> 3196228.7
A41: 35 | B41: Nguyễn Lê Duy Anh | C41: Điều dưỡng | D41: 104882438347 | E41: ='lanh tien PT1'!D28 -> 3196228.7 | F41: - | G41: =E41 -> 3196228.7
A42: 36 | B42: Lê Kim Hoàn | C42: Điều dưỡng | D42: 100883540104 | E42: ='lanh tien PT1'!D29 -> 3196228.7 | F42: - | G42: =E42 -> 3196228.7
A43: 37 | B43: Nguyễn Thị Như Ý | C43: Hộ Lý | D43: 108002699374 | E43: ='lanh tien PT1'!D30 -> 1598118.4 | F43: - | G43: =E43 -> 1598118.4
B44: TỔNG CỘNG | E44: =SUM(E7:E43) -> 1.0405161e+08 | F44: =SUM(F7:F43) -> 2309158.2 | G44: =SUM(G7:G43) -> 1.0174245e+08
F46: Cần Thơ, ngày 21 tháng 10 năm 2025
A47: Người lập bảng | F47: Trưởng khoa
E49: =101038395-E44 -> -3013212
A51: ĐD. Phan Văn Hiếu | F51: ThS. Bs.Nguyễn Chí Nguyện

Sheet Thực lãnh dv
A1: BV TRƯỜNG ĐHYD CẦN THƠ
A2: KHOA NGOẠI CTCH-TK
A3: DANH SÁCH LÃNH TIỀN THÙ LAO THÁNG 9/2025
A4: (Dịch Vụ)
A6: STT | B6: HỌ TÊN | C6: CHỨC VỤ | D6: SỐ TÀI KHOẢN | E6: SỐ TIỀN | F6: THUẾ 10% | G6: THỰC LÃNH | H6: KÝ NHẬN
A7: 1 | B7: Phạm Việt Triều | C7: Bác sĩ | D7: 102006610216 | E7: ='lanh tien tphau'!D7+'lanh tien PT'!D7 -> 6776555 | F7: =E7-G7 -> 677655.5 | G7: =E7*0.9 -> 6098899.5
A8: 2 | B8: Nguyễn Thành Tấn | C8: Bác sĩ | D8: 103006610215 | E8: ='lanh tien PT'!D8+'Lãnh tiền PTYC'!E7 -> 1305432.5 | F8: =E8-G8 -> 0 | G8: =E8 -> 1305432.5
A9: 3 | B9: Nguyễn Lê Hoan | C9: Bác sĩ | D9: 100006610218 | E9: ='lanh tien tphau'!D9+'lanh tien PT'!D9+'Bác sĩ điều trị'!D9-'Thực lãnh'!I27+'Lãnh tiền PTYC'!E8 -> 7947404.5 | F9: =E9-G9 -> 794740.45 | G9: =E9*0.9 -> 7152664
A10: 4 | B10: Hoàng Minh Tú | C10: Bác sĩ | D10: 100006610162 | E10: ='lanh tien tphau'!D10 -> 3537200 | F10: =E10-G10 -> 353720 | G10: =E10*0.9 -> 3183480
A11: 5 | B11: Nguyễn Chí Nguyện | C11: Bác sĩ | D11: 105001159195 | E11: ='lanh tien tphau'!D11+'lanh tien PT'!D10+'Lãnh tiền PTYC'!E11 -> 8182518.2 | F11: =E11-G11 -> 0 | G11: =E11 -> 8182518.2
A12: 6 | B12: Hồ Điền | C12: Bác sĩ | D12: 105001225232 | E12: ='lanh tien PT'!D11+'Bác sĩ điều trị'!D13+'lanh tien tphau'!D15-'Thực lãnh'!I17 -> 2010349.5 | F12: =E12-G12 -> 201034.95 | G12: =E12*0.9 -> 1809314.6
A13: 7 | B13: Trần Quốc Toản | C13: Bác sĩ | D13: 107868829237 | E13: ='lanh tien tphau'!D13+'lanh tien PT'!D12 -> 5830624.5 | F13: =E13-G13 -> 0 | G13: =E13 -> 5830624.5
A14: 8 | B14: Phạm Việt Tân | C14: Bác sĩ | D14: 104000362303 | E14: ='lanh tien tphau'!D12+'lanh tien PT'!D13-'Thực lãnh'!I29 -> 2885745.8 | F14: =E14-G14 -> 0 | G14: =E14 -> 2885745.8
A15: 9 | B15: Phan Văn Tuấn | C15: Bác sĩ | D15: 105872433048 | E15: ='lanh tien PT'!D14 -> 1652944 | F15: =E15-G15 -> 0 | G15: =E15 -> 1652944
A16: 10 | B16: Nguyễn Hữu Thuyết | C16: Bác sĩ | D16: 109006610409 | E16: ='lanh tien PT'!D15 -> 1483845 | F16: =E16-G16 -> 0 | G16: =E16 -> 1483845
A17: 11 | B17: Nguyễn Tư Thái Bảo | C17: Bác sĩ | D17: 109871759605 | E17: ='Bác sĩ điều trị'!D19 -> 1500000 | F17: =E17-G17 -> 0 | G17: =E17 -> 1500000
A18: 12 | B18: Trần Nguyễn Anh Duy | C18: Bác sĩ | D18: 109867708726 | E18: ='Bác sĩ điều trị'!D20 -> 1500000 | F18: =E18-G18 -> 0 | G18: =E18 -> 1500000
A19: 13 | B19: Điều Tấn Kiệt | C19: Bác sĩ (nt) | D19: 105883051352 | E19: ='lanh tien PT'!D16+'lanh tien PT'!D17+'lanh tien PT'!D18+'lanh tien PT'!D19+'lanh tien PT_BHYT'!E16+'lanh tien PT_BHYT'!E17+'lanh tien PT_BHYT'!E18+'lanh tien PT_BHYT'!E19 -> 5901330 | F19: =E19-G19 -> 590133 | G19: =E19*0.9 -> 5311197
A20: 14 | B20: Nguyễn Trần Khánh Đan | C20: Bác sĩ (nt) | D20: 105880975165 | E20: ='lanh tien PT_BHYT'!E20+'lanh tien PT'!D20 -> 1118182 | F20: =E20-G20 -> 0 | G20: =E20 -> 1118182
A21: 15 | B21: Phạm Công Hậu | C21: Bác sĩ (nt) | D21: 102879258199 | E21: ='lanh tien PT_BHYT'!E21+'lanh tien PT'!D21-1000000 -> 815721 | F21: =E21-G21 -> 0 | G21: =E21 -> 815721
A22: 16 | B22: Trang Gia Vinh | C22: Bác sĩ (nt) | D22: 109880991105 | E22: ='lanh tien PT_BHYT'!E22+'lanh tien PT'!D22-1500000 -> 1219077 | F22: =E22-G22 -> 0 | G22: =E22 -> 1219077
A23: 17 | B23: Bùi Quan Tấn | C23: Bác sĩ (nt) | D23: 109881014321 | E23: ='lanh tien PT_BHYT'!E23+'lanh tien PT'!D23-1500000 -> 854210 | F23: =E23-G23 -> 0 | G23: =E23 -> 854210
A24: 18 | B24: Tào Nhật Hào | C24: Bác sĩ (nt) | D24: 102880994246 | E24: ='lanh tien PT_BHYT'!E24+'lanh tien PT'!D24 -> 1038160 | F24: =E24-G24 -> 0 | G24: =E24 -> 1038160
A25: 19 | B25: Huỳnh Phúc Nguyên | C25: Bác sĩ (nt) | D25: 100881016109 | E25: ='lanh tien PT_BHYT'!E25+'lanh tien PT'!D25-1000000 -> 880980 | F25: =E25-G25 -> 0 | G25: =E25 -> 880980
A26: 20 | B26: Nguyễn Văn Nghiêm | C26: Bác sĩ (nt) | D26: 108883113558 | E26: ='lanh tien PT_BHYT'!E26+'lanh tien PT'!D26+'TONG LANH'!E32 -> 1261726 | F26: =E26-G26 -> 0 | G26: =E26 -> 1261726
A27: 21 | B27: Đỗ Thành Công | C27: Bác sĩ (nt) | D27: 109881609351 | E27: ='lanh tien PT_BHYT'!E27+'lanh tien PT'!D27 -> 465393 | F27: =E27-G27 -> 0 | G27: =E27 -> 465393
A28: 22 | B28: Võ Ngọc Thiện | C28: Bác sĩ (nt) | D28: 102885267089 | E28: ='lanh tien PT_BHYT'!E28+'lanh tien PT'!D28-500000 -> 1393412 | F28: =E28-G28 -> 0 | G28: =E28 -> 1393412
A29: 23 | B29: Nguyễn Hoài Đức | C29: Bác sĩ (nt) | D29: 101883256042 | E29: ='lanh tien PT_BHYT'!E30+'lanh tien PT'!D30-1003000 -> 1610420 | F29: =E29-G29 -> 0 | G29: =E29 -> 1610420
A30: 24 | B30: Phan Văn Hiếu | C30: Điều dưỡng | D30: 106006773860 | E30: ='lanh tien PT1'!E20 -> 3880753.6 | F30: - | G30: =E30 -> 3880753.6
A31: 25 | B31: Võ Thị Yến Nhi | C31: Điều dưỡng | D31: 105866700129 | E31: ='lanh tien PT1'!E21 -> 3880753.6 | F31: - | G31: =E31 -> 3880753.6
A32: 26 | B32: Võ Phương Duy | C32: Điều dưỡng | D32: 108869864215 | E32: ='lanh tien PT1'!E22 -> 3880753.6 | F32: - | G32: =E32 -> 3880753.6
A33: 27 | B33: Lê Ngọc Diệu | C33: Điều dưỡng | D33: 106002699376 | E33: ='lanh tien PT1'!E24+'Bác sĩ điều trị'!D18 -> 6880753.6 | F33: - | G33: =E33 -> 6880753.6
A34: 28 | B34: Nguyễn Kim Ngân | C34: Điều dưỡng | D34: 104869864258 | E34: =E32 -> 3880753.6 | F34: - | G34: =E34 -> 3880753.6
A35: 29 | B35: Trần Quỳnh Minh Thư | C35: Điều dưỡng | D35: 102877256973 | E35: =E32 -> 3880753.6 | F35: - | G35: =E35 -> 3880753.6
A36: 30 | B36: Thạch Thị Thúy Đa | C36: Điều dưỡng | D36: 109869939394 | E36: =E32 -> 3880753.6 | F36: - | G36: =E36 -> 3880753.6
A37: 31 | B37: Nguyễn Lê Duy Anh | C37: Điều dưỡng | D37: 104882438347 | E37: =E32 -> 3880753.6 | F37: - | G37: =E37 -> 3880753.6
A38: 32 | B38: Lê Kim Hoàn | C38: Điều dưỡng | D38: 100883540104 | E38: =E32 -> 3880753.6 | F38: - | G38: =E38 -> 3880753.6
A39: 33 | B39: Nguyễn Thị Như Ý | C39: Hộ Lý | D39: 108002699374 | E39: ='lanh tien PT1'!E30 -> 1940382.8 | F39: - | G39: =E39 -> 1940382.8
B40: TỔNG CỘNG | E40: =SUM(E7:E39) -> 1.0103839e+08 | F40: =SUM(F7:F39) -> 2617283.9 | G40: =SUM(G7:G39) -> 98421111
F42: Cần Thơ, ngày 21 tháng 10 năm 2025
A43: Người lập bảng | F43: Trưởng khoa
A47: ĐD. Phan Văn Hiếu | F47: ThS. Bs.CKII.Nguyễn Lê Hoan
