Workbook

Sheet phauthuat
A1: BV TRƯỜNG ĐHYD CẦN THƠ
A2: KHOA NGOẠI CTCH - TK
A3: BẢNG KÊ TIỀN PHẪU THUẬT
A4: (THÁNG 1/2025)
A6: STT | B6: Ngày | C6: Họ Tên | D6: Nam | E6: Nữ | F6: Phương pháp phẫu thuật | G6: Loại PT | H6: Giá Phẫu thuật thực tính | I6: PTV chính | J6: Số tiền | K6: Phụ mổ 1 | L6: Số tiền | M6: Phụ mổ 2 | N6: Số tiền | O6: Phụ mổ 3 | P6: Số tiền | Q6: ĐD + HL | R6: Thực lãnh
A7: 1 | B7: 11/12/2024 | C7: Thái Duyệt Hiền | E7: 42 | F7: Cắt lọc hoại tử ổ loét vết thương mãn tính | G7: TT2 | H7: 2128200 | I7: V.TÂN | J7: =R7-L7-N7-P7-Q7 -> 175576.5 | K7: TUẤN | L7: =IF(K7="-",0,H7*0.03) -> 63846 | M7: KHÁNH | N7: =IF(M7="-",0,H7*0.02) -> 42564 | O7: - | P7: =IF(O7="-",0,H7*0.01) -> 0 | Q7: =H7*0.005 -> 10641 | R7: =IF(I7="V.Tân",H7*0.1375,IF(I7="nguyện",H7*0.1375,IF(I7="TOẢN",H7*0.1375,H7*0.17))) -> 292627.5
A8: 2 | B8: 24/12/2024 | C8: Nguyễn Văn Thoàng | D8: 63 | F8: Cắt lọc hoại tử ổ loét vết thương mãn tính | G8: TT2 | H8: 2127400 | I8: V.TÂN | J8: =R8-L8-N8-P8-Q8 -> 154236.5 | K8: TUẤN | L8: =IF(K8="-",0,H8*0.03) -> 63822 | M8: LUẬN | N8: =IF(M8="-",0,H8*0.02) -> 42548 | O8: THẠNH | P8: =IF(O8="-",0,H8*0.01) -> 21274 | Q8: =H8*0.005 -> 10637 | R8: =IF(I8="V.Tân",H8*0.1375,IF(I8="nguyện",H8*0.1375,IF(I8="TOẢN",H8*0.1375,H8*0.17))) -> 292517.5
A9: 3 | B9: 24/12/2024 | C9: Thạch Thị Phẹnh | E9: 61 | F9: Cắt lọc hoại tử ổ loét vết thương mãn tính | G9: TT2 | H9: 2128200 | I9: GIÀU | J9: =R9-L9-N9-P9-Q9 -> 223461 | K9: TOÀN | L9: =IF(K9="-",0,H9*0.03) -> 63846 | M9: DƯƠNG | N9: =IF(M9="-",0,H9*0.02) -> 42564 | O9: ẨN | P9: =IF(O9="-",0,H9*0.01) -> 21282 | Q9: =H9*0.005 -> 10641 | R9: =IF(I9="V.Tân",H9*0.1375,IF(I9="nguyện",H9*0.1375,IF(I9="TOẢN",H9*0.1375,H9*0.17))) -> 361794
A10: 4 | B10: 25/12/2024 | C10: Nguyễn Hoàng Du | D10: 42 | F10: Cắt lọc ổ loét mạn | G10: TT2 | H10: 2128200 | I10: V.TÂN | J10: =R10-L10-N10-P10-Q10 -> 154294.5 | K10: TUẤN | L10: =IF(K10="-",0,H10*0.03) -> 63846 | M10: HƯỞNG | N10: =IF(M10="-",0,H10*0.02) -> 42564 | O10: TÙNG | P10: =IF(O10="-",0,H10*0.01) -> 21282 | Q10: =H10*0.005 -> 10641 | R10: =IF(I10="V.Tân",H10*0.1375,IF(I10="nguyện",H10*0.1375,IF(I10="TOẢN",H10*0.1375,H10*0.17))) -> 292627.5
A11: 5 | B11: 25/12/2024 | C11: Mã Nguyên Sang | D11: 43 | F11: PTNS tái tạo dây chằng chéo sau | G11: TTDB | H11: 3405500 | I11: TRIỀU | J11: =R11-L11-N11-P11-Q11 -> 357577.5 | K11: TOẢN | L11: =IF(K11="-",0,H11*0.03) -> 102165 | M11: LUẬN | N11: =IF(M11="-",0,H11*0.02) -> 68110 | O11: KHANG | P11: =IF(O11="-",0,H11*0.01) -> 34055 | Q11: =H11*0.005 -> 17027.5 | R11: =IF(I11="V.Tân",H11*0.1375,IF(I11="nguyện",H11*0.1375,IF(I11="TOẢN",H11*0.1375,H11*0.17))) -> 578935
A12: 6 | B12: 27/12/2024 | C12: TRẦN VĂN PHỤNG | D12: 54 | F12: Thay khớp háng toàn phần | G12: TTDB | H12: 3525500 | I12: HOAN | J12: =R12-L12-N12-P12-Q12 -> 370177.5 | K12: NGUYỆN | L12: =IF(K12="-",0,H12*0.03) -> 105765 | M12: TUẤN | N12: =IF(M12="-",0,H12*0.02) -> 70510 | O12: TOÀN | P12: =IF(O12="-",0,H12*0.01) -> 35255 | Q12: =H12*0.005 -> 17627.5 | R12: =IF(I12="V.Tân",H12*0.1375,IF(I12="nguyện",H12*0.1375,IF(I12="TOẢN",H12*0.1375,H12*0.17))) -> 599335
A13: 7 | B13: 27/12/2024 | C13: Nguyễn Văn Chính | D13: 55 | F13: Thay khớp háng toàn phần | G13: TTDB | H13: 3525500 | I13: HOAN | J13: =R13-L13-N13-P13-Q13 -> 370177.5 | K13: NGUYỆN | L13: =IF(K13="-",0,H13*0.03) -> 105765 | M13: TUẤN | N13: =IF(M13="-",0,H13*0.02) -> 70510 | O13: TOÀN | P13: =IF(O13="-",0,H13*0.01) -> 35255 | Q13: =H13*0.005 -> 17627.5 | R13: =IF(I13="V.Tân",H13*0.1375,IF(I13="nguyện",H13*0.1375,IF(I13="TOẢN",H13*0.1375,H13*0.17))) -> 599335
A14: 8 | B14: 27/12/2024 | C14: Trần Chí Nguyện | D14: 54 | F14: Thay khớp háng toàn phần | G14: TTDB | H14: 3525500 | I14: HOAN | J14: =R14-L14-N14-P14-Q14 -> 370177.5 | K14: NGUYỆN | L14: =IF(K14="-",0,H14*0.03) -> 105765 | M14: TUẤN | N14: =IF(M14="-",0,H14*0.02) -> 70510 | O14: TOÀN | P14: =IF(O14="-",0,H14*0.01) -> 35255 | Q14: =H14*0.005 -> 17627.5 | R14: =IF(I14="V.Tân",H14*0.1375,IF(I14="nguyện",H14*0.1375,IF(I14="TOẢN",H14*0.1375,H14*0.17))) -> 599335
A15: 9 | B15: 30/12/2024 | C15: Lê Văn Đồng | D15: 77 | F15: PT thay khớp háng bán phần | G15: TT1 | H15: 3897500 | I15: NGUYỆN | J15: =R15-L15-N15-P15-Q15 -> 282568.75 | K15: ĐIỀN | L15: =IF(K15="-",0,H15*0.03) -> 116925 | M15: TOẢN | N15: =IF(M15="-",0,H15*0.02) -> 77950 | O15: HƯNG | P15: =IF(O15="-",0,H15*0.01) -> 38975 | Q15: =H15*0.005 -> 19487.5 | R15: =IF(I15="V.Tân",H15*0.1375,IF(I15="nguyện",H15*0.1375,IF(I15="TOẢN",H15*0.1375,H15*0.17))) -> 535906.25
A16: 10 | B16: 30/12/2024 | C16: La Quang Đạo | D16: 38 | F16: PT KHX trên màn hình tăng sáng | G16: TP | H16: 9972000 | I16: TOẢN | J16: =R16-L16-N16-P16-Q16 -> 722970 | K16: NGUYỆN | L16: =IF(K16="-",0,H16*0.03) -> 299160 | M16: LUẬN | N16: =IF(M16="-",0,H16*0.02) -> 199440 | O16: HƯỞNG | P16: =IF(O16="-",0,H16*0.01) -> 99720 | Q16: =H16*0.005 -> 49860 | R16: =IF(I16="V.Tân",H16*0.1375,IF(I16="nguyện",H16*0.1375,IF(I16="TOẢN",H16*0.1375,H16*0.17))) -> 1371150
A17: 11 | B17: 30/12/2024 | C17: Võ Thị Lòng | E17: 78 | F17: Cắt lọc hoại tử ổ loét vết thương mãn tính | G17: TT2 | H17: 2127400 | I17: NGUYỆN | J17: =R17-L17-N17-P17-Q17 -> 154236.5 | K17: ĐIỀN | L17: =IF(K17="-",0,H17*0.03) -> 63822 | M17: THÁI | N17: =IF(M17="-",0,H17*0.02) -> 42548 | O17: KHÉN | P17: =IF(O17="-",0,H17*0.01) -> 21274 | Q17: =H17*0.005 -> 10637 | R17: =IF(I17="V.Tân",H17*0.1375,IF(I17="nguyện",H17*0.1375,IF(I17="TOẢN",H17*0.1375,H17*0.17))) -> 292517.5
A18: 12 | B18: 30/12/2024 | C18: Nguyễn Lê Vũ Luân | D18: 22 | F18: Cắt u xương sụn | G18: TT2 | H18: 2496100 | I18: NGUYỆN | J18: =R18-L18-N18-P18-Q18 -> 180967.25 | K18: HƯNG | L18: =IF(K18="-",0,H18*0.03) -> 74883 | M18: TÙNG | N18: =IF(M18="-",0,H18*0.02) -> 49922 | O18: LUẬT | P18: =IF(O18="-",0,H18*0.01) -> 24961 | Q18: =H18*0.005 -> 12480.5 | R18: =IF(I18="V.Tân",H18*0.1375,IF(I18="nguyện",H18*0.1375,IF(I18="TOẢN",H18*0.1375,H18*0.17))) -> 343213.75
A19: 13 | B19: 31/12/2024 | C19: Cao Minh Lý | D19: 62 | F19: Lấy DC KHX | G19: TT2 | H19: 2559100 | I19: V.TÂN | J19: =R19-L19-N19-P19-Q19 -> 185534.75 | K19: HƯNG | L19: =IF(K19="-",0,H19*0.03) -> 76773 | M19: KHÉN | N19: =IF(M19="-",0,H19*0.02) -> 51182 | O19: LUẬT | P19: =IF(O19="-",0,H19*0.01) -> 25591 | Q19: =H19*0.005 -> 12795.5 | R19: =IF(I19="V.Tân",H19*0.1375,IF(I19="nguyện",H19*0.1375,IF(I19="TOẢN",H19*0.1375,H19*0.17))) -> 351876.25
A20: 14 | B20: 01/01/2025 | C20: Giáp Thành Trung | D20: 50 | F20: Khâu gân duỗi | G20: TP | H20: 5302000 | I20: TOẢN | J20: =R20-L20-N20-P20-Q20 -> 384395 | K20: LUẬN | L20: =IF(K20="-",0,H20*0.03) -> 159060 | M20: KHANG | N20: =IF(M20="-",0,H20*0.02) -> 106040 | O20: ẨN | P20: =IF(O20="-",0,H20*0.01) -> 53020 | Q20: =H20*0.005 -> 26510 | R20: =IF(I20="V.Tân",H20*0.1375,IF(I20="nguyện",H20*0.1375,IF(I20="TOẢN",H20*0.1375,H20*0.17))) -> 729025
A21: 15 | B21: 02/01/2025 | C21: Đặng Thị Ra | E21: 69 | F21: KHX trên màn hình tăng sáng | G21: TTDB | H21: 4497500 | I21: NGUYỆN | J21: =R21-L21-N21-P21-Q21 -> 326068.75 | K21: TOẢN | L21: =IF(K21="-",0,H21*0.03) -> 134925 | M21: TUẤN | N21: =IF(M21="-",0,H21*0.02) -> 89950 | O21: TOÀN | P21: =IF(O21="-",0,H21*0.01) -> 44975 | Q21: =H21*0.005 -> 22487.5 | R21: =IF(I21="V.Tân",H21*0.1375,IF(I21="nguyện",H21*0.1375,IF(I21="TOẢN",H21*0.1375,H21*0.17))) -> 618406.25
A22: 16 | B22: 03/01/2025 | C22: Đỗ Văn Pheo | D22: 63 | F22: PT KHX tăng sáng | G22: TTDB | H22: 4497500 | I22: V.TÂN | J22: =R22-L22-N22-P22-Q22 -> 326068.75 | K22: TUẤN | L22: =IF(K22="-",0,H22*0.03) -> 134925 | M22: TOÀN | N22: =IF(M22="-",0,H22*0.02) -> 89950 | O22: HƯỞNG | P22: =IF(O22="-",0,H22*0.01) -> 44975 | Q22: =H22*0.005 -> 22487.5 | R22: =IF(I22="V.Tân",H22*0.1375,IF(I22="nguyện",H22*0.1375,IF(I22="TOẢN",H22*0.1375,H22*0.17))) -> 618406.25
A23: 17 | B23: 03/01/2025 | C23: Lê Trung Vinh | D23: 26 | F23: PT KHX gãy đài quay | G23: TT2 | H23: 2897500 | I23: NGUYỆN | J23: =R23-L23-N23-P23-Q23 -> 210068.75 | K23: TUẤN | L23: =IF(K23="-",0,H23*0.03) -> 86925 | M23: TOÀN | N23: =IF(M23="-",0,H23*0.02) -> 57950 | O23: KHANG | P23: =IF(O23="-",0,H23*0.01) -> 28975 | Q23: =H23*0.005 -> 14487.5 | R23: =IF(I23="V.Tân",H23*0.1375,IF(I23="nguyện",H23*0.1375,IF(I23="TOẢN",H23*0.1375,H23*0.17))) -> 398406.25
A24: 18 | B24: 03/01/2025 | C24: Hà Minh Huy | D24: 61 | F24: KHX trên màn hình tăng sáng | G24: TTDB | H24: 4497500 | I24: HOAN | J24: =R24-L24-N24-P24-Q24 -> 472237.5 | K24: TOẢN | L24: =IF(K24="-",0,H24*0.03) -> 134925 | M24: TUẤN | N24: =IF(M24="-",0,H24*0.02) -> 89950 | O24: TOÀN | P24: =IF(O24="-",0,H24*0.01) -> 44975 | Q24: =H24*0.005 -> 22487.5 | R24: =IF(I24="V.Tân",H24*0.1375,IF(I24="nguyện",H24*0.1375,IF(I24="TOẢN",H24*0.1375,H24*0.17))) -> 764575
A25: 19 | B25: 03/01/2025 | C25: Đỗ Văn Hiền | D25: 72 | F25: Cắt lọc hoại tử ổ loét vết thương mạn tính | G25: TT2 | H25: 2128200 | I25: ĐIỀN | J25: =R25-L25-N25-P25-Q25 -> 223461 | K25: LUẬN | L25: =IF(K25="-",0,H25*0.03) -> 63846 | M25: KHÉN | N25: =IF(M25="-",0,H25*0.02) -> 42564 | O25: TÙNG | P25: =IF(O25="-",0,H25*0.01) -> 21282 | Q25: =H25*0.005 -> 10641 | R25: =IF(I25="V.Tân",H25*0.1375,IF(I25="nguyện",H25*0.1375,IF(I25="TOẢN",H25*0.1375,H25*0.17))) -> 361794
A26: 20 | B26: 03/01/2025 | C26: Thạch Thị Phẹnh | E26: 62 | F26: Cắt lọc hoại tử ổ loét vết thương mạn tính | G26: TT2 | H26: 2128200 | I26: ĐIỀN | J26: =R26-L26-N26-P26-Q26 -> 223461 | K26: LUẬN | L26: =IF(K26="-",0,H26*0.03) -> 63846 | M26: KHÉN | N26: =IF(M26="-",0,H26*0.02) -> 42564 | O26: TÙNG | P26: =IF(O26="-",0,H26*0.01) -> 21282 | Q26: =H26*0.005 -> 10641 | R26: =IF(I26="V.Tân",H26*0.1375,IF(I26="nguyện",H26*0.1375,IF(I26="TOẢN",H26*0.1375,H26*0.17))) -> 361794
A27: 21 | B27: 03/01/2025 | C27: Nguyễn Thị Trinh | E27: 40 | F27: PTNS cắt hoạt mạc viêm khớp gối | G27: TT1 | H27: 3397500 | I27: HOAN | J27: =R27-L27-N27-P27-Q27 -> 356737.5 | K27: TOẢN | L27: =IF(K27="-",0,H27*0.03) -> 101925 | M27: TUẤN | N27: =IF(M27="-",0,H27*0.02) -> 67950 | O27: TOÀN | P27: =IF(O27="-",0,H27*0.01) -> 33975 | Q27: =H27*0.005 -> 16987.5 | R27: =IF(I27="V.Tân",H27*0.1375,IF(I27="nguyện",H27*0.1375,IF(I27="TOẢN",H27*0.1375,H27*0.17))) -> 577575
A28: 22 | B28: 04/01/2025 | C28: Mã Thanh Xà | E28: 88 | F28: PT thay khớp háng bán phần | G28: TT1 | H28: 3897500 | I28: HOAN | J28: =R28-L28-N28-P28-Q28 -> 409237.5 | K28: NGUYỆN | L28: =IF(K28="-",0,H28*0.03) -> 116925 | M28: ĐIỀN | N28: =IF(M28="-",0,H28*0.02) -> 77950 | O28: TUẤN | P28: =IF(O28="-",0,H28*0.01) -> 38975 | Q28: =H28*0.005 -> 19487.5 | R28: =IF(I28="V.Tân",H28*0.1375,IF(I28="nguyện",H28*0.1375,IF(I28="TOẢN",H28*0.1375,H28*0.17))) -> 662575
A29: 23 | B29: 04/01/2025 | C29: Nguyễn Văn Đời | D29: 84 | F29: PT vết thương phần mềm phức tạp | G29: TT1 | H29: 796000 | I29: ĐIỀN | J29: =R29-L29-N29-P29-Q29 -> 91540 | K29: TUẤN | L29: =IF(K29="-",0,H29*0.03) -> 23880 | M29: KHÁNH | N29: =IF(M29="-",0,H29*0.02) -> 15920 | O29: - | P29: =IF(O29="-",0,H29*0.01) -> 0 | Q29: =H29*0.005 -> 3980 | R29: =IF(I29="V.Tân",H29*0.1375,IF(I29="nguyện",H29*0.1375,IF(I29="TOẢN",H29*0.1375,H29*0.17))) -> 135320
A30: 24 | B30: 06/01/2025 | C30: Thái Thị Thanh Trúc | E30: 28 | F30: Lấy DC KHX | G30: TT2 | H30: 2559100 | I30: V.TÂN | J30: =R30-L30-N30-P30-Q30 -> 211125.75 | K30: HƯNG | L30: =IF(K30="-",0,H30*0.03) -> 76773 | M30: KHANG | N30: =IF(M30="-",0,H30*0.02) -> 51182 | O30: - | P30: =IF(O30="-",0,H30*0.01) -> 0 | Q30: =H30*0.005 -> 12795.5 | R30: =IF(I30="V.Tân",H30*0.1375,IF(I30="nguyện",H30*0.1375,IF(I30="TOẢN",H30*0.1375,H30*0.17))) -> 351876.25
A31: 25 | B31: 07/01/2025 | C31: Võ Thị Lòng | E31: 78 | F31: PT cắt đáy ổ loét mạn tính khâu kín | G31: TT2 | H31: 3127400 | I31: ĐIỀN | J31: =R31-L31-N31-P31-Q31 -> 359651 | K31: LUẬN | L31: =IF(K31="-",0,H31*0.03) -> 93822 | M31: KHÉN | N31: =IF(M31="-",0,H31*0.02) -> 62548 | O31: - | P31: =IF(O31="-",0,H31*0.01) -> 0 | Q31: =H31*0.005 -> 15637 | R31: =IF(I31="V.Tân",H31*0.1375,IF(I31="nguyện",H31*0.1375,IF(I31="TOẢN",H31*0.1375,H31*0.17))) -> 531658
A32: 26 | B32: 07/01/2025 | C32: Nguyễn Văn Sáu | D32: 61 | F32: KHX trên màn hình tăng sáng | G32: TTDB | H32: 4497500 | I32: GIÀU | J32: =R32-L32-N32-P32-Q32 -> 472237.5 | K32: TUẤN | L32: =IF(K32="-",0,H32*0.03) -> 134925 | M32: HƯNG | N32: =IF(M32="-",0,H32*0.02) -> 89950 | O32: KHÉN | P32: =IF(O32="-",0,H32*0.01) -> 44975 | Q32: =H32*0.005 -> 22487.5 | R32: =IF(I32="V.Tân",H32*0.1375,IF(I32="nguyện",H32*0.1375,IF(I32="TOẢN",H32*0.1375,H32*0.17))) -> 764575
A33: 27 | B33: 07/01/2025 | C33: Trần Huệ Mẫn | E33: 17 | F33: KHX trên màn hình tăng sáng | G33: TTDB | H33: 4497500 | I33: NGUYỆN | J33: =R33-L33-N33-P33-Q33 -> 326068.75 | K33: TUẤN | L33: =IF(K33="-",0,H33*0.03) -> 134925 | M33: HƯNG | N33: =IF(M33="-",0,H33*0.02) -> 89950 | O33: KHÉN | P33: =IF(O33="-",0,H33*0.01) -> 44975 | Q33: =H33*0.005 -> 22487.5 | R33: =IF(I33="V.Tân",H33*0.1375,IF(I33="nguyện",H33*0.1375,IF(I33="TOẢN",H33*0.1375,H33*0.17))) -> 618406.25
A34: 28 | B34: 07/01/2025 | C34: Phó Châu Tuyền | D34: 30 | F34: KHX trên màn hình tăng sáng | G34: TP | H34: 9972000 | I34: HOAN | J34: =R34-L34-N34-P34-Q34 -> 1047060 | K34: TUẤN | L34: =IF(K34="-",0,H34*0.03) -> 299160 | M34: TOÀN | N34: =IF(M34="-",0,H34*0.02) -> 199440 | O34: KHANG | P34: =IF(O34="-",0,H34*0.01) -> 99720 | Q34: =H34*0.005 -> 49860 | R34: =IF(I34="V.Tân",H34*0.1375,IF(I34="nguyện",H34*0.1375,IF(I34="TOẢN",H34*0.1375,H34*0.17))) -> 1695240
A35: 29 | B35: 08/01/2025 | C35: Huỳnh Thị Yến | E35: 74 | F35: PT thay khớp háng toàn bộ | G35: TTDB | H35: 3525500 | I35: HOAN | J35: =R35-L35-N35-P35-Q35 -> 370177.5 | K35: V.TÂN | L35: =IF(K35="-",0,H35*0.03) -> 105765 | M35: TUẤN | N35: =IF(M35="-",0,H35*0.02) -> 70510 | O35: HƯNG | P35: =IF(O35="-",0,H35*0.01) -> 35255 | Q35: =H35*0.005 -> 17627.5 | R35: =IF(I35="V.Tân",H35*0.1375,IF(I35="nguyện",H35*0.1375,IF(I35="TOẢN",H35*0.1375,H35*0.17))) -> 599335
A36: 30 | B36: 08/01/2025 | C36: Lê Văn Đạt | D36: 84 | F36: PT khớp háng bán phần | G36: TT1 | H36: 3897500 | I36: HOAN | J36: =R36-L36-N36-P36-Q36 -> 409237.5 | K36: TUẤN | L36: =IF(K36="-",0,H36*0.03) -> 116925 | M36: HƯNG | N36: =IF(M36="-",0,H36*0.02) -> 77950 | O36: KHÉN | P36: =IF(O36="-",0,H36*0.01) -> 38975 | Q36: =H36*0.005 -> 19487.5 | R36: =IF(I36="V.Tân",H36*0.1375,IF(I36="nguyện",H36*0.1375,IF(I36="TOẢN",H36*0.1375,H36*0.17))) -> 662575
A37: 31 | B37: 08/01/2025 | C37: Lâm Hó Văn | D37: 87 | F37: PT thay khớp háng bán phần | G37: TP | H37: 8000000 | I37: NGUYỆN | J37: =R37-L37-N37-P37-Q37 -> 580000 | K37: TOẢN | L37: =IF(K37="-",0,H37*0.03) -> 240000 | M37: TUẤN | N37: =IF(M37="-",0,H37*0.02) -> 160000 | O37: TOÀN | P37: =IF(O37="-",0,H37*0.01) -> 80000 | Q37: =H37*0.005 -> 40000 | R37: =IF(I37="V.Tân",H37*0.1375,IF(I37="nguyện",H37*0.1375,IF(I37="TOẢN",H37*0.1375,H37*0.17))) -> 1100000
A38: 32 | B38: 08/01/2025 | C38: Nguyễn Duy | D38: 42 | F38: Lấy dụng cụ KHX | G38: TT2 | H38: 2559100 | I38: NGUYỆN | J38: =R38-L38-N38-P38-Q38 -> 185534.75 | K38: TUẤN | L38: =IF(K38="-",0,H38*0.03) -> 76773 | M38: LUẬN | N38: =IF(M38="-",0,H38*0.02) -> 51182 | O38: HƯỞNG | P38: =IF(O38="-",0,H38*0.01) -> 25591 | Q38: =H38*0.005 -> 12795.5 | R38: =IF(I38="V.Tân",H38*0.1375,IF(I38="nguyện",H38*0.1375,IF(I38="TOẢN",H38*0.1375,H38*0.17))) -> 351876.25
A39: 33 | B39: 08/01/2025 | C39: Hoàng Thị Thanh Thúy | E39: 22 | F39: PTNS tái tạo dây chằng | G39: TTDB | H39: 3405500 | I39: GIÀU | J39: =R39-L39-N39-P39-Q39 -> 357577.5 | K39: TOẢN | L39: =IF(K39="-",0,H39*0.03) -> 102165 | M39: HƯNG | N39: =IF(M39="-",0,H39*0.02) -> 68110 | O39: KHANG | P39: =IF(O39="-",0,H39*0.01) -> 34055 | Q39: =H39*0.005 -> 17027.5 | R39: =IF(I39="V.Tân",H39*0.1375,IF(I39="nguyện",H39*0.1375,IF(I39="TOẢN",H39*0.1375,H39*0.17))) -> 578935
A40: 34 | B40: 09/01/2025 | C40: Nguyễn Thị Khéo | E40: 75 | F40: KHX trên màn hình tăng sáng | G40: TTDB | H40: 4497500 | I40: NGUYỆN | J40: =R40-L40-N40-P40-Q40 -> 326068.75 | K40: TOẢN | L40: =IF(K40="-",0,H40*0.03) -> 134925 | M40: TUẤN | N40: =IF(M40="-",0,H40*0.02) -> 89950 | O40: TÙNG | P40: =IF(O40="-",0,H40*0.01) -> 44975 | Q40: =H40*0.005 -> 22487.5 | R40: =IF(I40="V.Tân",H40*0.1375,IF(I40="nguyện",H40*0.1375,IF(I40="TOẢN",H40*0.1375,H40*0.17))) -> 618406.25
A41: 35 | B41: 10/01/2025 | C41: Trần Thị Tư | E41: 80 | F41: PT thay khớp háng bán phần | G41: TT1 | H41: 3897500 | I41: HOAN | J41: =R41-L41-N41-P41-Q41 -> 409237.5 | K41: NGUYỆN | L41: =IF(K41="-",0,H41*0.03) -> 116925 | M41: ĐIỀN | N41: =IF(M41="-",0,H41*0.02) -> 77950 | O41: TUẤN | P41: =IF(O41="-",0,H41*0.01) -> 38975 | Q41: =H41*0.005 -> 19487.5 | R41: =IF(I41="V.Tân",H41*0.1375,IF(I41="nguyện",H41*0.1375,IF(I41="TOẢN",H41*0.1375,H41*0.17))) -> 662575
A42: 36 | B42: 10/01/2025 | C42: Võ Văn Ngẫu | D42: 97 | F42: PT thay khớp háng bán phần | G42: TT1 | H42: 3897500 | I42: HOAN | J42: =R42-L42-N42-P42-Q42 -> 409237.5 | K42: NGUYỆN | L42: =IF(K42="-",0,H42*0.03) -> 116925 | M42: ĐIỀN | N42: =IF(M42="-",0,H42*0.02) -> 77950 | O42: TUẤN | P42: =IF(O42="-",0,H42*0.01) -> 38975 | Q42: =H42*0.005 -> 19487.5 | R42: =IF(I42="V.Tân",H42*0.1375,IF(I42="nguyện",H42*0.1375,IF(I42="TOẢN",H42*0.1375,H42*0.17))) -> 662575
A43: 37 | B43: 10/01/2025 | C43: LÊ VĂN THƯỜNG | E43: 38 | F43: PT thay khớp háng bán phần | G43: TT1 | H43: 3897500 | I43: NGUYỆN | J43: =R43-L43-N43-P43-Q43 -> 282568.75 | K43: ĐIỀN | L43: =IF(K43="-",0,H43*0.03) -> 116925 | M43: TUẤN | N43: =IF(M43="-",0,H43*0.02) -> 77950 | O43: TÙNG | P43: =IF(O43="-",0,H43*0.01) -> 38975 | Q43: =H43*0.005 -> 19487.5 | R43: =IF(I43="V.Tân",H43*0.1375,IF(I43="nguyện",H43*0.1375,IF(I43="TOẢN",H43*0.1375,H43*0.17))) -> 535906.25
A44: 38 | B44: 10/01/2025 | C44: Lý Thị Tuyết Nga | E44: 49 | F44: Khâu phục hồi tổn thương gân duỗi | G44: TT1 | H44: 2697100 | I44: GIÀU | J44: =R44-L44-N44-P44-Q44 -> 283195.5 | K44: TOÀN | L44: =IF(K44="-",0,H44*0.03) -> 80913 | M44: LUẬT | N44: =IF(M44="-",0,H44*0.02) -> 53942 | O44: BÌNH | P44: =IF(O44="-",0,H44*0.01) -> 26971 | Q44: =H44*0.005 -> 13485.5 | R44: =IF(I44="V.Tân",H44*0.1375,IF(I44="nguyện",H44*0.1375,IF(I44="TOẢN",H44*0.1375,H44*0.17))) -> 458507
A45: 39 | B45: 13/01/2025 | C45: Đoàn Thiện Thái | D45: 38 | F45: PT KHX tăng sáng | G45: TTDB | H45: 4497500 | I45: TOẢN | J45: =R45-L45-N45-P45-Q45 -> 326068.75 | K45: TUẤN | L45: =IF(K45="-",0,H45*0.03) -> 134925 | M45: THÁI | N45: =IF(M45="-",0,H45*0.02) -> 89950 | O45: TOÀN | P45: =IF(O45="-",0,H45*0.01) -> 44975 | Q45: =H45*0.005 -> 22487.5 | R45: =IF(I45="V.Tân",H45*0.1375,IF(I45="nguyện",H45*0.1375,IF(I45="TOẢN",H45*0.1375,H45*0.17))) -> 618406.25
A46: 40 | B46: 13/01/2025 | C46: Trần Văn Mỹ | D46: 100 | F46: PT vết thương phần mềm phức tạp | G46: TT1 | H46: 796000 | I46: MINH | J46: =R46-L46-N46-P46-Q46 -> 83580 | K46: KHANG | L46: =IF(K46="-",0,H46*0.03) -> 23880 | M46: LUẬT | N46: =IF(M46="-",0,H46*0.02) -> 15920 | O46: DƯƠNG | P46: =IF(O46="-",0,H46*0.01) -> 7960 | Q46: =H46*0.005 -> 3980 | R46: =IF(I46="V.Tân",H46*0.1375,IF(I46="nguyện",H46*0.1375,IF(I46="TOẢN",H46*0.1375,H46*0.17))) -> 135320
A47: 41 | B47: 14/01/2025 | C47: Nguyễn Đình Phong | D47: 49 | F47: Lấy DC KHX | G47: TT2 | H47: 2559100 | I47: TẤN | J47: =R47-L47-N47-P47-Q47 -> 268705.5 | K47: NGUYỆN | L47: =IF(K47="-",0,H47*0.03) -> 76773 | M47: TUẤN | N47: =IF(M47="-",0,H47*0.02) -> 51182 | O47: TOÀN | P47: =IF(O47="-",0,H47*0.01) -> 25591 | Q47: =H47*0.005 -> 12795.5 | R47: =IF(I47="V.Tân",H47*0.1375,IF(I47="nguyện",H47*0.1375,IF(I47="TOẢN",H47*0.1375,H47*0.17))) -> 435047
A48: 42 | B48: 14/01/2025 | C48: Trần Thị Ánh Vân | E48: 49 | F48: KHX trên màn hình tăng sáng | G48: TTDB | H48: 4497500 | I48: ĐIỀN | J48: =R48-L48-N48-P48-Q48 -> 472237.5 | K48: LUẬN | L48: =IF(K48="-",0,H48*0.03) -> 134925 | M48: KHÉN | N48: =IF(M48="-",0,H48*0.02) -> 89950 | O48: ẨN | P48: =IF(O48="-",0,H48*0.01) -> 44975 | Q48: =H48*0.005 -> 22487.5 | R48: =IF(I48="V.Tân",H48*0.1375,IF(I48="nguyện",H48*0.1375,IF(I48="TOẢN",H48*0.1375,H48*0.17))) -> 764575
A49: 43 | B49: 14/01/2025 | C49: Nguyễn Văn Hưng | D49: 42 | F49: PTNS tái tạo dây chằng | G49: TTDB | H49: 3405500 | I49: TOẢN | J49: =R49-L49-N49-P49-Q49 -> 246898.75 | K49: MINH | L49: =IF(K49="-",0,H49*0.03) -> 102165 | M49: HƯNG | N49: =IF(M49="-",0,H49*0.02) -> 68110 | O49: KHÉN | P49: =IF(O49="-",0,H49*0.01) -> 34055 | Q49: =H49*0.005 -> 17027.5 | R49: =IF(I49="V.Tân",H49*0.1375,IF(I49="nguyện",H49*0.1375,IF(I49="TOẢN",H49*0.1375,H49*0.17))) -> 468256.25
A50: 44 | B50: 14/01/2025 | C50: Nguyễn Ngọc Bích | E50: 34 | F50: PT chuyển vạt che phủ phần mềm | G50: TP | H50: 7000000 | I50: NGUYỆN | J50: =R50-L50-N50-P50-Q50 -> 507500 | K50: TUẤN | L50: =IF(K50="-",0,H50*0.03) -> 210000 | M50: TÙNG | N50: =IF(M50="-",0,H50*0.02) -> 140000 | O50: KHÁNH | P50: =IF(O50="-",0,H50*0.01) -> 70000 | Q50: =H50*0.005 -> 35000 | R50: =IF(I50="V.Tân",H50*0.1375,IF(I50="nguyện",H50*0.1375,IF(I50="TOẢN",H50*0.1375,H50*0.17))) -> 962500
A51: 45 | B51: 15/01/2025 | C51: Phạm Khánh Băng | E51: 19 | F51: Căt lọc ổ loét mãn tính | G51: TT2 | H51: 2128200 | I51: TOẢN | J51: =R51-L51-N51-P51-Q51 -> 154294.5 | K51: LUẬT | L51: =IF(K51="-",0,H51*0.03) -> 63846 | M51: KHANG | N51: =IF(M51="-",0,H51*0.02) -> 42564 | O51: ẨN | P51: =IF(O51="-",0,H51*0.01) -> 21282 | Q51: =H51*0.005 -> 10641 | R51: =IF(I51="V.Tân",H51*0.1375,IF(I51="nguyện",H51*0.1375,IF(I51="TOẢN",H51*0.1375,H51*0.17))) -> 292627.5
A52: 46 | B52: 15/01/2025 | C52: Nguyễn Đức Duy | D52: 34 | F52: PTNS tái tạo dây chằng | G52: TP | H52: 8000000 | I52: TOẢN | J52: =R52-L52-N52-P52-Q52 -> 580000 | K52: TUẤN | L52: =IF(K52="-",0,H52*0.03) -> 240000 | M52: HƯNG | N52: =IF(M52="-",0,H52*0.02) -> 160000 | O52: KHANG | P52: =IF(O52="-",0,H52*0.01) -> 80000 | Q52: =H52*0.005 -> 40000 | R52: =IF(I52="V.Tân",H52*0.1375,IF(I52="nguyện",H52*0.1375,IF(I52="TOẢN",H52*0.1375,H52*0.17))) -> 1100000
A53: 47 | B53: 16/01/2025 | C53: Võ Hoàng Dư | D53: 37 | F53: Cắt u lành >10cm | G53: TT1 | H53: 1859300 | I53: NGUYỆN | J53: =R53-L53-N53-P53-Q53 -> 134799.25 | K53: TUẤN | L53: =IF(K53="-",0,H53*0.03) -> 55779 | M53: TOÀN | N53: =IF(M53="-",0,H53*0.02) -> 37186 | O53: ẨN | P53: =IF(O53="-",0,H53*0.01) -> 18593 | Q53: =H53*0.005 -> 9296.5 | R53: =IF(I53="V.Tân",H53*0.1375,IF(I53="nguyện",H53*0.1375,IF(I53="TOẢN",H53*0.1375,H53*0.17))) -> 255653.75
A54: 48 | B54: 16/01/2025 | C54: Trần Thị Út | E54: 52 | F54: Lấy nhân đệm | G54: TT1 | H54: 3796000 | I54: GIÀU | J54: =R54-L54-N54-P54-Q54 -> 398580 | K54: TÙNG | L54: =IF(K54="-",0,H54*0.03) -> 113880 | M54: TOÀN | N54: =IF(M54="-",0,H54*0.02) -> 75920 | O54: ẨN | P54: =IF(O54="-",0,H54*0.01) -> 37960 | Q54: =H54*0.005 -> 18980 | R54: =IF(I54="V.Tân",H54*0.1375,IF(I54="nguyện",H54*0.1375,IF(I54="TOẢN",H54*0.1375,H54*0.17))) -> 645320
A55: 49 | B55: 17/01/2025 | C55: Đào Văn Sáng | D55: 58 | F55: Lấy nhân đệm | G55: TT1 | H55: 3796000 | I55: GIÀU | J55: =R55-L55-N55-P55-Q55 -> 398580 | K55: KHÉN | L55: =IF(K55="-",0,H55*0.03) -> 113880 | M55: TÙNG | N55: =IF(M55="-",0,H55*0.02) -> 75920 | O55: THÁI | P55: =IF(O55="-",0,H55*0.01) -> 37960 | Q55: =H55*0.005 -> 18980 | R55: =IF(I55="V.Tân",H55*0.1375,IF(I55="nguyện",H55*0.1375,IF(I55="TOẢN",H55*0.1375,H55*0.17))) -> 645320
A56: 50 | B56: 17/01/2025 | C56: Vũ Thị Cam | E56: 59 | F56: KHX trên màn hình tăng sáng | G56: TTDB | H56: 4497500 | I56: TOẢN | J56: =R56-L56-N56-P56-Q56 -> 326068.75 | K56: NGUYỆN | L56: =IF(K56="-",0,H56*0.03) -> 134925 | M56: TUẤN | N56: =IF(M56="-",0,H56*0.02) -> 89950 | O56: TÙNG | P56: =IF(O56="-",0,H56*0.01) -> 44975 | Q56: =H56*0.005 -> 22487.5 | R56: =IF(I56="V.Tân",H56*0.1375,IF(I56="nguyện",H56*0.1375,IF(I56="TOẢN",H56*0.1375,H56*0.17))) -> 618406.25
A57: 51 | B57: 18/01/2025 | C57: Trần Thanh Long | D57: 36 | F57: PT vết thương phần mềm phức tạp | G57: TP | H57: 5100000 | I57: ĐIỀN | J57: =R57-L57-N57-P57-Q57 -> 535500 | K57: KHÉN | L57: =IF(K57="-",0,H57*0.03) -> 153000 | M57: ẨN | N57: =IF(M57="-",0,H57*0.02) -> 102000 | O57: KHÁNH | P57: =IF(O57="-",0,H57*0.01) -> 51000 | Q57: =H57*0.005 -> 25500 | R57: =IF(I57="V.Tân",H57*0.1375,IF(I57="nguyện",H57*0.1375,IF(I57="TOẢN",H57*0.1375,H57*0.17))) -> 867000
A58: 52 | B58: 18/01/2025 | C58: Phó Nguyên Chương | D58: 19 | F58: PTNS tái tạo dây chằng | G58: TTDB | H58: 3405500 | I58: TẤN | J58: =R58-L58-N58-P58-Q58 -> 357577.5 | K58: TOẢN | L58: =IF(K58="-",0,H58*0.03) -> 102165 | M58: TOÀN | N58: =IF(M58="-",0,H58*0.02) -> 68110 | O58: KHANG | P58: =IF(O58="-",0,H58*0.01) -> 34055 | Q58: =H58*0.005 -> 17027.5 | R58: =IF(I58="V.Tân",H58*0.1375,IF(I58="nguyện",H58*0.1375,IF(I58="TOẢN",H58*0.1375,H58*0.17))) -> 578935
A59: 53 | B59: 20/01/2025 | C59: Lê Gia Khánh | D59: 17 | F59: KHX trên màn hình tăng sáng | G59: TTDB | H59: 4497500 | I59: MINH | J59: =R59-L59-N59-P59-Q59 -> 472237.5 | K59: V.TÂN | L59: =IF(K59="-",0,H59*0.03) -> 134925 | M59: TUẤN | N59: =IF(M59="-",0,H59*0.02) -> 89950 | O59: KHANG | P59: =IF(O59="-",0,H59*0.01) -> 44975 | Q59: =H59*0.005 -> 22487.5 | R59: =IF(I59="V.Tân",H59*0.1375,IF(I59="nguyện",H59*0.1375,IF(I59="TOẢN",H59*0.1375,H59*0.17))) -> 764575
A60: 54 | B60: 21/01/2025 | C60: NGUYỄN THÀNH NGHĨA | D60: 29 | F60: KHX trên màn hình tăng sáng | G60: TTDB | H60: 4497500 | I60: NGUYỆN | J60: =R60-L60-N60-P60-Q60 -> 326068.75 | K60: TUẤN | L60: =IF(K60="-",0,H60*0.03) -> 134925 | M60: HƯNG | N60: =IF(M60="-",0,H60*0.02) -> 89950 | O60: TÙNG | P60: =IF(O60="-",0,H60*0.01) -> 44975 | Q60: =H60*0.005 -> 22487.5 | R60: =IF(I60="V.Tân",H60*0.1375,IF(I60="nguyện",H60*0.1375,IF(I60="TOẢN",H60*0.1375,H60*0.17))) -> 618406.25
A61: 55 | B61: 22/01/2025 | C61: Trần Văn Thiện | D61: 21 | F61: Lấy dụng cụ KHX | G61: TT2 | H61: 2559100 | I61: TOẢN | J61: =R61-L61-N61-P61-Q61 -> 185534.75 | K61: TÙNG | L61: =IF(K61="-",0,H61*0.03) -> 76773 | M61: KHANG | N61: =IF(M61="-",0,H61*0.02) -> 51182 | O61: LUẬT | P61: =IF(O61="-",0,H61*0.01) -> 25591 | Q61: =H61*0.005 -> 12795.5 | R61: =IF(I61="V.Tân",H61*0.1375,IF(I61="nguyện",H61*0.1375,IF(I61="TOẢN",H61*0.1375,H61*0.17))) -> 351876.25
A62: 56 | B62: 22/01/2025 | C62: Đỗ Văn Dũng | D62: 62 | F62: Cắt lọc hoại tử ổ loét vết thương mạn tính | G62: TT2 | H62: 2128200 | I62: MINH | J62: =R62-L62-N62-P62-Q62 -> 223461 | K62: LUẬT | L62: =IF(K62="-",0,H62*0.03) -> 63846 | M62: KHÉN | N62: =IF(M62="-",0,H62*0.02) -> 42564 | O62: KHANG | P62: =IF(O62="-",0,H62*0.01) -> 21282 | Q62: =H62*0.005 -> 10641 | R62: =IF(I62="V.Tân",H62*0.1375,IF(I62="nguyện",H62*0.1375,IF(I62="TOẢN",H62*0.1375,H62*0.17))) -> 361794
A63: 57 | B63: 23/01/2025 | C63: NGUYỄN VĂN TOÀ | D63: 38 | F63: KHX trên màn hình tăng sáng | G63: TP | H63: 9972000 | I63: GIÀU | J63: =R63-L63-N63-P63-Q63 -> 1047060 | K63: TUẤN | L63: =IF(K63="-",0,H63*0.03) -> 299160 | M63: TÙNG | N63: =IF(M63="-",0,H63*0.02) -> 199440 | O63: THẠNH | P63: =IF(O63="-",0,H63*0.01) -> 99720 | Q63: =H63*0.005 -> 49860 | R63: =IF(I63="V.Tân",H63*0.1375,IF(I63="nguyện",H63*0.1375,IF(I63="TOẢN",H63*0.1375,H63*0.17))) -> 1695240
A64: 58 | B64: 23/01/2025 | C64: Võ bạch Tuyết | E64: 65 | F64: PT thương tích phần mềm cơ quan vận động | G64: TT2 | H64: 796000 | I64: V.TÂN | J64: =R64-L64-N64-P64-Q64 -> 57710 | K64: TÙNG | L64: =IF(K64="-",0,H64*0.03) -> 23880 | M64: KHÁNH | N64: =IF(M64="-",0,H64*0.02) -> 15920 | O64: THẠNH | P64: =IF(O64="-",0,H64*0.01) -> 7960 | Q64: =H64*0.005 -> 3980 | R64: =IF(I64="V.Tân",H64*0.1375,IF(I64="nguyện",H64*0.1375,IF(I64="TOẢN",H64*0.1375,H64*0.17))) -> 109450
A65: 59 | B65: 23/01/2025 | C65: Nguyễn Tuyết Hồng | D65: 67 | F65: PT KHX tăng sáng | G65: TTDB | H65: 4497500 | I65: NGUYỆN | J65: =R65-L65-N65-P65-Q65 -> 326068.75 | K65: TOẢN | L65: =IF(K65="-",0,H65*0.03) -> 134925 | M65: V.TÂN | N65: =IF(M65="-",0,H65*0.02) -> 89950 | O65: HƯNG | P65: =IF(O65="-",0,H65*0.01) -> 44975 | Q65: =H65*0.005 -> 22487.5 | R65: =IF(I65="V.Tân",H65*0.1375,IF(I65="nguyện",H65*0.1375,IF(I65="TOẢN",H65*0.1375,H65*0.17))) -> 618406.25
A66: 60 | B66: 23/01/2025 | C66: Nguyễn Tuyết Hồng | D66: 67 | F66: PT KHX tăng sáng (50%) | G66: TTDB | H66: 2248750 | I66: V.TÂN | J66: =R66-L66-N66-P66-Q66 -> 163034.38 | K66: NGUYỆN | L66: =IF(K66="-",0,H66*0.03) -> 67462.5 | M66: TUẤN | N66: =IF(M66="-",0,H66*0.02) -> 44975 | O66: LUẬT | P66: =IF(O66="-",0,H66*0.01) -> 22487.5 | Q66: =H66*0.005 -> 11243.75 | R66: =IF(I66="V.Tân",H66*0.1375,IF(I66="nguyện",H66*0.1375,IF(I66="TOẢN",H66*0.1375,H66*0.17))) -> 309203.12
A67: 61 | B67: 24/01/2025 | C67: Lê Văn Phước | D67: 52 | F67: Cắt lọc hoại tử ổ loét vết thương mạn tính | G67: TT2 | H67: 2128200 | I67: ĐIỀN | J67: =R67-L67-N67-P67-Q67 -> 223461 | K67: TÙNG | L67: =IF(K67="-",0,H67*0.03) -> 63846 | M67: KHÁNH | N67: =IF(M67="-",0,H67*0.02) -> 42564 | O67: ẨN | P67: =IF(O67="-",0,H67*0.01) -> 21282 | Q67: =H67*0.005 -> 10641 | R67: =IF(I67="V.Tân",H67*0.1375,IF(I67="nguyện",H67*0.1375,IF(I67="TOẢN",H67*0.1375,H67*0.17))) -> 361794
A68: 62 | B68: 24/01/2025 | C68: Trần Kim Hằng | E68: 53 | F68: KHX trên màn hình tăng sáng | G68: TTDB | H68: 4497500 | I68: NGUYỆN | J68: =R68-L68-N68-P68-Q68 -> 326068.75 | K68: TOẢN | L68: =IF(K68="-",0,H68*0.03) -> 134925 | M68: TUẤN | N68: =IF(M68="-",0,H68*0.02) -> 89950 | O68: HƯNG | P68: =IF(O68="-",0,H68*0.01) -> 44975 | Q68: =H68*0.005 -> 22487.5 | R68: =IF(I68="V.Tân",H68*0.1375,IF(I68="nguyện",H68*0.1375,IF(I68="TOẢN",H68*0.1375,H68*0.17))) -> 618406.25
A69: 63 | B69: 26/01/2025 | C69: Huỳnh Văn Nữ | D69: 71 | F69: KHX trên màn hình tăng sáng | G69: TTDB | H69: 4497500 | I69: HOAN | J69: =R69-L69-N69-P69-Q69 -> 472237.5 | K69: NGUYỆN | L69: =IF(K69="-",0,H69*0.03) -> 134925 | M69: HƯNG | N69: =IF(M69="-",0,H69*0.02) -> 89950 | O69: LUẬT | P69: =IF(O69="-",0,H69*0.01) -> 44975 | Q69: =H69*0.005 -> 22487.5 | R69: =IF(I69="V.Tân",H69*0.1375,IF(I69="nguyện",H69*0.1375,IF(I69="TOẢN",H69*0.1375,H69*0.17))) -> 764575
A70: 64 | B70: 28/01/2025 | C70: Lương Văn Mung | D70: 65 | F70: KHX trên màn hình tăng sáng | G70: TTDB | H70: 4497500 | I70: TOẢN | J70: =R70-L70-N70-P70-Q70 -> 326068.75 | K70: THÁI | L70: =IF(K70="-",0,H70*0.03) -> 134925 | M70: ẨN | N70: =IF(M70="-",0,H70*0.02) -> 89950 | O70: TÙNG | P70: =IF(O70="-",0,H70*0.01) -> 44975 | Q70: =H70*0.005 -> 22487.5 | R70: =IF(I70="V.Tân",H70*0.1375,IF(I70="nguyện",H70*0.1375,IF(I70="TOẢN",H70*0.1375,H70*0.17))) -> 618406.25
C71: TỔNG CỘNG | H71: =SUBTOTAL(9,H7:H70) -> 244669050 | J71: =SUBTOTAL(9,J7:J70) -> 21693611 | L71: =SUBTOTAL(9,L7:L70) -> 7340071.5 | N71: =SUBTOTAL(9,N7:N70) -> 4893381 | P71: =SUBTOTAL(9,P7:P70) -> 2360583.5 | Q71: =SUBTOTAL(9,Q7:Q70) -> 1223345.2 | R71: =SUBTOTAL(9,R7:R70) -> 37510993
N72: Cần Thơ, ngày 18 tháng 02 năm 2025
B73: Lập bảng | N73: Trưởng khoa
B77: ĐD. Phan Văn Hiếu | N77: ThS. Bs. CKII. Nguyễn Lê Hoan

Sheet lanh tien PT
A1: BV TRƯỜNG ĐHYD CẦN THƠ
A2: KHOA NGOẠI CTCH-TK
B3: DANH SÁCH LÃNH TIỀN THÙ LAO THÁNG 1/2025
C4: (Phẫu thuật)
A6: STT | B6: HỌ TÊN | C6: chức vụ | D6: SỐ TIỀN | E6: KÝ NHẬN
A7: 1 | B7: Phạm Việt Triều | C7: Bác sĩ | D7: =SUM(SUMIF(phauthuat!$I$7:$I$73,"TRIỀU",phauthuat!$J$7:$J$73),SUMIF(phauthuat!$K$7:$K$73,"TRIỀU",phauthuat!$L$7:$L$73),SUMIF(phauthuat!$M$7:$M$73,"TRIỀU",phauthuat!$N$7:$N$73),SUMIF(phauthuat!$O$7:$O$73,"TRIỀU",phauthuat!$P$7:$P$73)) -> 357577.5
A8: 2 | B8: Nguyễn Thành Tấn | C8: Bác sĩ | D8: =SUM(SUMIF(phauthuat!$I$7:$I$73,"TẤN",phauthuat!$J$7:$J$73),SUMIF(phauthuat!$K$7:$K$73,"TẤN",phauthuat!$L$7:$L$73),SUMIF(phauthuat!$M$7:$M$73,"TẤN",phauthuat!$N$7:$N$73),SUMIF(phauthuat!$O$7:$O$73,"TẤN",phauthuat!$P$7:$P$73)) -> 626283
A9: 3 | B9: Nguyễn Lê Hoan | C9: Bác sĩ | D9: =SUM(SUMIF(phauthuat!$I$7:$I$73,"HOAN",phauthuat!$J$7:$J$73),SUMIF(phauthuat!$K$7:$K$73,"HOAN",phauthuat!$L$7:$L$73),SUMIF(phauthuat!$M$7:$M$73,"HOAN",phauthuat!$N$7:$N$73),SUMIF(phauthuat!$O$7:$O$73,"TẤN",phauthuat!$P$7:$P$73)) -> 5465932.5
A10: 4 | B10: Nguyễn Chí Nguyện | C10: Bác sĩ | D10: =SUM(SUMIF(phauthuat!$I$7:$I$73,"NGUYỆN",phauthuat!$J$7:$J$73),SUMIF(phauthuat!$K$7:$K$73,"NGUYỆN",phauthuat!$L$7:$L$73),SUMIF(phauthuat!$M$7:$M$73,"NGUYỆN",phauthuat!$N$7:$N$73),SUMIF(phauthuat!$O$7:$O$73,"NGUYỆN",phauthuat!$P$7:$P$73)) -> 5855972
A11: 5 | B11: Đặng Phước Giàu | C11: Bác sĩ | D11: =SUM(SUMIF(phauthuat!$I$7:$I$73,"GIÀU",phauthuat!$J$7:$J$73),SUMIF(phauthuat!$K$7:$K$73,"GIÀU",phauthuat!$L$7:$L$73),SUMIF(phauthuat!$M$7:$M$73,"GIÀU",phauthuat!$N$7:$N$73),SUMIF(phauthuat!$O$7:$O$73,"GIÀU",phauthuat!$P$7:$P$73)) -> 3180691.5
A12: 6 | B12: Hồ Điền | C12: Bác sĩ | D12: =SUM(SUMIF(phauthuat!$I$7:$I$73,"ĐIỀN",phauthuat!$J$7:$J$73),SUMIF(phauthuat!$K$7:$K$73,"ĐIỀN",phauthuat!$L$7:$L$73),SUMIF(phauthuat!$M$7:$M$73,"ĐIỀN",phauthuat!$N$7:$N$73),SUMIF(phauthuat!$O$7:$O$73,"ĐIỀN",phauthuat!$P$7:$P$73)) -> 2660833.5
A13: 7 | B13: Trần Quốc Toản | C13: Bác sĩ | D13: =SUM(SUMIF(phauthuat!$I$7:$I$73,"TOẢN",phauthuat!$J$7:$J$73),SUMIF(phauthuat!$K$7:$K$73,"TOẢN",phauthuat!$L$7:$L$73),SUMIF(phauthuat!$M$7:$M$73,"TOẢN",phauthuat!$N$7:$N$73),SUMIF(phauthuat!$O$7:$O$73,"TOẢN",phauthuat!$P$7:$P$73)) -> 4653294.2
A14: 8 | B14: Phạm Việt Tân | C14: Bác sĩ | D14: =SUM(SUMIF(phauthuat!$I$7:$I$73,"V.TÂN",phauthuat!$J$7:$J$73),SUMIF(phauthuat!$K$7:$K$73,"V.TÂN",phauthuat!$L$7:$L$73),SUMIF(phauthuat!$M$7:$M$73,"V.TÂN",phauthuat!$N$7:$N$73),SUMIF(phauthuat!$O$7:$O$73,"V.TÂN",phauthuat!$P$7:$P$73)) -> 1758221.1
A15: 9 | B15: Bùi Công Minh | C15: Bác sĩ | D15: =SUM(SUMIF(phauthuat!$I$7:$I$73,"MINH",phauthuat!$J$7:$J$73),SUMIF(phauthuat!$K$7:$K$73,"MINH",phauthuat!$L$7:$L$73),SUMIF(phauthuat!$M$7:$M$73,"MINH",phauthuat!$N$7:$N$73),SUMIF(phauthuat!$O$7:$O$73,"MINH",phauthuat!$P$7:$P$73)) -> 881443.5
A16: 10 | B16: Phan Văn Tuấn | C16: Bác sĩ | D16: =SUM(SUMIF(phauthuat!$I$7:$I$73,"TUẤN",phauthuat!$J$7:$J$73),SUMIF(phauthuat!$K$7:$K$73,"Tuấn",phauthuat!$L$7:$L$73),SUMIF(phauthuat!$M$7:$M$73,"TUẤN",phauthuat!$N$7:$N$73),SUMIF(phauthuat!$O$7:$O$73,"TUẤN",phauthuat!$P$7:$P$73)) -> 3615463
A17: 11 | B17: Huỳnh Quốc Hưng | C17: Bác sĩ (nt) | D17: =SUM(SUMIF(phauthuat!$I$7:$I$73,"hưng",phauthuat!$J$7:$J$73),SUMIF(phauthuat!$K$7:$K$73,"hưng",phauthuat!$L$7:$L$73),SUMIF(phauthuat!$M$7:$M$73,"hưng",phauthuat!$N$7:$N$73),SUMIF(phauthuat!$O$7:$O$73,"hưng",phauthuat!$P$7:$P$73)) -> 1126579
A18: 12 | B18: Võ Văn Phúc Toàn | C18: Bác sĩ (nt) | D18: =SUM(SUMIF(phauthuat!$I$7:$I$73,"toàn",phauthuat!$J$7:$J$73),SUMIF(phauthuat!$K$7:$K$73,"toàn",phauthuat!$L$7:$L$73),SUMIF(phauthuat!$M$7:$M$73,"toàn",phauthuat!$N$7:$N$73),SUMIF(phauthuat!$O$7:$O$73,"toàn",phauthuat!$P$7:$P$73)) -> 1053571
A19: 13 | B19: Võ Minh Luận | C19: Bác sĩ (nt) | D19: =SUM(SUMIF(phauthuat!$I$7:$I$73,"luận",phauthuat!$J$7:$J$73),SUMIF(phauthuat!$K$7:$K$73,"luận",phauthuat!$L$7:$L$73),SUMIF(phauthuat!$M$7:$M$73,"luận",phauthuat!$N$7:$N$73),SUMIF(phauthuat!$O$7:$O$73,"luận",phauthuat!$P$7:$P$73)) -> 876779
A20: 14 | B20: Võ Dương Thành Thái | C20: Bác sĩ (nt) | D20: =SUM(SUMIF(phauthuat!$I$7:$I$73,"thái",phauthuat!$J$7:$J$73),SUMIF(phauthuat!$K$7:$K$73,"thái",phauthuat!$L$7:$L$73),SUMIF(phauthuat!$M$7:$M$73,"thái",phauthuat!$N$7:$N$73),SUMIF(phauthuat!$O$7:$O$73,"thái",phauthuat!$P$7:$P$73)) -> 305383
A21: 15 | B21: Lê Đình Tùng | C21: Bác sĩ (nt) | D21: =SUM(SUMIF(phauthuat!$I$7:$I$73,"tùng",phauthuat!$J$7:$J$73),SUMIF(phauthuat!$K$7:$K$73,"tùng",phauthuat!$L$7:$L$73),SUMIF(phauthuat!$M$7:$M$73,"tùng",phauthuat!$N$7:$N$73),SUMIF(phauthuat!$O$7:$O$73,"tùng",phauthuat!$P$7:$P$73)) -> 1026382
A22: 16 | B22: Văn Minh Khén | C22: Bác sĩ (nt) | D22: =SUM(SUMIF(phauthuat!$I$7:$I$73,"khén",phauthuat!$J$7:$J$73),SUMIF(phauthuat!$K$7:$K$73,"khén",phauthuat!$L$7:$L$73),SUMIF(phauthuat!$M$7:$M$73,"khén",phauthuat!$N$7:$N$73),SUMIF(phauthuat!$O$7:$O$73,"khén",phauthuat!$P$7:$P$73)) -> 782506
A23: 17 | B23: Phạm Tấn Hưởng | C23: Bác sĩ (nt) | D23: =SUM(SUMIF(phauthuat!$I$7:$I$73,"hưởng",phauthuat!$J$7:$J$73),SUMIF(phauthuat!$K$7:$K$73,"hưởng",phauthuat!$L$7:$L$73),SUMIF(phauthuat!$M$7:$M$73,"hưởng",phauthuat!$N$7:$N$73),SUMIF(phauthuat!$O$7:$O$73,"hưởng",phauthuat!$P$7:$P$73)) -> 212850
A24: 18 | B24: Nguyễn Đông Khang | C24: Bác sĩ (nt) | D24: =SUM(SUMIF(phauthuat!$I$7:$I$73,"khang",phauthuat!$J$7:$J$73),SUMIF(phauthuat!$K$7:$K$73,"khang",phauthuat!$L$7:$L$73),SUMIF(phauthuat!$M$7:$M$73,"khang",phauthuat!$N$7:$N$73),SUMIF(phauthuat!$O$7:$O$73,"khang",phauthuat!$P$7:$P$73)) -> 651965
A25: 19 | B25: Nguyễn Đình Luật | C25: Bác sĩ (nt) | D25: =SUM(SUMIF(phauthuat!$I$7:$I$73,"luật",phauthuat!$J$7:$J$73),SUMIF(phauthuat!$K$7:$K$73,"luật",phauthuat!$L$7:$L$73),SUMIF(phauthuat!$M$7:$M$73,"luật",phauthuat!$N$7:$N$73),SUMIF(phauthuat!$O$7:$O$73,"luật",phauthuat!$P$7:$P$73)) -> 341159.5
A26: 20 | B26: Võ Long Ẩn | C26: Bác sĩ (nt) | D26: =SUM(SUMIF(phauthuat!$I$7:$I$73,"ẩn",phauthuat!$J$7:$J$73),SUMIF(phauthuat!$K$7:$K$73,"ẩn",phauthuat!$L$7:$L$73),SUMIF(phauthuat!$M$7:$M$73,"ẩn",phauthuat!$N$7:$N$73),SUMIF(phauthuat!$O$7:$O$73,"ẩn",phauthuat!$P$7:$P$73)) -> 410344
A27: 21 | B27: Nguyễn Xuân Bình | C27: Bác sĩ (nt) | D27: =SUM(SUMIF(phauthuat!$I$7:$I$73,"bình",phauthuat!$J$7:$J$73),SUMIF(phauthuat!$K$7:$K$73,"bình",phauthuat!$L$7:$L$73),SUMIF(phauthuat!$M$7:$M$73,"bình",phauthuat!$N$7:$N$73),SUMIF(phauthuat!$O$7:$O$73,"bình",phauthuat!$P$7:$P$73)) -> 26971
A28: 22 | B28: Phan Doãn Đại Dương | C28: Bác sĩ (nt) | D28: =SUM(SUMIF(phauthuat!$I$7:$I$73,"dương",phauthuat!$J$7:$J$73),SUMIF(phauthuat!$K$7:$K$73,"dương",phauthuat!$L$7:$L$73),SUMIF(phauthuat!$M$7:$M$73,"dương",phauthuat!$N$7:$N$73),SUMIF(phauthuat!$O$7:$O$73,"dương",phauthuat!$P$7:$P$73)) -> 50524
A29: 23 | B29: Lê Quốc Khánh | C29: Bác sĩ (nt) | D29: =SUM(SUMIF(phauthuat!$I$7:$I$73,"khánh",phauthuat!$J$7:$J$73),SUMIF(phauthuat!$K$7:$K$73,"khánh",phauthuat!$L$7:$L$73),SUMIF(phauthuat!$M$7:$M$73,"khánh",phauthuat!$N$7:$N$73),SUMIF(phauthuat!$O$7:$O$73,"khánh",phauthuat!$P$7:$P$73)) -> 237968
A30: 24 | B30: Lê Cường Thạnh | C30: Bác sĩ (nt) | D30: =SUM(SUMIF(phauthuat!$I$7:$I$73,"thạnh",phauthuat!$J$7:$J$73),SUMIF(phauthuat!$K$7:$K$73,"thạnh",phauthuat!$L$7:$L$73),SUMIF(phauthuat!$M$7:$M$73,"thạnh",phauthuat!$N$7:$N$73),SUMIF(phauthuat!$O$7:$O$73,"thạnh",phauthuat!$P$7:$P$73)) -> 128954
A31: 25 | B31: Phan Văn Hiếu | C31: Điều dưỡng | D31: =phauthuat!Q71/8 -> 152918.16
A32: 26 | B32: Võ Thị Yến Nhi | C32: Điều dưỡng | D32: =D31 -> 152918.16
A33: 27 | B33: Võ Phương Duy | C33: Điều dưỡng | D33: =D32 -> 152918.16
A34: 28 | B34: Nguyễn Kim Ngân | C34: Điều dưỡng | D34: =D33 -> 152918.16
A35: 29 | B35: Lê Ngọc Diệu | C35: Điều dưỡng | D35: =D34 -> 152918.16
A36: 30 | B36: Trần Quỳnh Minh Thư | C36: Điều dưỡng | D36: =D35 -> 152918.16
A37: 31 | B37: Lê Thị Tuyết Đoan | C37: Điều dưỡng | D37: =D36 -> 152918.16
A38: 32 | B38: Thạch Thị Thúy Đa | C38: Điều dưỡng | D38: =D37 -> 152918.16
B39: TỔNG CỘNG | D39: =SUM(D7:D38) -> 37510993
D41: Cần Thơ, ngày 18 tháng 2 năm 2025
A42: Người lập bảng | D42: Trưởng khoa

Sheet Bác sĩ điều trị
A1: BV TRƯỜNG ĐHYD CẦN THƠ
A2: KHOA NGOẠI CTCH-TK
A3: DANH SÁCH LÃNH TIỀN THÙ LAO THÁNG 1/2025
A4: (BÁC SĨ ĐIỀU TRỊ)
A6: STT | B6: HỌ TÊN | C6: chức vụ | D6: SỐ TIỀN | E6: KÝ NHẬN
A7: 1 | B7: Phạm Việt Triều | C7: Bác sĩ | D7: -
A8: 2 | B8: Nguyễn Thành Tấn | C8: Bác sĩ | D8: -
A9: 3 | B9: Nguyễn Lê Hoan | C9: Bác sĩ | D9: =10800000*0.25 -> 2700000
A10: 4 | B10: Trần Quang Sơn | C10: Bác sĩ | D10: -
A11: 5 | B11: Nguyễn Chí Nguyện | C11: Bác sĩ | D11: -
A12: 6 | B12: Bùi Công Minh | C12: Bác sĩ | D12: -
A13: 7 | B13: Hồ Điền | C13: Bác sĩ | D13: =10800000*0.25 -> 2700000
A14: 8 | B14: Phạm Việt Tân | C14: Bác sĩ | D14: =10800000*0.0625 -> 675000
A15: 9 | B15: Đặng Phước Giàu | C15: Bác sĩ | D15: =10800000*0.125 -> 1350000
A16: 10 | B16: Trần Quốc Toản | C16: Bác sĩ | D16: =10800000*0.0625 -> 675000
A17: 11 | B17: Nguyễn Hữu Đạt | C17: Bác sĩ | D17: =10800000*0.125 -> 1350000
A18: 12 | B18: Nguyễn Giang Tử | C18: Bác sĩ | D18: =10800000*0.125 -> 1350000
B19: TỔNG CỘNG | D19: =SUM(D7:D18) -> 10800000
D21: Cần Thơ, ngày 22 tháng 02 năm 2024
A22: Người lập bảng | D22: Trưởng khoa

Sheet lanh tien PT1
A1: BV TRƯỜNG ĐHYD CẦN THƠ
A2: KHOA NGOẠI CTCH-TK
B3: DANH SÁCH LÃNH TIỀN THÙ LAO THÁNG 1/2025
C4: (Phẫu thuật)
A6: STT | B6: HỌ TÊN | C6: chức vụ | D6: SỐ TIỀN | E6: KÝ NHẬN
A7: 1 | B7: Phạm Việt Triều | C7: Bác sĩ | D7: -
A8: 2 | B8: Nguyễn Thành Tấn | C8: Bác sĩ | D8: -
A9: 3 | B9: Lê Dũng | C9: Bác sĩ | D9: -
A10: 4 | B10: Nguyễn Lê Hoan | C10: Bác sĩ | D10: -
A11: 5 | B11: Nguyễn Tâm Từ | C11: Bác sĩ | D11: -
A12: 6 | B12: Hoàng Minh Tú | C12: Bác sĩ | D12: -
A13: 7 | B13: Nguyễn Hữu Thuyết | C13: Bác sĩ | D13: -
A14: 8 | B14: Nguyễn Thanh Huy | C14: Bác sĩ | D14: -
A15: 9 | B15: Trần Mạnh Dũng | C15: Bác sĩ | D15: -
A16: 10 | B16: Trần Quang Sơn | C16: Bác sĩ (nt) | D16: -
A17: 11 | B17: Lê Thế Hiển | C17: Bác sĩ (nt) | D17: -
A18: 12 | B18: Lê Minh Dương | C18: Bác sĩ (nt) | D18: -
G19: =2630565+152918+296444 -> 3079927
A20: 1 | B20: Phan Văn Hiếu | C20: Điều dưỡng | D20: =G22 -> 2898754.8 | G20: =G19*8 -> 24639416
A21: 2 | B21: Võ Thị Yến Nhi | C21: Điều dưỡng | D21: =G22 -> 2898754.8 | G21: =G20/17 -> 1449377.4
A22: 3 | B22: Nguyễn Kim Ngân | C22: Điều dưỡng | D22: =G22 -> 2898754.8 | G22: =G21*2 -> 2898754.8
A23: 4 | B23: Võ Phương Duy | C23: Điều dưỡng | D23: =G22 -> 2898754.8
A24: 5 | B24: Lê Ngọc Diệu | C24: Điều dưỡng | D24: =D22 -> 2898754.8
A25: 6 | B25: Trần Quỳnh Minh Thư | C25: Điều dưỡng | D25: =G22 -> 2898754.8
A26: 7 | B26: Lê Thị Tuyết Đoan | C26: Điều dưỡng | D26: =D25 -> 2898754.8
A27: 8 | B27: Thạch Thị Thúy Đa | C27: Điều dưỡng | D27: =D26 -> 2898754.8
A28: 9 | B28: Nguyễn Thị Như Ý | C28: Hộ Lí | D28: =G21+7+98951 -> 1548335.4
B29: TỔNG CỘNG | D29: =SUM(D20:D28) -> 24738374
D32: Cần Thơ, ngày 25 tháng 09 năm 2017
A33: Người lập bảng | D33: Trưởng khoa

Sheet phauthuat_BHYT
A1: BV TRƯỜNG ĐHYD CẦN THƠ
A2: KHOA NGOẠI CTCH-TK
B3: BẢNG KÊ TIỀN PHẪU THUẬT BHYT
A4: (THÁNG 1/2025)
A7: STT | B7: Ngày | C7: Họ và tên | D7: Nam | E7: Nữ | F7: Phương pháp phẫu thuật | G7: loại pt - đối tượng | H7: PTV chính | I7: Số tiền | J7: Phụ mổ 1 | K7: Số tiền | L7: Phụ mổ 2 | M7: Số tiền | N7: Tổng số tiền được lãnh sau trừ khấu hao
A8: 1 | B8: 25/12/2024 | C8: Mã Nguyên Sang | D8: 43 | F8: PTNS tái tạo dây chằng chéo sau | G8: TTDB | H8: TRIỀU | I8: =IF(G8="DTDB",420000,IF(G8="TTDB",420000,IF(G8="DT1",187500,IF(G8="TT1",187500,IF(G8="DT2",97500,IF(G8="TT2",97500,IF(G8="DT3",75000,75000))))))) -> 420000 | J8: TOẢN | K8: =IF(G8="DTDB",300000,IF(G8="TTDB",300000,IF(G8="DT1",135000,IF(G8="TT1",135000,IF(G8="DT2",75000,IF(G8="TT2",75000,IF(G8="DT3",45000,45000))))))) -> 300000 | L8: LUẬN | M8: =IF(L8="-",0,IF(G8="DTDB",300000,IF(G8="TTDB",300000,IF(G8="DT1",135000,IF(G8="TT1",135000,IF(G8="DT2",75000,IF(G8="TT2",75000,IF(G8="DT3",45000,45000)))))))) -> 300000 | N8: =I8+K8+M8 -> 1020000
A9: 2 | B9: 27/12/2024 | C9: TRẦN VĂN PHỤNG | D9: 54 | F9: Thay khớp háng toàn phần | G9: TTDB | H9: HOAN | I9: =IF(G9="DTDB",420000,IF(G9="TTDB",420000,IF(G9="DT1",187500,IF(G9="TT1",187500,IF(G9="DT2",97500,IF(G9="TT2",97500,IF(G9="DT3",75000,75000))))))) -> 420000 | J9: NGUYỆN | K9: =IF(G9="DTDB",300000,IF(G9="TTDB",300000,IF(G9="DT1",135000,IF(G9="TT1",135000,IF(G9="DT2",75000,IF(G9="TT2",75000,IF(G9="DT3",45000,45000))))))) -> 300000 | L9: TUẤN | M9: =IF(L9="-",0,IF(G9="DTDB",300000,IF(G9="TTDB",300000,IF(G9="DT1",135000,IF(G9="TT1",135000,IF(G9="DT2",75000,IF(G9="TT2",75000,IF(G9="DT3",45000,45000)))))))) -> 300000 | N9: =I9+K9+M9 -> 1020000
A10: 3 | B10: 27/12/2024 | C10: Nguyễn Văn Chính | D10: 55 | F10: Thay khớp háng toàn phần | G10: TTDB | H10: HOAN | I10: =IF(G10="DTDB",420000,IF(G10="TTDB",420000,IF(G10="DT1",187500,IF(G10="TT1",187500,IF(G10="DT2",97500,IF(G10="TT2",97500,IF(G10="DT3",75000,75000))))))) -> 420000 | J10: NGUYỆN | K10: =IF(G10="DTDB",300000,IF(G10="TTDB",300000,IF(G10="DT1",135000,IF(G10="TT1",135000,IF(G10="DT2",75000,IF(G10="TT2",75000,IF(G10="DT3",45000,45000))))))) -> 300000 | L10: TUẤN | M10: =IF(L10="-",0,IF(G10="DTDB",300000,IF(G10="TTDB",300000,IF(G10="DT1",135000,IF(G10="TT1",135000,IF(G10="DT2",75000,IF(G10="TT2",75000,IF(G10="DT3",45000,45000)))))))) -> 300000 | N10: =I10+K10+M10 -> 1020000
A11: 4 | B11: 27/12/2024 | C11: Trần Chí Nguyện | D11: 54 | F11: Thay khớp háng toàn phần | G11: TTDB | H11: HOAN | I11: =IF(G11="DTDB",420000,IF(G11="TTDB",420000,IF(G11="DT1",187500,IF(G11="TT1",187500,IF(G11="DT2",97500,IF(G11="TT2",97500,IF(G11="DT3",75000,75000))))))) -> 420000 | J11: NGUYỆN | K11: =IF(G11="DTDB",300000,IF(G11="TTDB",300000,IF(G11="DT1",135000,IF(G11="TT1",135000,IF(G11="DT2",75000,IF(G11="TT2",75000,IF(G11="DT3",45000,45000))))))) -> 300000 | L11: TUẤN | M11: =IF(L11="-",0,IF(G11="DTDB",300000,IF(G11="TTDB",300000,IF(G11="DT1",135000,IF(G11="TT1",135000,IF(G11="DT2",75000,IF(G11="TT2",75000,IF(G11="DT3",45000,45000)))))))) -> 300000 | N11: =I11+K11+M11 -> 1020000
A12: 5 | B12: 28/12/2024 | C12: Nguyễn Văn Trung | D12: 20 | F12: PT vết thương phần mềm phức tạp | G12: DT1 | H12: NGUYỆN | I12: =IF(G12="DTDB",420000,IF(G12="TTDB",420000,IF(G12="DT1",187500,IF(G12="TT1",187500,IF(G12="DT2",97500,IF(G12="TT2",97500,IF(G12="DT3",75000,75000))))))) -> 187500 | J12: TUẤN | K12: =IF(G12="DTDB",300000,IF(G12="TTDB",300000,IF(G12="DT1",135000,IF(G12="TT1",135000,IF(G12="DT2",75000,IF(G12="TT2",75000,IF(G12="DT3",45000,45000))))))) -> 135000 | L12: THÁI | M12: =IF(L12="-",0,IF(G12="DTDB",300000,IF(G12="TTDB",300000,IF(G12="DT1",135000,IF(G12="TT1",135000,IF(G12="DT2",75000,IF(G12="TT2",75000,IF(G12="DT3",45000,45000)))))))) -> 135000 | N12: =I12+K12+M12 -> 457500
A13: 6 | B13: 30/12/2024 | C13: Lê Văn Đồng | D13: 77 | F13: PT thay khớp háng bán phần | G13: TT1 | H13: NGUYỆN | I13: =IF(G13="DTDB",420000,IF(G13="TTDB",420000,IF(G13="DT1",187500,IF(G13="TT1",187500,IF(G13="DT2",97500,IF(G13="TT2",97500,IF(G13="DT3",75000,75000))))))) -> 187500 | J13: ĐIỀN | K13: =IF(G13="DTDB",300000,IF(G13="TTDB",300000,IF(G13="DT1",135000,IF(G13="TT1",135000,IF(G13="DT2",75000,IF(G13="TT2",75000,IF(G13="DT3",45000,45000))))))) -> 135000 | L13: TOẢN | M13: =IF(L13="-",0,IF(G13="DTDB",300000,IF(G13="TTDB",300000,IF(G13="DT1",135000,IF(G13="TT1",135000,IF(G13="DT2",75000,IF(G13="TT2",75000,IF(G13="DT3",45000,45000)))))))) -> 135000 | N13: =I13+K13+M13 -> 457500
A14: 7 | B14: 30/12/2024 | C14: Nguyễn Văn Thoàng | D14: 63 | F14: Ghép da tự thân dưới 10% diện tích cơ thể | G14: DT1 | H14: V.TÂN | I14: =IF(G14="DTDB",420000,IF(G14="TTDB",420000,IF(G14="DT1",187500,IF(G14="TT1",187500,IF(G14="DT2",97500,IF(G14="TT2",97500,IF(G14="DT3",75000,75000))))))) -> 187500 | J14: KHÉN | K14: =IF(G14="DTDB",300000,IF(G14="TTDB",300000,IF(G14="DT1",135000,IF(G14="TT1",135000,IF(G14="DT2",75000,IF(G14="TT2",75000,IF(G14="DT3",45000,45000))))))) -> 135000 | L14: KHANG | M14: =IF(L14="-",0,IF(G14="DTDB",300000,IF(G14="TTDB",300000,IF(G14="DT1",135000,IF(G14="TT1",135000,IF(G14="DT2",75000,IF(G14="TT2",75000,IF(G14="DT3",45000,45000)))))))) -> 135000 | N14: =I14+K14+M14 -> 457500
A15: 8 | B15: 31/12/2024 | C15: Mã Nguyên Sang | D15: 43 | F15: PTNS cắt hoạt mạc viêm khớp gối | G15: DT1 | H15: HOAN | I15: =IF(G15="DTDB",420000,IF(G15="TTDB",420000,IF(G15="DT1",187500,IF(G15="TT1",187500,IF(G15="DT2",97500,IF(G15="TT2",97500,IF(G15="DT3",75000,75000))))))) -> 187500 | J15: TOẢN | K15: =IF(G15="DTDB",300000,IF(G15="TTDB",300000,IF(G15="DT1",135000,IF(G15="TT1",135000,IF(G15="DT2",75000,IF(G15="TT2",75000,IF(G15="DT3",45000,45000))))))) -> 135000 | L15: LUẬN | M15: =IF(L15="-",0,IF(G15="DTDB",300000,IF(G15="TTDB",300000,IF(G15="DT1",135000,IF(G15="TT1",135000,IF(G15="DT2",75000,IF(G15="TT2",75000,IF(G15="DT3",45000,45000)))))))) -> 135000 | N15: =I15+K15+M15 -> 457500
A16: 9 | B16: 02/01/2025 | C16: Đặng Thị Ra | E16: 69 | F16: KHX trên màn hình tăng sáng | G16: TTDB | H16: NGUYỆN | I16: =IF(G16="DTDB",420000,IF(G16="TTDB",420000,IF(G16="DT1",187500,IF(G16="TT1",187500,IF(G16="DT2",97500,IF(G16="TT2",97500,IF(G16="DT3",75000,75000))))))) -> 420000 | J16: TOẢN | K16: =IF(G16="DTDB",300000,IF(G16="TTDB",300000,IF(G16="DT1",135000,IF(G16="TT1",135000,IF(G16="DT2",75000,IF(G16="TT2",75000,IF(G16="DT3",45000,45000))))))) -> 300000 | L16: TUẤN | M16: =IF(L16="-",0,IF(G16="DTDB",300000,IF(G16="TTDB",300000,IF(G16="DT1",135000,IF(G16="TT1",135000,IF(G16="DT2",75000,IF(G16="TT2",75000,IF(G16="DT3",45000,45000)))))))) -> 300000 | N16: =I16+K16+M16 -> 1020000
A17: 10 | B17: 03/01/2025 | C17: Đỗ Văn Pheo | D17: 63 | F17: PT KHX tăng sáng | G17: TTDB | H17: V.TÂN | I17: =IF(G17="DTDB",420000,IF(G17="TTDB",420000,IF(G17="DT1",187500,IF(G17="TT1",187500,IF(G17="DT2",97500,IF(G17="TT2",97500,IF(G17="DT3",75000,75000))))))) -> 420000 | J17: TUẤN | K17: =IF(G17="DTDB",300000,IF(G17="TTDB",300000,IF(G17="DT1",135000,IF(G17="TT1",135000,IF(G17="DT2",75000,IF(G17="TT2",75000,IF(G17="DT3",45000,45000))))))) -> 300000 | L17: TOÀN | M17: =IF(L17="-",0,IF(G17="DTDB",300000,IF(G17="TTDB",300000,IF(G17="DT1",135000,IF(G17="TT1",135000,IF(G17="DT2",75000,IF(G17="TT2",75000,IF(G17="DT3",45000,45000)))))))) -> 300000 | N17: =I17+K17+M17 -> 1020000
A18: 11 | B18: 03/01/2025 | C18: Hà Minh Huy | D18: 61 | F18: KHX trên màn hình tăng sáng | G18: TTDB | H18: HOAN | I18: =IF(G18="DTDB",420000,IF(G18="TTDB",420000,IF(G18="DT1",187500,IF(G18="TT1",187500,IF(G18="DT2",97500,IF(G18="TT2",97500,IF(G18="DT3",75000,75000))))))) -> 420000 | J18: TOẢN | K18: =IF(G18="DTDB",300000,IF(G18="TTDB",300000,IF(G18="DT1",135000,IF(G18="TT1",135000,IF(G18="DT2",75000,IF(G18="TT2",75000,IF(G18="DT3",45000,45000))))))) -> 300000 | L18: TUẤN | M18: =IF(L18="-",0,IF(G18="DTDB",300000,IF(G18="TTDB",300000,IF(G18="DT1",135000,IF(G18="TT1",135000,IF(G18="DT2",75000,IF(G18="TT2",75000,IF(G18="DT3",45000,45000)))))))) -> 300000 | N18: =I18+K18+M18 -> 1020000
A19: 12 | B19: 03/01/2025 | C19: Lê Nguyễn Minh Long | D19: 25 | F19: PT vết thương phần mềm phức tạp | G19: DT1 | H19: ĐIỀN | I19: =IF(G19="DTDB",420000,IF(G19="TTDB",420000,IF(G19="DT1",187500,IF(G19="TT1",187500,IF(G19="DT2",97500,IF(G19="TT2",97500,IF(G19="DT3",75000,75000))))))) -> 187500 | J19: LUẬN | K19: =IF(G19="DTDB",300000,IF(G19="TTDB",300000,IF(G19="DT1",135000,IF(G19="TT1",135000,IF(G19="DT2",75000,IF(G19="TT2",75000,IF(G19="DT3",45000,45000))))))) -> 135000 | L19: KHÉN | M19: =IF(L19="-",0,IF(G19="DTDB",300000,IF(G19="TTDB",300000,IF(G19="DT1",135000,IF(G19="TT1",135000,IF(G19="DT2",75000,IF(G19="TT2",75000,IF(G19="DT3",45000,45000)))))))) -> 135000 | N19: =I19+K19+M19 -> 457500
A20: 13 | B20: 03/01/2025 | C20: Nguyễn Thị Trinh | E20: 40 | F20: PTNS cắt hoạt mạc viêm khớp gối | G20: TT1 | H20: HOAN | I20: =IF(G20="DTDB",420000,IF(G20="TTDB",420000,IF(G20="DT1",187500,IF(G20="TT1",187500,IF(G20="DT2",97500,IF(G20="TT2",97500,IF(G20="DT3",75000,75000))))))) -> 187500 | J20: TOẢN | K20: =IF(G20="DTDB",300000,IF(G20="TTDB",300000,IF(G20="DT1",135000,IF(G20="TT1",135000,IF(G20="DT2",75000,IF(G20="TT2",75000,IF(G20="DT3",45000,45000))))))) -> 135000 | L20: TUẤN | M20: =IF(L20="-",0,IF(G20="DTDB",300000,IF(G20="TTDB",300000,IF(G20="DT1",135000,IF(G20="TT1",135000,IF(G20="DT2",75000,IF(G20="TT2",75000,IF(G20="DT3",45000,45000)))))))) -> 135000 | N20: =I20+K20+M20 -> 457500
A21: 14 | B21: 04/01/2025 | C21: Mã Thanh Xà | E21: 88 | F21: PT thay khớp háng bán phần | G21: TT1 | H21: HOAN | I21: =IF(G21="DTDB",420000,IF(G21="TTDB",420000,IF(G21="DT1",187500,IF(G21="TT1",187500,IF(G21="DT2",97500,IF(G21="TT2",97500,IF(G21="DT3",75000,75000))))))) -> 187500 | J21: NGUYỆN | K21: =IF(G21="DTDB",300000,IF(G21="TTDB",300000,IF(G21="DT1",135000,IF(G21="TT1",135000,IF(G21="DT2",75000,IF(G21="TT2",75000,IF(G21="DT3",45000,45000))))))) -> 135000 | L21: ĐIỀN | M21: =IF(L21="-",0,IF(G21="DTDB",300000,IF(G21="TTDB",300000,IF(G21="DT1",135000,IF(G21="TT1",135000,IF(G21="DT2",75000,IF(G21="TT2",75000,IF(G21="DT3",45000,45000)))))))) -> 135000 | N21: =I21+K21+M21 -> 457500
A22: 15 | B22: 04/01/2025 | C22: Nguyễn Văn Đời | D22: 84 | F22: PT vết thương phần mềm phức tạp | G22: TT1 | H22: ĐIỀN | I22: =IF(G22="DTDB",420000,IF(G22="TTDB",420000,IF(G22="DT1",187500,IF(G22="TT1",187500,IF(G22="DT2",97500,IF(G22="TT2",97500,IF(G22="DT3",75000,75000))))))) -> 187500 | J22: TUẤN | K22: =IF(G22="DTDB",300000,IF(G22="TTDB",300000,IF(G22="DT1",135000,IF(G22="TT1",135000,IF(G22="DT2",75000,IF(G22="TT2",75000,IF(G22="DT3",45000,45000))))))) -> 135000 | L22: KHÁNH | M22: =IF(L22="-",0,IF(G22="DTDB",300000,IF(G22="TTDB",300000,IF(G22="DT1",135000,IF(G22="TT1",135000,IF(G22="DT2",75000,IF(G22="TT2",75000,IF(G22="DT3",45000,45000)))))))) -> 135000 | N22: =I22+K22+M22 -> 457500
A23: 16 | B23: 06/01/2025 | C23: Nguyễn Thị Ngọc Ánh | E23: 68 | F23: KHX trên màn hình tăng sáng | G23: DTDB | H23: TOẢN | I23: =IF(G23="DTDB",420000,IF(G23="TTDB",420000,IF(G23="DT1",187500,IF(G23="TT1",187500,IF(G23="DT2",97500,IF(G23="TT2",97500,IF(G23="DT3",75000,75000))))))) -> 420000 | J23: TUẤN | K23: =IF(G23="DTDB",300000,IF(G23="TTDB",300000,IF(G23="DT1",135000,IF(G23="TT1",135000,IF(G23="DT2",75000,IF(G23="TT2",75000,IF(G23="DT3",45000,45000))))))) -> 300000 | L23: LUẬN | M23: =IF(L23="-",0,IF(G23="DTDB",300000,IF(G23="TTDB",300000,IF(G23="DT1",135000,IF(G23="TT1",135000,IF(G23="DT2",75000,IF(G23="TT2",75000,IF(G23="DT3",45000,45000)))))))) -> 300000 | N23: =I23+K23+M23 -> 1020000
A24: 17 | B24: 07/01/2025 | C24: Nguyễn Văn Sáu | D24: 61 | F24: KHX trên màn hình tăng sáng | G24: TTDB | H24: GIÀU | I24: =IF(G24="DTDB",420000,IF(G24="TTDB",420000,IF(G24="DT1",187500,IF(G24="TT1",187500,IF(G24="DT2",97500,IF(G24="TT2",97500,IF(G24="DT3",75000,75000))))))) -> 420000 | J24: TUẤN | K24: =IF(G24="DTDB",300000,IF(G24="TTDB",300000,IF(G24="DT1",135000,IF(G24="TT1",135000,IF(G24="DT2",75000,IF(G24="TT2",75000,IF(G24="DT3",45000,45000))))))) -> 300000 | L24: HƯNG | M24: =IF(L24="-",0,IF(G24="DTDB",300000,IF(G24="TTDB",300000,IF(G24="DT1",135000,IF(G24="TT1",135000,IF(G24="DT2",75000,IF(G24="TT2",75000,IF(G24="DT3",45000,45000)))))))) -> 300000 | N24: =I24+K24+M24 -> 1020000
A25: 18 | B25: 07/01/2025 | C25: Trần Huệ Mẫn | E25: 17 | F25: KHX trên màn hình tăng sáng | G25: TTDB | H25: NGUYỆN | I25: =IF(G25="DTDB",420000,IF(G25="TTDB",420000,IF(G25="DT1",187500,IF(G25="TT1",187500,IF(G25="DT2",97500,IF(G25="TT2",97500,IF(G25="DT3",75000,75000))))))) -> 420000 | J25: TUẤN | K25: =IF(G25="DTDB",300000,IF(G25="TTDB",300000,IF(G25="DT1",135000,IF(G25="TT1",135000,IF(G25="DT2",75000,IF(G25="TT2",75000,IF(G25="DT3",45000,45000))))))) -> 300000 | L25: HƯNG | M25: =IF(L25="-",0,IF(G25="DTDB",300000,IF(G25="TTDB",300000,IF(G25="DT1",135000,IF(G25="TT1",135000,IF(G25="DT2",75000,IF(G25="TT2",75000,IF(G25="DT3",45000,45000)))))))) -> 300000 | N25: =I25+K25+M25 -> 1020000
A26: 19 | B26: 08/01/2025 | C26: Huỳnh Thị Yến | E26: 74 | F26: PT thay khớp háng toàn bộ | G26: TTDB | H26: HOAN | I26: =IF(G26="DTDB",420000,IF(G26="TTDB",420000,IF(G26="DT1",187500,IF(G26="TT1",187500,IF(G26="DT2",97500,IF(G26="TT2",97500,IF(G26="DT3",75000,75000))))))) -> 420000 | J26: V.TÂN | K26: =IF(G26="DTDB",300000,IF(G26="TTDB",300000,IF(G26="DT1",135000,IF(G26="TT1",135000,IF(G26="DT2",75000,IF(G26="TT2",75000,IF(G26="DT3",45000,45000))))))) -> 300000 | L26: TUẤN | M26: =IF(L26="-",0,IF(G26="DTDB",300000,IF(G26="TTDB",300000,IF(G26="DT1",135000,IF(G26="TT1",135000,IF(G26="DT2",75000,IF(G26="TT2",75000,IF(G26="DT3",45000,45000)))))))) -> 300000 | N26: =I26+K26+M26 -> 1020000
A27: 20 | B27: 08/01/2025 | C27: Lê Văn Đạt | D27: 84 | F27: PT khớp háng bán phần | G27: TT1 | H27: HOAN | I27: =IF(G27="DTDB",420000,IF(G27="TTDB",420000,IF(G27="DT1",187500,IF(G27="TT1",187500,IF(G27="DT2",97500,IF(G27="TT2",97500,IF(G27="DT3",75000,75000))))))) -> 187500 | J27: TUẤN | K27: =IF(G27="DTDB",300000,IF(G27="TTDB",300000,IF(G27="DT1",135000,IF(G27="TT1",135000,IF(G27="DT2",75000,IF(G27="TT2",75000,IF(G27="DT3",45000,45000))))))) -> 135000 | L27: HƯNG | M27: =IF(L27="-",0,IF(G27="DTDB",300000,IF(G27="TTDB",300000,IF(G27="DT1",135000,IF(G27="TT1",135000,IF(G27="DT2",75000,IF(G27="TT2",75000,IF(G27="DT3",45000,45000)))))))) -> 135000 | N27: =I27+K27+M27 -> 457500
A28: 21 | B28: 08/01/2025 | C28: Hoàng Thị Thanh Thúy | E28: 22 | F28: PTNS tái tạo dây chằng | G28: TTDB | H28: GIÀU | I28: =IF(G28="DTDB",420000,IF(G28="TTDB",420000,IF(G28="DT1",187500,IF(G28="TT1",187500,IF(G28="DT2",97500,IF(G28="TT2",97500,IF(G28="DT3",75000,75000))))))) -> 420000 | J28: TOẢN | K28: =IF(G28="DTDB",300000,IF(G28="TTDB",300000,IF(G28="DT1",135000,IF(G28="TT1",135000,IF(G28="DT2",75000,IF(G28="TT2",75000,IF(G28="DT3",45000,45000))))))) -> 300000 | L28: HƯNG | M28: =IF(L28="-",0,IF(G28="DTDB",300000,IF(G28="TTDB",300000,IF(G28="DT1",135000,IF(G28="TT1",135000,IF(G28="DT2",75000,IF(G28="TT2",75000,IF(G28="DT3",45000,45000)))))))) -> 300000 | N28: =I28+K28+M28 -> 1020000
A29: 22 | B29: 09/01/2025 | C29: Nguyễn Thị Khéo | E29: 75 | F29: KHX trên màn hình tăng sáng | G29: TTDB | H29: NGUYỆN | I29: =IF(G29="DTDB",420000,IF(G29="TTDB",420000,IF(G29="DT1",187500,IF(G29="TT1",187500,IF(G29="DT2",97500,IF(G29="TT2",97500,IF(G29="DT3",75000,75000))))))) -> 420000 | J29: TOẢN | K29: =IF(G29="DTDB",300000,IF(G29="TTDB",300000,IF(G29="DT1",135000,IF(G29="TT1",135000,IF(G29="DT2",75000,IF(G29="TT2",75000,IF(G29="DT3",45000,45000))))))) -> 300000 | L29: TUẤN | M29: =IF(L29="-",0,IF(G29="DTDB",300000,IF(G29="TTDB",300000,IF(G29="DT1",135000,IF(G29="TT1",135000,IF(G29="DT2",75000,IF(G29="TT2",75000,IF(G29="DT3",45000,45000)))))))) -> 300000 | N29: =I29+K29+M29 -> 1020000
A30: 23 | B30: 10/01/2025 | C30: Trần Thị Tư | E30: 80 | F30: PT thay khớp háng bán phần | G30: TT1 | H30: HOAN | I30: =IF(G30="DTDB",420000,IF(G30="TTDB",420000,IF(G30="DT1",187500,IF(G30="TT1",187500,IF(G30="DT2",97500,IF(G30="TT2",97500,IF(G30="DT3",75000,75000))))))) -> 187500 | J30: NGUYỆN | K30: =IF(G30="DTDB",300000,IF(G30="TTDB",300000,IF(G30="DT1",135000,IF(G30="TT1",135000,IF(G30="DT2",75000,IF(G30="TT2",75000,IF(G30="DT3",45000,45000))))))) -> 135000 | L30: ĐIỀN | M30: =IF(L30="-",0,IF(G30="DTDB",300000,IF(G30="TTDB",300000,IF(G30="DT1",135000,IF(G30="TT1",135000,IF(G30="DT2",75000,IF(G30="TT2",75000,IF(G30="DT3",45000,45000)))))))) -> 135000 | N30: =I30+K30+M30 -> 457500
A31: 24 | B31: 10/01/2025 | C31: Võ Văn Ngẫu | D31: 97 | F31: PT thay khớp háng bán phần | G31: TT1 | H31: HOAN | I31: =IF(G31="DTDB",420000,IF(G31="TTDB",420000,IF(G31="DT1",187500,IF(G31="TT1",187500,IF(G31="DT2",97500,IF(G31="TT2",97500,IF(G31="DT3",75000,75000))))))) -> 187500 | J31: NGUYỆN | K31: =IF(G31="DTDB",300000,IF(G31="TTDB",300000,IF(G31="DT1",135000,IF(G31="TT1",135000,IF(G31="DT2",75000,IF(G31="TT2",75000,IF(G31="DT3",45000,45000))))))) -> 135000 | L31: ĐIỀN | M31: =IF(L31="-",0,IF(G31="DTDB",300000,IF(G31="TTDB",300000,IF(G31="DT1",135000,IF(G31="TT1",135000,IF(G31="DT2",75000,IF(G31="TT2",75000,IF(G31="DT3",45000,45000)))))))) -> 135000 | N31: =I31+K31+M31 -> 457500
A32: 25 | B32: 10/01/2025 | C32: LÊ VĂN THƯỜNG | E32: 38 | F32: PT thay khớp háng bán phần | G32: TT1 | H32: NGUYỆN | I32: =IF(G32="DTDB",420000,IF(G32="TTDB",420000,IF(G32="DT1",187500,IF(G32="TT1",187500,IF(G32="DT2",97500,IF(G32="TT2",97500,IF(G32="DT3",75000,75000))))))) -> 187500 | J32: ĐIỀN | K32: =IF(G32="DTDB",300000,IF(G32="TTDB",300000,IF(G32="DT1",135000,IF(G32="TT1",135000,IF(G32="DT2",75000,IF(G32="TT2",75000,IF(G32="DT3",45000,45000))))))) -> 135000 | L32: TUẤN | M32: =IF(L32="-",0,IF(G32="DTDB",300000,IF(G32="TTDB",300000,IF(G32="DT1",135000,IF(G32="TT1",135000,IF(G32="DT2",75000,IF(G32="TT2",75000,IF(G32="DT3",45000,45000)))))))) -> 135000 | N32: =I32+K32+M32 -> 457500
A33: 26 | B33: 10/01/2025 | C33: Lý Thị Tuyết Nga | E33: 49 | F33: Khâu phục hồi tổn thương gân duỗi | G33: TT1 | H33: GIÀU | I33: =IF(G33="DTDB",420000,IF(G33="TTDB",420000,IF(G33="DT1",187500,IF(G33="TT1",187500,IF(G33="DT2",97500,IF(G33="TT2",97500,IF(G33="DT3",75000,75000))))))) -> 187500 | J33: TOÀN | K33: =IF(G33="DTDB",300000,IF(G33="TTDB",300000,IF(G33="DT1",135000,IF(G33="TT1",135000,IF(G33="DT2",75000,IF(G33="TT2",75000,IF(G33="DT3",45000,45000))))))) -> 135000 | L33: LUẬT | M33: =IF(L33="-",0,IF(G33="DTDB",300000,IF(G33="TTDB",300000,IF(G33="DT1",135000,IF(G33="TT1",135000,IF(G33="DT2",75000,IF(G33="TT2",75000,IF(G33="DT3",45000,45000)))))))) -> 135000 | N33: =I33+K33+M33 -> 457500
A34: 27 | B34: 13/01/2025 | C34: Đoàn Thiện Thái | D34: 38 | F34: PT KHX tăng sáng | G34: TTDB | H34: TOẢN | I34: =IF(G34="DTDB",420000,IF(G34="TTDB",420000,IF(G34="DT1",187500,IF(G34="TT1",187500,IF(G34="DT2",97500,IF(G34="TT2",97500,IF(G34="DT3",75000,75000))))))) -> 420000 | J34: TUẤN | K34: =IF(G34="DTDB",300000,IF(G34="TTDB",300000,IF(G34="DT1",135000,IF(G34="TT1",135000,IF(G34="DT2",75000,IF(G34="TT2",75000,IF(G34="DT3",45000,45000))))))) -> 300000 | L34: THÁI | M34: =IF(L34="-",0,IF(G34="DTDB",300000,IF(G34="TTDB",300000,IF(G34="DT1",135000,IF(G34="TT1",135000,IF(G34="DT2",75000,IF(G34="TT2",75000,IF(G34="DT3",45000,45000)))))))) -> 300000 | N34: =I34+K34+M34 -> 1020000
A35: 28 | B35: 13/01/2025 | C35: Trần Văn Mỹ | D35: 100 | F35: PT vết thương phần mềm phức tạp | G35: TT1 | H35: MINH | I35: =IF(G35="DTDB",420000,IF(G35="TTDB",420000,IF(G35="DT1",187500,IF(G35="TT1",187500,IF(G35="DT2",97500,IF(G35="TT2",97500,IF(G35="DT3",75000,75000))))))) -> 187500 | J35: KHANG | K35: =IF(G35="DTDB",300000,IF(G35="TTDB",300000,IF(G35="DT1",135000,IF(G35="TT1",135000,IF(G35="DT2",75000,IF(G35="TT2",75000,IF(G35="DT3",45000,45000))))))) -> 135000 | L35: LUẬT | M35: =IF(L35="-",0,IF(G35="DTDB",300000,IF(G35="TTDB",300000,IF(G35="DT1",135000,IF(G35="TT1",135000,IF(G35="DT2",75000,IF(G35="TT2",75000,IF(G35="DT3",45000,45000)))))))) -> 135000 | N35: =I35+K35+M35 -> 457500
A36: 29 | B36: 14/01/2025 | C36: Trần Thị Ánh Vân | E36: 49 | F36: KHX trên màn hình tăng sáng | G36: TTDB | H36: ĐIỀN | I36: =IF(G36="DTDB",420000,IF(G36="TTDB",420000,IF(G36="DT1",187500,IF(G36="TT1",187500,IF(G36="DT2",97500,IF(G36="TT2",97500,IF(G36="DT3",75000,75000))))))) -> 420000 | J36: LUẬN | K36: =IF(G36="DTDB",300000,IF(G36="TTDB",300000,IF(G36="DT1",135000,IF(G36="TT1",135000,IF(G36="DT2",75000,IF(G36="TT2",75000,IF(G36="DT3",45000,45000))))))) -> 300000 | L36: KHÉN | M36: =IF(L36="-",0,IF(G36="DTDB",300000,IF(G36="TTDB",300000,IF(G36="DT1",135000,IF(G36="TT1",135000,IF(G36="DT2",75000,IF(G36="TT2",75000,IF(G36="DT3",45000,45000)))))))) -> 300000 | N36: =I36+K36+M36 -> 1020000
A37: 30 | B37: 14/01/2025 | C37: Nguyễn Văn Hưng | D37: 42 | F37: PTNS tái tạo dây chằng | G37: TTDB | H37: TOẢN | I37: =IF(G37="DTDB",420000,IF(G37="TTDB",420000,IF(G37="DT1",187500,IF(G37="TT1",187500,IF(G37="DT2",97500,IF(G37="TT2",97500,IF(G37="DT3",75000,75000))))))) -> 420000 | J37: MINH | K37: =IF(G37="DTDB",300000,IF(G37="TTDB",300000,IF(G37="DT1",135000,IF(G37="TT1",135000,IF(G37="DT2",75000,IF(G37="TT2",75000,IF(G37="DT3",45000,45000))))))) -> 300000 | L37: HƯNG | M37: =IF(L37="-",0,IF(G37="DTDB",300000,IF(G37="TTDB",300000,IF(G37="DT1",135000,IF(G37="TT1",135000,IF(G37="DT2",75000,IF(G37="TT2",75000,IF(G37="DT3",45000,45000)))))))) -> 300000 | N37: =I37+K37+M37 -> 1020000
A38: 31 | B38: 15/01/2025 | C38: Nguyễn Văn Mát | D38: 55 | F38: PT KHX tăng sáng | G38: DTDB | H38: GIÀU | I38: =IF(G38="DTDB",420000,IF(G38="TTDB",420000,IF(G38="DT1",187500,IF(G38="TT1",187500,IF(G38="DT2",97500,IF(G38="TT2",97500,IF(G38="DT3",75000,75000))))))) -> 420000 | J38: TUẤN | K38: =IF(G38="DTDB",300000,IF(G38="TTDB",300000,IF(G38="DT1",135000,IF(G38="TT1",135000,IF(G38="DT2",75000,IF(G38="TT2",75000,IF(G38="DT3",45000,45000))))))) -> 300000 | L38: KHÉN | M38: =IF(L38="-",0,IF(G38="DTDB",300000,IF(G38="TTDB",300000,IF(G38="DT1",135000,IF(G38="TT1",135000,IF(G38="DT2",75000,IF(G38="TT2",75000,IF(G38="DT3",45000,45000)))))))) -> 300000 | N38: =I38+K38+M38 -> 1020000
A39: 32 | B39: 16/01/2025 | C39: Võ Hoàng Dư | D39: 37 | F39: Cắt u lành >10cm | G39: TT1 | H39: NGUYỆN | I39: =IF(G39="DTDB",420000,IF(G39="TTDB",420000,IF(G39="DT1",187500,IF(G39="TT1",187500,IF(G39="DT2",97500,IF(G39="TT2",97500,IF(G39="DT3",75000,75000))))))) -> 187500 | J39: TUẤN | K39: =IF(G39="DTDB",300000,IF(G39="TTDB",300000,IF(G39="DT1",135000,IF(G39="TT1",135000,IF(G39="DT2",75000,IF(G39="TT2",75000,IF(G39="DT3",45000,45000))))))) -> 135000 | L39: TOÀN | M39: =IF(L39="-",0,IF(G39="DTDB",300000,IF(G39="TTDB",300000,IF(G39="DT1",135000,IF(G39="TT1",135000,IF(G39="DT2",75000,IF(G39="TT2",75000,IF(G39="DT3",45000,45000)))))))) -> 135000 | N39: =I39+K39+M39 -> 457500
A40: 33 | B40: 16/01/2025 | C40: Trần Thị Út | E40: 52 | F40: Lấy nhân đệm | G40: TT1 | H40: GIÀU | I40: =IF(G40="DTDB",420000,IF(G40="TTDB",420000,IF(G40="DT1",187500,IF(G40="TT1",187500,IF(G40="DT2",97500,IF(G40="TT2",97500,IF(G40="DT3",75000,75000))))))) -> 187500 | J40: TÙNG | K40: =IF(G40="DTDB",300000,IF(G40="TTDB",300000,IF(G40="DT1",135000,IF(G40="TT1",135000,IF(G40="DT2",75000,IF(G40="TT2",75000,IF(G40="DT3",45000,45000))))))) -> 135000 | L40: TOÀN | M40: =IF(L40="-",0,IF(G40="DTDB",300000,IF(G40="TTDB",300000,IF(G40="DT1",135000,IF(G40="TT1",135000,IF(G40="DT2",75000,IF(G40="TT2",75000,IF(G40="DT3",45000,45000)))))))) -> 135000 | N40: =I40+K40+M40 -> 457500
A41: 34 | B41: 16/01/2025 | C41: Nguyễn Tấn Đăng Quang | D41: 37 | F41: KHX trên màn hình tăng sáng | G41: DTDB | H41: TOẢN | I41: =IF(G41="DTDB",420000,IF(G41="TTDB",420000,IF(G41="DT1",187500,IF(G41="TT1",187500,IF(G41="DT2",97500,IF(G41="TT2",97500,IF(G41="DT3",75000,75000))))))) -> 420000 | J41: TUẤN | K41: =IF(G41="DTDB",300000,IF(G41="TTDB",300000,IF(G41="DT1",135000,IF(G41="TT1",135000,IF(G41="DT2",75000,IF(G41="TT2",75000,IF(G41="DT3",45000,45000))))))) -> 300000 | L41: LUẬN | M41: =IF(L41="-",0,IF(G41="DTDB",300000,IF(G41="TTDB",300000,IF(G41="DT1",135000,IF(G41="TT1",135000,IF(G41="DT2",75000,IF(G41="TT2",75000,IF(G41="DT3",45000,45000)))))))) -> 300000 | N41: =I41+K41+M41 -> 1020000
A42: 35 | B42: 17/01/2025 | C42: Đào Văn Sáng | D42: 58 | F42: Lấy nhân đệm | G42: TT1 | H42: GIÀU | I42: =IF(G42="DTDB",420000,IF(G42="TTDB",420000,IF(G42="DT1",187500,IF(G42="TT1",187500,IF(G42="DT2",97500,IF(G42="TT2",97500,IF(G42="DT3",75000,75000))))))) -> 187500 | J42: KHÉN | K42: =IF(G42="DTDB",300000,IF(G42="TTDB",300000,IF(G42="DT1",135000,IF(G42="TT1",135000,IF(G42="DT2",75000,IF(G42="TT2",75000,IF(G42="DT3",45000,45000))))))) -> 135000 | L42: TÙNG | M42: =IF(L42="-",0,IF(G42="DTDB",300000,IF(G42="TTDB",300000,IF(G42="DT1",135000,IF(G42="TT1",135000,IF(G42="DT2",75000,IF(G42="TT2",75000,IF(G42="DT3",45000,45000)))))))) -> 135000 | N42: =I42+K42+M42 -> 457500
A43: 36 | B43: 17/01/2025 | C43: Vũ Thị Cam | E43: 59 | F43: KHX trên màn hình tăng sáng | G43: TTDB | H43: TOẢN | I43: =IF(G43="DTDB",420000,IF(G43="TTDB",420000,IF(G43="DT1",187500,IF(G43="TT1",187500,IF(G43="DT2",97500,IF(G43="TT2",97500,IF(G43="DT3",75000,75000))))))) -> 420000 | J43: NGUYỆN | K43: =IF(G43="DTDB",300000,IF(G43="TTDB",300000,IF(G43="DT1",135000,IF(G43="TT1",135000,IF(G43="DT2",75000,IF(G43="TT2",75000,IF(G43="DT3",45000,45000))))))) -> 300000 | L43: TUẤN | M43: =IF(L43="-",0,IF(G43="DTDB",300000,IF(G43="TTDB",300000,IF(G43="DT1",135000,IF(G43="TT1",135000,IF(G43="DT2",75000,IF(G43="TT2",75000,IF(G43="DT3",45000,45000)))))))) -> 300000 | N43: =I43+K43+M43 -> 1020000
A44: 37 | B44: 18/01/2025 | C44: Phó Nguyên Chương | D44: 19 | F44: PTNS tái tạo dây chằng | G44: TTDB | H44: TẤN | I44: =IF(G44="DTDB",420000,IF(G44="TTDB",420000,IF(G44="DT1",187500,IF(G44="TT1",187500,IF(G44="DT2",97500,IF(G44="TT2",97500,IF(G44="DT3",75000,75000))))))) -> 420000 | J44: TOẢN | K44: =IF(G44="DTDB",300000,IF(G44="TTDB",300000,IF(G44="DT1",135000,IF(G44="TT1",135000,IF(G44="DT2",75000,IF(G44="TT2",75000,IF(G44="DT3",45000,45000))))))) -> 300000 | L44: TOÀN | M44: =IF(L44="-",0,IF(G44="DTDB",300000,IF(G44="TTDB",300000,IF(G44="DT1",135000,IF(G44="TT1",135000,IF(G44="DT2",75000,IF(G44="TT2",75000,IF(G44="DT3",45000,45000)))))))) -> 300000 | N44: =I44+K44+M44 -> 1020000
A45: 38 | B45: 20/01/2025 | C45: Lê Gia Khánh | D45: 17 | F45: KHX trên màn hình tăng sáng | G45: TTDB | H45: MINH | I45: =IF(G45="DTDB",420000,IF(G45="TTDB",420000,IF(G45="DT1",187500,IF(G45="TT1",187500,IF(G45="DT2",97500,IF(G45="TT2",97500,IF(G45="DT3",75000,75000))))))) -> 420000 | J45: V.TÂN | K45: =IF(G45="DTDB",300000,IF(G45="TTDB",300000,IF(G45="DT1",135000,IF(G45="TT1",135000,IF(G45="DT2",75000,IF(G45="TT2",75000,IF(G45="DT3",45000,45000))))))) -> 300000 | L45: TUẤN | M45: =IF(L45="-",0,IF(G45="DTDB",300000,IF(G45="TTDB",300000,IF(G45="DT1",135000,IF(G45="TT1",135000,IF(G45="DT2",75000,IF(G45="TT2",75000,IF(G45="DT3",45000,45000)))))))) -> 300000 | N45: =I45+K45+M45 -> 1020000
A46: 39 | B46: 21/01/2025 | C46: NGUYỄN THÀNH NGHĨA | D46: 29 | F46: KHX trên màn hình tăng sáng | G46: TTDB | H46: NGUYỆN | I46: =IF(G46="DTDB",420000,IF(G46="TTDB",420000,IF(G46="DT1",187500,IF(G46="TT1",187500,IF(G46="DT2",97500,IF(G46="TT2",97500,IF(G46="DT3",75000,75000))))))) -> 420000 | J46: TUẤN | K46: =IF(G46="DTDB",300000,IF(G46="TTDB",300000,IF(G46="DT1",135000,IF(G46="TT1",135000,IF(G46="DT2",75000,IF(G46="TT2",75000,IF(G46="DT3",45000,45000))))))) -> 300000 | L46: HƯNG | M46: =IF(L46="-",0,IF(G46="DTDB",300000,IF(G46="TTDB",300000,IF(G46="DT1",135000,IF(G46="TT1",135000,IF(G46="DT2",75000,IF(G46="TT2",75000,IF(G46="DT3",45000,45000)))))))) -> 300000 | N46: =I46+K46+M46 -> 1020000
A47: 40 | B47: 23/01/2025 | C47: Nguyễn Tuyết Hồng | D47: 67 | F47: PT KHX tăng sáng | G47: TTDB | H47: NGUYỆN | I47: =IF(G47="DTDB",420000,IF(G47="TTDB",420000,IF(G47="DT1",187500,IF(G47="TT1",187500,IF(G47="DT2",97500,IF(G47="TT2",97500,IF(G47="DT3",75000,75000))))))) -> 420000 | J47: TOẢN | K47: =IF(G47="DTDB",300000,IF(G47="TTDB",300000,IF(G47="DT1",135000,IF(G47="TT1",135000,IF(G47="DT2",75000,IF(G47="TT2",75000,IF(G47="DT3",45000,45000))))))) -> 300000 | L47: V.TÂN | M47: =IF(L47="-",0,IF(G47="DTDB",300000,IF(G47="TTDB",300000,IF(G47="DT1",135000,IF(G47="TT1",135000,IF(G47="DT2",75000,IF(G47="TT2",75000,IF(G47="DT3",45000,45000)))))))) -> 300000 | N47: =I47+K47+M47 -> 1020000
A48: 41 | B48: 23/01/2025 | C48: Nguyễn Tuyết Hồng | D48: 67 | F48: PT KHX tăng sáng (50%) | G48: TTDB | H48: V.TÂN | I48: =IF(G48="DTDB",420000,IF(G48="TTDB",420000,IF(G48="DT1",187500,IF(G48="TT1",187500,IF(G48="DT2",97500,IF(G48="TT2",97500,IF(G48="DT3",75000,75000))))))) -> 420000 | J48: NGUYỆN | K48: =IF(G48="DTDB",300000,IF(G48="TTDB",300000,IF(G48="DT1",135000,IF(G48="TT1",135000,IF(G48="DT2",75000,IF(G48="TT2",75000,IF(G48="DT3",45000,45000))))))) -> 300000 | L48: TUẤN | M48: =IF(L48="-",0,IF(G48="DTDB",300000,IF(G48="TTDB",300000,IF(G48="DT1",135000,IF(G48="TT1",135000,IF(G48="DT2",75000,IF(G48="TT2",75000,IF(G48="DT3",45000,45000)))))))) -> 300000 | N48: =I48+K48+M48 -> 1020000
A49: 42 | B49: 24/01/2025 | C49: Trần Kim Hằng | E49: 53 | F49: KHX trên màn hình tăng sáng | G49: TTDB | H49: NGUYỆN | I49: =IF(G49="DTDB",420000,IF(G49="TTDB",420000,IF(G49="DT1",187500,IF(G49="TT1",187500,IF(G49="DT2",97500,IF(G49="TT2",97500,IF(G49="DT3",75000,75000))))))) -> 420000 | J49: TOẢN | K49: =IF(G49="DTDB",300000,IF(G49="TTDB",300000,IF(G49="DT1",135000,IF(G49="TT1",135000,IF(G49="DT2",75000,IF(G49="TT2",75000,IF(G49="DT3",45000,45000))))))) -> 300000 | L49: TUẤN | M49: =IF(L49="-",0,IF(G49="DTDB",300000,IF(G49="TTDB",300000,IF(G49="DT1",135000,IF(G49="TT1",135000,IF(G49="DT2",75000,IF(G49="TT2",75000,IF(G49="DT3",45000,45000)))))))) -> 300000 | N49: =I49+K49+M49 -> 1020000
A50: 43 | B50: 26/01/2025 | C50: Huỳnh Văn Nữ | D50: 71 | F50: KHX trên màn hình tăng sáng | G50: TTDB | H50: HOAN | I50: =IF(G50="DTDB",420000,IF(G50="TTDB",420000,IF(G50="DT1",187500,IF(G50="TT1",187500,IF(G50="DT2",97500,IF(G50="TT2",97500,IF(G50="DT3",75000,75000))))))) -> 420000 | J50: NGUYỆN | K50: =IF(G50="DTDB",300000,IF(G50="TTDB",300000,IF(G50="DT1",135000,IF(G50="TT1",135000,IF(G50="DT2",75000,IF(G50="TT2",75000,IF(G50="DT3",45000,45000))))))) -> 300000 | L50: HƯNG | M50: =IF(L50="-",0,IF(G50="DTDB",300000,IF(G50="TTDB",300000,IF(G50="DT1",135000,IF(G50="TT1",135000,IF(G50="DT2",75000,IF(G50="TT2",75000,IF(G50="DT3",45000,45000)))))))) -> 300000 | N50: =I50+K50+M50 -> 1020000
A51: 44 | B51: 26/01/2025 | C51: Nguyễn Thị Đức | E51: 67 | F51: KHX trên màn hình tăng sáng | G51: DTDB | H51: HOAN | I51: =IF(G51="DTDB",420000,IF(G51="TTDB",420000,IF(G51="DT1",187500,IF(G51="TT1",187500,IF(G51="DT2",97500,IF(G51="TT2",97500,IF(G51="DT3",75000,75000))))))) -> 420000 | J51: NGUYỆN | K51: =IF(G51="DTDB",300000,IF(G51="TTDB",300000,IF(G51="DT1",135000,IF(G51="TT1",135000,IF(G51="DT2",75000,IF(G51="TT2",75000,IF(G51="DT3",45000,45000))))))) -> 300000 | L51: HƯNG | M51: =IF(L51="-",0,IF(G51="DTDB",300000,IF(G51="TTDB",300000,IF(G51="DT1",135000,IF(G51="TT1",135000,IF(G51="DT2",75000,IF(G51="TT2",75000,IF(G51="DT3",45000,45000)))))))) -> 300000 | N51: =I51+K51+M51 -> 1020000
A52: 45 | B52: 28/01/2025 | C52: Lương Văn Mung | D52: 65 | F52: KHX trên màn hình tăng sáng | G52: TTDB | H52: TOẢN | I52: =IF(G52="DTDB",420000,IF(G52="TTDB",420000,IF(G52="DT1",187500,IF(G52="TT1",187500,IF(G52="DT2",97500,IF(G52="TT2",97500,IF(G52="DT3",75000,75000))))))) -> 420000 | J52: THÁI | K52: =IF(G52="DTDB",300000,IF(G52="TTDB",300000,IF(G52="DT1",135000,IF(G52="TT1",135000,IF(G52="DT2",75000,IF(G52="TT2",75000,IF(G52="DT3",45000,45000))))))) -> 300000 | L52: ẨN | M52: =IF(L52="-",0,IF(G52="DTDB",300000,IF(G52="TTDB",300000,IF(G52="DT1",135000,IF(G52="TT1",135000,IF(G52="DT2",75000,IF(G52="TT2",75000,IF(G52="DT3",45000,45000)))))))) -> 300000 | N52: =I52+K52+M52 -> 1020000
A53: 46 | B53: 11/12/2024 | C53: Thái Duyệt Hiền | E53: 42 | F53: Cắt lọc hoại tử ổ loét vết thương mãn tính | G53: TT2 | H53: V.TÂN | I53: =IF(G53="DTDB",420000,IF(G53="TTDB",420000,IF(G53="DT1",187500,IF(G53="TT1",187500,IF(G53="DT2",97500,IF(G53="TT2",97500,IF(G53="DT3",75000,75000))))))) -> 97500 | J53: THÁI | K53: =IF(G53="DTDB",300000,IF(G53="TTDB",300000,IF(G53="DT1",135000,IF(G53="TT1",135000,IF(G53="DT2",75000,IF(G53="TT2",75000,IF(G53="DT3",45000,45000))))))) -> 75000 | L53: - | M53: =IF(L53="-",0,IF(G53="DTDB",300000,IF(G53="TTDB",300000,IF(G53="DT1",135000,IF(G53="TT1",135000,IF(G53="DT2",75000,IF(G53="TT2",75000,IF(G53="DT3",45000,45000)))))))) -> 0 | N53: =I53+K53+M53 -> 172500
A54: 47 | B54: 12/12/2024 | C54: Huỳnh Văn Thực | D54: 82 | F54: Cắt lọc hoại tử ổ loét vết thương mãn tính | G54: DT2 | H54: TOẢN | I54: =IF(G54="DTDB",420000,IF(G54="TTDB",420000,IF(G54="DT1",187500,IF(G54="TT1",187500,IF(G54="DT2",97500,IF(G54="TT2",97500,IF(G54="DT3",75000,75000))))))) -> 97500 | J54: TUẤN | K54: =IF(G54="DTDB",300000,IF(G54="TTDB",300000,IF(G54="DT1",135000,IF(G54="TT1",135000,IF(G54="DT2",75000,IF(G54="TT2",75000,IF(G54="DT3",45000,45000))))))) -> 75000 | L54: - | M54: =IF(L54="-",0,IF(G54="DTDB",300000,IF(G54="TTDB",300000,IF(G54="DT1",135000,IF(G54="TT1",135000,IF(G54="DT2",75000,IF(G54="TT2",75000,IF(G54="DT3",45000,45000)))))))) -> 0 | N54: =I54+K54+M54 -> 172500
A55: 48 | B55: 16/12/2024 | C55: Huỳnh Văn Thực | D55: 82 | F55: Cắt lọc hoại tử ổ loét vết thương mãn tính | G55: DT2 | H55: TOẢN | I55: =IF(G55="DTDB",420000,IF(G55="TTDB",420000,IF(G55="DT1",187500,IF(G55="TT1",187500,IF(G55="DT2",97500,IF(G55="TT2",97500,IF(G55="DT3",75000,75000))))))) -> 97500 | J55: TUẤN | K55: =IF(G55="DTDB",300000,IF(G55="TTDB",300000,IF(G55="DT1",135000,IF(G55="TT1",135000,IF(G55="DT2",75000,IF(G55="TT2",75000,IF(G55="DT3",45000,45000))))))) -> 75000 | L55: - | M55: =IF(L55="-",0,IF(G55="DTDB",300000,IF(G55="TTDB",300000,IF(G55="DT1",135000,IF(G55="TT1",135000,IF(G55="DT2",75000,IF(G55="TT2",75000,IF(G55="DT3",45000,45000)))))))) -> 0 | N55: =I55+K55+M55 -> 172500
A56: 49 | B56: 17/12/2024 | C56: Thái Duyệt Hiền | D56: 42 | F56: Cắt lọc hoại tử ổ loét vết thương mãn tính | G56: DT2 | H56: V.TÂN | I56: =IF(G56="DTDB",420000,IF(G56="TTDB",420000,IF(G56="DT1",187500,IF(G56="TT1",187500,IF(G56="DT2",97500,IF(G56="TT2",97500,IF(G56="DT3",75000,75000))))))) -> 97500 | J56: TUẤN | K56: =IF(G56="DTDB",300000,IF(G56="TTDB",300000,IF(G56="DT1",135000,IF(G56="TT1",135000,IF(G56="DT2",75000,IF(G56="TT2",75000,IF(G56="DT3",45000,45000))))))) -> 75000 | L56: - | M56: =IF(L56="-",0,IF(G56="DTDB",300000,IF(G56="TTDB",300000,IF(G56="DT1",135000,IF(G56="TT1",135000,IF(G56="DT2",75000,IF(G56="TT2",75000,IF(G56="DT3",45000,45000)))))))) -> 0 | N56: =I56+K56+M56 -> 172500
A57: 50 | B57: 20/12/2024 | C57: Thái Duyệt Hiền | D57: 42 | F57: Cắt lọc hoại tử ổ loét vết thương mãn tính | G57: DT2 | H57: V.TÂN | I57: =IF(G57="DTDB",420000,IF(G57="TTDB",420000,IF(G57="DT1",187500,IF(G57="TT1",187500,IF(G57="DT2",97500,IF(G57="TT2",97500,IF(G57="DT3",75000,75000))))))) -> 97500 | J57: TÙNG | K57: =IF(G57="DTDB",300000,IF(G57="TTDB",300000,IF(G57="DT1",135000,IF(G57="TT1",135000,IF(G57="DT2",75000,IF(G57="TT2",75000,IF(G57="DT3",45000,45000))))))) -> 75000 | L57: - | M57: =IF(L57="-",0,IF(G57="DTDB",300000,IF(G57="TTDB",300000,IF(G57="DT1",135000,IF(G57="TT1",135000,IF(G57="DT2",75000,IF(G57="TT2",75000,IF(G57="DT3",45000,45000)))))))) -> 0 | N57: =I57+K57+M57 -> 172500
A58: 51 | B58: 24/12/2024 | C58: Huỳnh Văn Thực | D58: 82 | F58: Cắt lọc hoại tử ổ loét vết thương mãn tính | G58: DT2 | H58: HOAN | I58: =IF(G58="DTDB",420000,IF(G58="TTDB",420000,IF(G58="DT1",187500,IF(G58="TT1",187500,IF(G58="DT2",97500,IF(G58="TT2",97500,IF(G58="DT3",75000,75000))))))) -> 97500 | J58: TUẤN | K58: =IF(G58="DTDB",300000,IF(G58="TTDB",300000,IF(G58="DT1",135000,IF(G58="TT1",135000,IF(G58="DT2",75000,IF(G58="TT2",75000,IF(G58="DT3",45000,45000))))))) -> 75000 | L58: - | M58: =IF(L58="-",0,IF(G58="DTDB",300000,IF(G58="TTDB",300000,IF(G58="DT1",135000,IF(G58="TT1",135000,IF(G58="DT2",75000,IF(G58="TT2",75000,IF(G58="DT3",45000,45000)))))))) -> 0 | N58: =I58+K58+M58 -> 172500
A59: 52 | B59: 24/12/2024 | C59: Thái Duyệt Hiền | D59: 42 | F59: Cắt lọc hoại tử ổ loét vết thương mãn tính | G59: DT2 | H59: V.TÂN | I59: =IF(G59="DTDB",420000,IF(G59="TTDB",420000,IF(G59="DT1",187500,IF(G59="TT1",187500,IF(G59="DT2",97500,IF(G59="TT2",97500,IF(G59="DT3",75000,75000))))))) -> 97500 | J59: KHANG | K59: =IF(G59="DTDB",300000,IF(G59="TTDB",300000,IF(G59="DT1",135000,IF(G59="TT1",135000,IF(G59="DT2",75000,IF(G59="TT2",75000,IF(G59="DT3",45000,45000))))))) -> 75000 | L59: - | M59: =IF(L59="-",0,IF(G59="DTDB",300000,IF(G59="TTDB",300000,IF(G59="DT1",135000,IF(G59="TT1",135000,IF(G59="DT2",75000,IF(G59="TT2",75000,IF(G59="DT3",45000,45000)))))))) -> 0 | N59: =I59+K59+M59 -> 172500
A60: 53 | B60: 24/12/2024 | C60: Nguyễn Văn Thoàng | D60: 63 | F60: Cắt lọc hoại tử ổ loét vết thương mãn tính | G60: TT2 | H60: V.TÂN | I60: =IF(G60="DTDB",420000,IF(G60="TTDB",420000,IF(G60="DT1",187500,IF(G60="TT1",187500,IF(G60="DT2",97500,IF(G60="TT2",97500,IF(G60="DT3",75000,75000))))))) -> 97500 | J60: TUẤN | K60: =IF(G60="DTDB",300000,IF(G60="TTDB",300000,IF(G60="DT1",135000,IF(G60="TT1",135000,IF(G60="DT2",75000,IF(G60="TT2",75000,IF(G60="DT3",45000,45000))))))) -> 75000 | L60: - | M60: =IF(L60="-",0,IF(G60="DTDB",300000,IF(G60="TTDB",300000,IF(G60="DT1",135000,IF(G60="TT1",135000,IF(G60="DT2",75000,IF(G60="TT2",75000,IF(G60="DT3",45000,45000)))))))) -> 0 | N60: =I60+K60+M60 -> 172500
A61: 54 | B61: 24/12/2024 | C61: Thạch Thị Phẹnh | E61: 61 | F61: Cắt lọc hoại tử ổ loét vết thương mãn tính | G61: TT2 | H61: GIÀU | I61: =IF(G61="DTDB",420000,IF(G61="TTDB",420000,IF(G61="DT1",187500,IF(G61="TT1",187500,IF(G61="DT2",97500,IF(G61="TT2",97500,IF(G61="DT3",75000,75000))))))) -> 97500 | J61: TOÀN | K61: =IF(G61="DTDB",300000,IF(G61="TTDB",300000,IF(G61="DT1",135000,IF(G61="TT1",135000,IF(G61="DT2",75000,IF(G61="TT2",75000,IF(G61="DT3",45000,45000))))))) -> 75000 | L61: - | M61: =IF(L61="-",0,IF(G61="DTDB",300000,IF(G61="TTDB",300000,IF(G61="DT1",135000,IF(G61="TT1",135000,IF(G61="DT2",75000,IF(G61="TT2",75000,IF(G61="DT3",45000,45000)))))))) -> 0 | N61: =I61+K61+M61 -> 172500
A62: 55 | B62: 25/12/2024 | C62: Nguyễn Hoàng Du | D62: 42 | F62: Cắt lọc ổ loét mạn | G62: TT2 | H62: V.TÂN | I62: =IF(G62="DTDB",420000,IF(G62="TTDB",420000,IF(G62="DT1",187500,IF(G62="TT1",187500,IF(G62="DT2",97500,IF(G62="TT2",97500,IF(G62="DT3",75000,75000))))))) -> 97500 | J62: TUẤN | K62: =IF(G62="DTDB",300000,IF(G62="TTDB",300000,IF(G62="DT1",135000,IF(G62="TT1",135000,IF(G62="DT2",75000,IF(G62="TT2",75000,IF(G62="DT3",45000,45000))))))) -> 75000 | L62: - | M62: =IF(L62="-",0,IF(G62="DTDB",300000,IF(G62="TTDB",300000,IF(G62="DT1",135000,IF(G62="TT1",135000,IF(G62="DT2",75000,IF(G62="TT2",75000,IF(G62="DT3",45000,45000)))))))) -> 0 | N62: =I62+K62+M62 -> 172500
A63: 56 | B63: 27/12/2024 | C63: Trần Thị Lan | E63: 55 | F63: Cắt lọc hoại tử ổ loét vết thương mãn tính | G63: DT2 | H63: GIÀU | I63: =IF(G63="DTDB",420000,IF(G63="TTDB",420000,IF(G63="DT1",187500,IF(G63="TT1",187500,IF(G63="DT2",97500,IF(G63="TT2",97500,IF(G63="DT3",75000,75000))))))) -> 97500 | J63: TOÀN | K63: =IF(G63="DTDB",300000,IF(G63="TTDB",300000,IF(G63="DT1",135000,IF(G63="TT1",135000,IF(G63="DT2",75000,IF(G63="TT2",75000,IF(G63="DT3",45000,45000))))))) -> 75000 | L63: - | M63: =IF(L63="-",0,IF(G63="DTDB",300000,IF(G63="TTDB",300000,IF(G63="DT1",135000,IF(G63="TT1",135000,IF(G63="DT2",75000,IF(G63="TT2",75000,IF(G63="DT3",45000,45000)))))))) -> 0 | N63: =I63+K63+M63 -> 172500
A64: 57 | B64: 27/12/2024 | C64: Nguyễn Văn Thoàng | D64: 63 | F64: Cắt lọc hoại tử ổ loét vết thương mãn tính | G64: DT2 | H64: V.TÂN | I64: =IF(G64="DTDB",420000,IF(G64="TTDB",420000,IF(G64="DT1",187500,IF(G64="TT1",187500,IF(G64="DT2",97500,IF(G64="TT2",97500,IF(G64="DT3",75000,75000))))))) -> 97500 | J64: KHANG | K64: =IF(G64="DTDB",300000,IF(G64="TTDB",300000,IF(G64="DT1",135000,IF(G64="TT1",135000,IF(G64="DT2",75000,IF(G64="TT2",75000,IF(G64="DT3",45000,45000))))))) -> 75000 | L64: - | M64: =IF(L64="-",0,IF(G64="DTDB",300000,IF(G64="TTDB",300000,IF(G64="DT1",135000,IF(G64="TT1",135000,IF(G64="DT2",75000,IF(G64="TT2",75000,IF(G64="DT3",45000,45000)))))))) -> 0 | N64: =I64+K64+M64 -> 172500
A65: 58 | B65: 27/12/2024 | C65: Thái Duyệt Hiền | D65: 42 | F65: Cắt lọc + ghép da | G65: DT2 | H65: V.TÂN | I65: =IF(G65="DTDB",420000,IF(G65="TTDB",420000,IF(G65="DT1",187500,IF(G65="TT1",187500,IF(G65="DT2",97500,IF(G65="TT2",97500,IF(G65="DT3",75000,75000))))))) -> 97500 | J65: KHANG | K65: =IF(G65="DTDB",300000,IF(G65="TTDB",300000,IF(G65="DT1",135000,IF(G65="TT1",135000,IF(G65="DT2",75000,IF(G65="TT2",75000,IF(G65="DT3",45000,45000))))))) -> 75000 | L65: - | M65: =IF(L65="-",0,IF(G65="DTDB",300000,IF(G65="TTDB",300000,IF(G65="DT1",135000,IF(G65="TT1",135000,IF(G65="DT2",75000,IF(G65="TT2",75000,IF(G65="DT3",45000,45000)))))))) -> 0 | N65: =I65+K65+M65 -> 172500
A66: 59 | B66: 30/12/2024 | C66: Nguyễn Hoàng Du | D66: 42 | F66: Cắt lọc hoại tử ổ loét vết thương mãn tính | G66: DT2 | H66: V.TÂN | I66: =IF(G66="DTDB",420000,IF(G66="TTDB",420000,IF(G66="DT1",187500,IF(G66="TT1",187500,IF(G66="DT2",97500,IF(G66="TT2",97500,IF(G66="DT3",75000,75000))))))) -> 97500 | J66: KHÉN | K66: =IF(G66="DTDB",300000,IF(G66="TTDB",300000,IF(G66="DT1",135000,IF(G66="TT1",135000,IF(G66="DT2",75000,IF(G66="TT2",75000,IF(G66="DT3",45000,45000))))))) -> 75000 | L66: - | M66: =IF(L66="-",0,IF(G66="DTDB",300000,IF(G66="TTDB",300000,IF(G66="DT1",135000,IF(G66="TT1",135000,IF(G66="DT2",75000,IF(G66="TT2",75000,IF(G66="DT3",45000,45000)))))))) -> 0 | N66: =I66+K66+M66 -> 172500
A67: 60 | B67: 30/12/2024 | C67: Võ Thị Lòng | E67: 78 | F67: Cắt lọc hoại tử ổ loét vết thương mãn tính | G67: TT2 | H67: NGUYỆN | I67: =IF(G67="DTDB",420000,IF(G67="TTDB",420000,IF(G67="DT1",187500,IF(G67="TT1",187500,IF(G67="DT2",97500,IF(G67="TT2",97500,IF(G67="DT3",75000,75000))))))) -> 97500 | J67: ĐIỀN | K67: =IF(G67="DTDB",300000,IF(G67="TTDB",300000,IF(G67="DT1",135000,IF(G67="TT1",135000,IF(G67="DT2",75000,IF(G67="TT2",75000,IF(G67="DT3",45000,45000))))))) -> 75000 | L67: - | M67: =IF(L67="-",0,IF(G67="DTDB",300000,IF(G67="TTDB",300000,IF(G67="DT1",135000,IF(G67="TT1",135000,IF(G67="DT2",75000,IF(G67="TT2",75000,IF(G67="DT3",45000,45000)))))))) -> 0 | N67: =I67+K67+M67 -> 172500
A68: 61 | B68: 30/12/2024 | C68: Nguyễn Lê Vũ Luân | D68: 22 | F68: Cắt u xương sụn | G68: TT2 | H68: NGUYỆN | I68: =IF(G68="DTDB",420000,IF(G68="TTDB",420000,IF(G68="DT1",187500,IF(G68="TT1",187500,IF(G68="DT2",97500,IF(G68="TT2",97500,IF(G68="DT3",75000,75000))))))) -> 97500 | J68: HƯNG | K68: =IF(G68="DTDB",300000,IF(G68="TTDB",300000,IF(G68="DT1",135000,IF(G68="TT1",135000,IF(G68="DT2",75000,IF(G68="TT2",75000,IF(G68="DT3",45000,45000))))))) -> 75000 | L68: - | M68: =IF(L68="-",0,IF(G68="DTDB",300000,IF(G68="TTDB",300000,IF(G68="DT1",135000,IF(G68="TT1",135000,IF(G68="DT2",75000,IF(G68="TT2",75000,IF(G68="DT3",45000,45000)))))))) -> 0 | N68: =I68+K68+M68 -> 172500
A69: 62 | B69: 31/12/2024 | C69: Cao Minh Lý | D69: 62 | F69: Lấy DC KHX | G69: TT2 | H69: V.TÂN | I69: =IF(G69="DTDB",420000,IF(G69="TTDB",420000,IF(G69="DT1",187500,IF(G69="TT1",187500,IF(G69="DT2",97500,IF(G69="TT2",97500,IF(G69="DT3",75000,75000))))))) -> 97500 | J69: HƯNG | K69: =IF(G69="DTDB",300000,IF(G69="TTDB",300000,IF(G69="DT1",135000,IF(G69="TT1",135000,IF(G69="DT2",75000,IF(G69="TT2",75000,IF(G69="DT3",45000,45000))))))) -> 75000 | L69: - | M69: =IF(L69="-",0,IF(G69="DTDB",300000,IF(G69="TTDB",300000,IF(G69="DT1",135000,IF(G69="TT1",135000,IF(G69="DT2",75000,IF(G69="TT2",75000,IF(G69="DT3",45000,45000)))))))) -> 0 | N69: =I69+K69+M69 -> 172500
A70: 63 | B70: 31/12/2024 | C70: Trần Thị Lan | E70: 55 | F70: PT viêm xương | G70: DT2 | H70: GIÀU | I70: =IF(G70="DTDB",420000,IF(G70="TTDB",420000,IF(G70="DT1",187500,IF(G70="TT1",187500,IF(G70="DT2",97500,IF(G70="TT2",97500,IF(G70="DT3",75000,75000))))))) -> 97500 | J70: LUẬN | K70: =IF(G70="DTDB",300000,IF(G70="TTDB",300000,IF(G70="DT1",135000,IF(G70="TT1",135000,IF(G70="DT2",75000,IF(G70="TT2",75000,IF(G70="DT3",45000,45000))))))) -> 75000 | L70: - | M70: =IF(L70="-",0,IF(G70="DTDB",300000,IF(G70="TTDB",300000,IF(G70="DT1",135000,IF(G70="TT1",135000,IF(G70="DT2",75000,IF(G70="TT2",75000,IF(G70="DT3",45000,45000)))))))) -> 0 | N70: =I70+K70+M70 -> 172500
A71: 64 | B71: 01/01/2025 | C71: Nguyễn Thị Kiệm | E71: 72 | F71: Cắt lọc vết thương mãn tính | G71: DT2 | H71: TOẢN | I71: =IF(G71="DTDB",420000,IF(G71="TTDB",420000,IF(G71="DT1",187500,IF(G71="TT1",187500,IF(G71="DT2",97500,IF(G71="TT2",97500,IF(G71="DT3",75000,75000))))))) -> 97500 | J71: LUẬN | K71: =IF(G71="DTDB",300000,IF(G71="TTDB",300000,IF(G71="DT1",135000,IF(G71="TT1",135000,IF(G71="DT2",75000,IF(G71="TT2",75000,IF(G71="DT3",45000,45000))))))) -> 75000 | L71: - | M71: =IF(L71="-",0,IF(G71="DTDB",300000,IF(G71="TTDB",300000,IF(G71="DT1",135000,IF(G71="TT1",135000,IF(G71="DT2",75000,IF(G71="TT2",75000,IF(G71="DT3",45000,45000)))))))) -> 0 | N71: =I71+K71+M71 -> 172500
A72: 65 | B72: 01/01/2025 | C72: Quách Thị Nghích | E72: 81 | F72: Căt lọc ổ loét mãn tính | G72: DT2 | H72: TOẢN | I72: =IF(G72="DTDB",420000,IF(G72="TTDB",420000,IF(G72="DT1",187500,IF(G72="TT1",187500,IF(G72="DT2",97500,IF(G72="TT2",97500,IF(G72="DT3",75000,75000))))))) -> 97500 | J72: LUẬN | K72: =IF(G72="DTDB",300000,IF(G72="TTDB",300000,IF(G72="DT1",135000,IF(G72="TT1",135000,IF(G72="DT2",75000,IF(G72="TT2",75000,IF(G72="DT3",45000,45000))))))) -> 75000 | L72: - | M72: =IF(L72="-",0,IF(G72="DTDB",300000,IF(G72="TTDB",300000,IF(G72="DT1",135000,IF(G72="TT1",135000,IF(G72="DT2",75000,IF(G72="TT2",75000,IF(G72="DT3",45000,45000)))))))) -> 0 | N72: =I72+K72+M72 -> 172500
A73: 66 | B73: 03/01/2025 | C73: Nguyễn Thị Phương | E73: 57 | F73: Cắt lọc hoại tử ổ loét vết thương mạn tính | G73: DT2 | H73: ĐIỀN | I73: =IF(G73="DTDB",420000,IF(G73="TTDB",420000,IF(G73="DT1",187500,IF(G73="TT1",187500,IF(G73="DT2",97500,IF(G73="TT2",97500,IF(G73="DT3",75000,75000))))))) -> 97500 | J73: KHÉN | K73: =IF(G73="DTDB",300000,IF(G73="TTDB",300000,IF(G73="DT1",135000,IF(G73="TT1",135000,IF(G73="DT2",75000,IF(G73="TT2",75000,IF(G73="DT3",45000,45000))))))) -> 75000 | L73: - | M73: =IF(L73="-",0,IF(G73="DTDB",300000,IF(G73="TTDB",300000,IF(G73="DT1",135000,IF(G73="TT1",135000,IF(G73="DT2",75000,IF(G73="TT2",75000,IF(G73="DT3",45000,45000)))))))) -> 0 | N73: =I73+K73+M73 -> 172500
A74: 67 | B74: 03/01/2025 | C74: Lê Trung Vinh | D74: 26 | F74: PT KHX gãy đài quay | G74: TT2 | H74: NGUYỆN | I74: =IF(G74="DTDB",420000,IF(G74="TTDB",420000,IF(G74="DT1",187500,IF(G74="TT1",187500,IF(G74="DT2",97500,IF(G74="TT2",97500,IF(G74="DT3",75000,75000))))))) -> 97500 | J74: TUẤN | K74: =IF(G74="DTDB",300000,IF(G74="TTDB",300000,IF(G74="DT1",135000,IF(G74="TT1",135000,IF(G74="DT2",75000,IF(G74="TT2",75000,IF(G74="DT3",45000,45000))))))) -> 75000 | L74: - | M74: =IF(L74="-",0,IF(G74="DTDB",300000,IF(G74="TTDB",300000,IF(G74="DT1",135000,IF(G74="TT1",135000,IF(G74="DT2",75000,IF(G74="TT2",75000,IF(G74="DT3",45000,45000)))))))) -> 0 | N74: =I74+K74+M74 -> 172500
A75: 68 | B75: 03/01/2025 | C75: Võ Thị Lòng | E75: 78 | F75: Cắt lọc hoại tử ổ loét vết thương mạn tính | G75: DT2 | H75: ĐIỀN | I75: =IF(G75="DTDB",420000,IF(G75="TTDB",420000,IF(G75="DT1",187500,IF(G75="TT1",187500,IF(G75="DT2",97500,IF(G75="TT2",97500,IF(G75="DT3",75000,75000))))))) -> 97500 | J75: LUẬN | K75: =IF(G75="DTDB",300000,IF(G75="TTDB",300000,IF(G75="DT1",135000,IF(G75="TT1",135000,IF(G75="DT2",75000,IF(G75="TT2",75000,IF(G75="DT3",45000,45000))))))) -> 75000 | L75: - | M75: =IF(L75="-",0,IF(G75="DTDB",300000,IF(G75="TTDB",300000,IF(G75="DT1",135000,IF(G75="TT1",135000,IF(G75="DT2",75000,IF(G75="TT2",75000,IF(G75="DT3",45000,45000)))))))) -> 0 | N75: =I75+K75+M75 -> 172500
A76: 69 | B76: 03/01/2025 | C76: Huỳnh Văn Thực | D76: 83 | F76: Cắt lọc hoại tử ổ loét vết thương mạn tính | G76: DT2 | H76: HOAN | I76: =IF(G76="DTDB",420000,IF(G76="TTDB",420000,IF(G76="DT1",187500,IF(G76="TT1",187500,IF(G76="DT2",97500,IF(G76="TT2",97500,IF(G76="DT3",75000,75000))))))) -> 97500 | J76: THÁI | K76: =IF(G76="DTDB",300000,IF(G76="TTDB",300000,IF(G76="DT1",135000,IF(G76="TT1",135000,IF(G76="DT2",75000,IF(G76="TT2",75000,IF(G76="DT3",45000,45000))))))) -> 75000 | L76: - | M76: =IF(L76="-",0,IF(G76="DTDB",300000,IF(G76="TTDB",300000,IF(G76="DT1",135000,IF(G76="TT1",135000,IF(G76="DT2",75000,IF(G76="TT2",75000,IF(G76="DT3",45000,45000)))))))) -> 0 | N76: =I76+K76+M76 -> 172500
A77: 70 | B77: 03/01/2025 | C77: Đỗ Văn Hiền | D77: 72 | F77: Cắt lọc hoại tử ổ loét vết thương mạn tính | G77: TT2 | H77: ĐIỀN | I77: =IF(G77="DTDB",420000,IF(G77="TTDB",420000,IF(G77="DT1",187500,IF(G77="TT1",187500,IF(G77="DT2",97500,IF(G77="TT2",97500,IF(G77="DT3",75000,75000))))))) -> 97500 | J77: LUẬN | K77: =IF(G77="DTDB",300000,IF(G77="TTDB",300000,IF(G77="DT1",135000,IF(G77="TT1",135000,IF(G77="DT2",75000,IF(G77="TT2",75000,IF(G77="DT3",45000,45000))))))) -> 75000 | L77: - | M77: =IF(L77="-",0,IF(G77="DTDB",300000,IF(G77="TTDB",300000,IF(G77="DT1",135000,IF(G77="TT1",135000,IF(G77="DT2",75000,IF(G77="TT2",75000,IF(G77="DT3",45000,45000)))))))) -> 0 | N77: =I77+K77+M77 -> 172500
A78: 71 | B78: 03/01/2025 | C78: Thạch Thị Phẹnh | E78: 62 | F78: Cắt lọc hoại tử ổ loét vết thương mạn tính | G78: TT2 | H78: ĐIỀN | I78: =IF(G78="DTDB",420000,IF(G78="TTDB",420000,IF(G78="DT1",187500,IF(G78="TT1",187500,IF(G78="DT2",97500,IF(G78="TT2",97500,IF(G78="DT3",75000,75000))))))) -> 97500 | J78: LUẬN | K78: =IF(G78="DTDB",300000,IF(G78="TTDB",300000,IF(G78="DT1",135000,IF(G78="TT1",135000,IF(G78="DT2",75000,IF(G78="TT2",75000,IF(G78="DT3",45000,45000))))))) -> 75000 | L78: - | M78: =IF(L78="-",0,IF(G78="DTDB",300000,IF(G78="TTDB",300000,IF(G78="DT1",135000,IF(G78="TT1",135000,IF(G78="DT2",75000,IF(G78="TT2",75000,IF(G78="DT3",45000,45000)))))))) -> 0 | N78: =I78+K78+M78 -> 172500
A79: 72 | B79: 03/01/2025 | C79: Hà Văn Hiệp | D79: 49 | F79: PT làm sạch ổ khớp | G79: DT2 | H79: NGUYỆN | I79: =IF(G79="DTDB",420000,IF(G79="TTDB",420000,IF(G79="DT1",187500,IF(G79="TT1",187500,IF(G79="DT2",97500,IF(G79="TT2",97500,IF(G79="DT3",75000,75000))))))) -> 97500 | J79: ĐIỀN | K79: =IF(G79="DTDB",300000,IF(G79="TTDB",300000,IF(G79="DT1",135000,IF(G79="TT1",135000,IF(G79="DT2",75000,IF(G79="TT2",75000,IF(G79="DT3",45000,45000))))))) -> 75000 | L79: - | M79: =IF(L79="-",0,IF(G79="DTDB",300000,IF(G79="TTDB",300000,IF(G79="DT1",135000,IF(G79="TT1",135000,IF(G79="DT2",75000,IF(G79="TT2",75000,IF(G79="DT3",45000,45000)))))))) -> 0 | N79: =I79+K79+M79 -> 172500
A80: 73 | B80: 06/01/2025 | C80: Thái Thị Thanh Trúc | E80: 28 | F80: Lấy DC KHX | G80: TT2 | H80: V.TÂN | I80: =IF(G80="DTDB",420000,IF(G80="TTDB",420000,IF(G80="DT1",187500,IF(G80="TT1",187500,IF(G80="DT2",97500,IF(G80="TT2",97500,IF(G80="DT3",75000,75000))))))) -> 97500 | J80: HƯNG | K80: =IF(G80="DTDB",300000,IF(G80="TTDB",300000,IF(G80="DT1",135000,IF(G80="TT1",135000,IF(G80="DT2",75000,IF(G80="TT2",75000,IF(G80="DT3",45000,45000))))))) -> 75000 | L80: - | M80: =IF(L80="-",0,IF(G80="DTDB",300000,IF(G80="TTDB",300000,IF(G80="DT1",135000,IF(G80="TT1",135000,IF(G80="DT2",75000,IF(G80="TT2",75000,IF(G80="DT3",45000,45000)))))))) -> 0 | N80: =I80+K80+M80 -> 172500
A81: 74 | B81: 07/01/2025 | C81: Nguyễn Thị Phương | E81: 57 | F81: Căt lọc ổ loét mãn tính | G81: DT2 | H81: ĐIỀN | I81: =IF(G81="DTDB",420000,IF(G81="TTDB",420000,IF(G81="DT1",187500,IF(G81="TT1",187500,IF(G81="DT2",97500,IF(G81="TT2",97500,IF(G81="DT3",75000,75000))))))) -> 97500 | J81: KHÉN | K81: =IF(G81="DTDB",300000,IF(G81="TTDB",300000,IF(G81="DT1",135000,IF(G81="TT1",135000,IF(G81="DT2",75000,IF(G81="TT2",75000,IF(G81="DT3",45000,45000))))))) -> 75000 | L81: - | M81: =IF(L81="-",0,IF(G81="DTDB",300000,IF(G81="TTDB",300000,IF(G81="DT1",135000,IF(G81="TT1",135000,IF(G81="DT2",75000,IF(G81="TT2",75000,IF(G81="DT3",45000,45000)))))))) -> 0 | N81: =I81+K81+M81 -> 172500
A82: 75 | B82: 07/01/2025 | C82: Võ Thị Lòng | E82: 78 | F82: PT cắt đáy ổ loét mạn tính khâu kín | G82: TT2 | H82: ĐIỀN | I82: =IF(G82="DTDB",420000,IF(G82="TTDB",420000,IF(G82="DT1",187500,IF(G82="TT1",187500,IF(G82="DT2",97500,IF(G82="TT2",97500,IF(G82="DT3",75000,75000))))))) -> 97500 | J82: LUẬN | K82: =IF(G82="DTDB",300000,IF(G82="TTDB",300000,IF(G82="DT1",135000,IF(G82="TT1",135000,IF(G82="DT2",75000,IF(G82="TT2",75000,IF(G82="DT3",45000,45000))))))) -> 75000 | L82: - | M82: =IF(L82="-",0,IF(G82="DTDB",300000,IF(G82="TTDB",300000,IF(G82="DT1",135000,IF(G82="TT1",135000,IF(G82="DT2",75000,IF(G82="TT2",75000,IF(G82="DT3",45000,45000)))))))) -> 0 | N82: =I82+K82+M82 -> 172500
A83: 76 | B83: 08/01/2025 | C83: Quách Thị Nghích | E83: 81 | F83: Cắt lọc hoại tử ổ loét vết thương mạn tính | G83: DT2 | H83: TOẢN | I83: =IF(G83="DTDB",420000,IF(G83="TTDB",420000,IF(G83="DT1",187500,IF(G83="TT1",187500,IF(G83="DT2",97500,IF(G83="TT2",97500,IF(G83="DT3",75000,75000))))))) -> 97500 | J83: LUẬN | K83: =IF(G83="DTDB",300000,IF(G83="TTDB",300000,IF(G83="DT1",135000,IF(G83="TT1",135000,IF(G83="DT2",75000,IF(G83="TT2",75000,IF(G83="DT3",45000,45000))))))) -> 75000 | L83: - | M83: =IF(L83="-",0,IF(G83="DTDB",300000,IF(G83="TTDB",300000,IF(G83="DT1",135000,IF(G83="TT1",135000,IF(G83="DT2",75000,IF(G83="TT2",75000,IF(G83="DT3",45000,45000)))))))) -> 0 | N83: =I83+K83+M83 -> 172500
A84: 77 | B84: 08/01/2025 | C84: Nguyễn Duy | D84: 42 | F84: Lấy dụng cụ KHX | G84: TT2 | H84: NGUYỆN | I84: =IF(G84="DTDB",420000,IF(G84="TTDB",420000,IF(G84="DT1",187500,IF(G84="TT1",187500,IF(G84="DT2",97500,IF(G84="TT2",97500,IF(G84="DT3",75000,75000))))))) -> 97500 | J84: TUẤN | K84: =IF(G84="DTDB",300000,IF(G84="TTDB",300000,IF(G84="DT1",135000,IF(G84="TT1",135000,IF(G84="DT2",75000,IF(G84="TT2",75000,IF(G84="DT3",45000,45000))))))) -> 75000 | L84: - | M84: =IF(L84="-",0,IF(G84="DTDB",300000,IF(G84="TTDB",300000,IF(G84="DT1",135000,IF(G84="TT1",135000,IF(G84="DT2",75000,IF(G84="TT2",75000,IF(G84="DT3",45000,45000)))))))) -> 0 | N84: =I84+K84+M84 -> 172500
A85: 78 | B85: 08/01/2025 | C85: Hà Văn Hiệp | D85: 49 | F85: PT làm sạch ổ khớp | G85: DT2 | H85: NGUYỆN | I85: =IF(G85="DTDB",420000,IF(G85="TTDB",420000,IF(G85="DT1",187500,IF(G85="TT1",187500,IF(G85="DT2",97500,IF(G85="TT2",97500,IF(G85="DT3",75000,75000))))))) -> 97500 | J85: TUẤN | K85: =IF(G85="DTDB",300000,IF(G85="TTDB",300000,IF(G85="DT1",135000,IF(G85="TT1",135000,IF(G85="DT2",75000,IF(G85="TT2",75000,IF(G85="DT3",45000,45000))))))) -> 75000 | L85: - | M85: =IF(L85="-",0,IF(G85="DTDB",300000,IF(G85="TTDB",300000,IF(G85="DT1",135000,IF(G85="TT1",135000,IF(G85="DT2",75000,IF(G85="TT2",75000,IF(G85="DT3",45000,45000)))))))) -> 0 | N85: =I85+K85+M85 -> 172500
A86: 79 | B86: 11/01/2025 | C86: Nguyễn Thị Phương | E86: 57 | F86: PT oor loét mạn tính | G86: DT2 | H86: ĐIỀN | I86: =IF(G86="DTDB",420000,IF(G86="TTDB",420000,IF(G86="DT1",187500,IF(G86="TT1",187500,IF(G86="DT2",97500,IF(G86="TT2",97500,IF(G86="DT3",75000,75000))))))) -> 97500 | J86: TOÀN | K86: =IF(G86="DTDB",300000,IF(G86="TTDB",300000,IF(G86="DT1",135000,IF(G86="TT1",135000,IF(G86="DT2",75000,IF(G86="TT2",75000,IF(G86="DT3",45000,45000))))))) -> 75000 | L86: - | M86: =IF(L86="-",0,IF(G86="DTDB",300000,IF(G86="TTDB",300000,IF(G86="DT1",135000,IF(G86="TT1",135000,IF(G86="DT2",75000,IF(G86="TT2",75000,IF(G86="DT3",45000,45000)))))))) -> 0 | N86: =I86+K86+M86 -> 172500
A87: 80 | B87: 14/01/2025 | C87: Nguyễn Đình Phong | D87: 49 | F87: Lấy DC KHX | G87: TT2 | H87: TẤN | I87: =IF(G87="DTDB",420000,IF(G87="TTDB",420000,IF(G87="DT1",187500,IF(G87="TT1",187500,IF(G87="DT2",97500,IF(G87="TT2",97500,IF(G87="DT3",75000,75000))))))) -> 97500 | J87: NGUYỆN | K87: =IF(G87="DTDB",300000,IF(G87="TTDB",300000,IF(G87="DT1",135000,IF(G87="TT1",135000,IF(G87="DT2",75000,IF(G87="TT2",75000,IF(G87="DT3",45000,45000))))))) -> 75000 | L87: - | M87: =IF(L87="-",0,IF(G87="DTDB",300000,IF(G87="TTDB",300000,IF(G87="DT1",135000,IF(G87="TT1",135000,IF(G87="DT2",75000,IF(G87="TT2",75000,IF(G87="DT3",45000,45000)))))))) -> 0 | N87: =I87+K87+M87 -> 172500
A88: 81 | B88: 14/01/2025 | C88: Quách Thị Nghích | E88: 81 | F88: Cắt lọc hoại tử ổ loét vết thương mạn tính | G88: DT2 | H88: TOẢN | I88: =IF(G88="DTDB",420000,IF(G88="TTDB",420000,IF(G88="DT1",187500,IF(G88="TT1",187500,IF(G88="DT2",97500,IF(G88="TT2",97500,IF(G88="DT3",75000,75000))))))) -> 97500 | J88: TOÀN | K88: =IF(G88="DTDB",300000,IF(G88="TTDB",300000,IF(G88="DT1",135000,IF(G88="TT1",135000,IF(G88="DT2",75000,IF(G88="TT2",75000,IF(G88="DT3",45000,45000))))))) -> 75000 | L88: - | M88: =IF(L88="-",0,IF(G88="DTDB",300000,IF(G88="TTDB",300000,IF(G88="DT1",135000,IF(G88="TT1",135000,IF(G88="DT2",75000,IF(G88="TT2",75000,IF(G88="DT3",45000,45000)))))))) -> 0 | N88: =I88+K88+M88 -> 172500
A89: 82 | B89: 15/01/2025 | C89: Phạm Khánh Băng | E89: 19 | F89: Căt lọc ổ loét mãn tính | G89: TT2 | H89: TOẢN | I89: =IF(G89="DTDB",420000,IF(G89="TTDB",420000,IF(G89="DT1",187500,IF(G89="TT1",187500,IF(G89="DT2",97500,IF(G89="TT2",97500,IF(G89="DT3",75000,75000))))))) -> 97500 | J89: LUẬT | K89: =IF(G89="DTDB",300000,IF(G89="TTDB",300000,IF(G89="DT1",135000,IF(G89="TT1",135000,IF(G89="DT2",75000,IF(G89="TT2",75000,IF(G89="DT3",45000,45000))))))) -> 75000 | L89: - | M89: =IF(L89="-",0,IF(G89="DTDB",300000,IF(G89="TTDB",300000,IF(G89="DT1",135000,IF(G89="TT1",135000,IF(G89="DT2",75000,IF(G89="TT2",75000,IF(G89="DT3",45000,45000)))))))) -> 0 | N89: =I89+K89+M89 -> 172500
A90: 83 | B90: 17/01/2025 | C90: Lê Thanh Tiến Em | D90: 37 | F90: Cắt lọc hoại tử ổ loét vết thương mạn tính | G90: DT2 | H90: GIÀU | I90: =IF(G90="DTDB",420000,IF(G90="TTDB",420000,IF(G90="DT1",187500,IF(G90="TT1",187500,IF(G90="DT2",97500,IF(G90="TT2",97500,IF(G90="DT3",75000,75000))))))) -> 97500 | J90: THÁI | K90: =IF(G90="DTDB",300000,IF(G90="TTDB",300000,IF(G90="DT1",135000,IF(G90="TT1",135000,IF(G90="DT2",75000,IF(G90="TT2",75000,IF(G90="DT3",45000,45000))))))) -> 75000 | L90: - | M90: =IF(L90="-",0,IF(G90="DTDB",300000,IF(G90="TTDB",300000,IF(G90="DT1",135000,IF(G90="TT1",135000,IF(G90="DT2",75000,IF(G90="TT2",75000,IF(G90="DT3",45000,45000)))))))) -> 0 | N90: =I90+K90+M90 -> 172500
A91: 84 | B91: 18/01/2025 | C91: Cao Thị Ba | E91: 75 | F91: Cắt lọc hoại tử ổ loét vết thương mạn tính | G91: DT2 | H91: ĐIỀN | I91: =IF(G91="DTDB",420000,IF(G91="TTDB",420000,IF(G91="DT1",187500,IF(G91="TT1",187500,IF(G91="DT2",97500,IF(G91="TT2",97500,IF(G91="DT3",75000,75000))))))) -> 97500 | J91: KHÉN | K91: =IF(G91="DTDB",300000,IF(G91="TTDB",300000,IF(G91="DT1",135000,IF(G91="TT1",135000,IF(G91="DT2",75000,IF(G91="TT2",75000,IF(G91="DT3",45000,45000))))))) -> 75000 | L91: - | M91: =IF(L91="-",0,IF(G91="DTDB",300000,IF(G91="TTDB",300000,IF(G91="DT1",135000,IF(G91="TT1",135000,IF(G91="DT2",75000,IF(G91="TT2",75000,IF(G91="DT3",45000,45000)))))))) -> 0 | N91: =I91+K91+M91 -> 172500
A92: 85 | B92: 20/01/2025 | C92: Trần Thị Lan | E92: 56 | F92: PT viêm xương | G92: DT2 | H92: GIÀU | I92: =IF(G92="DTDB",420000,IF(G92="TTDB",420000,IF(G92="DT1",187500,IF(G92="TT1",187500,IF(G92="DT2",97500,IF(G92="TT2",97500,IF(G92="DT3",75000,75000))))))) -> 97500 | J92: HƯNG | K92: =IF(G92="DTDB",300000,IF(G92="TTDB",300000,IF(G92="DT1",135000,IF(G92="TT1",135000,IF(G92="DT2",75000,IF(G92="TT2",75000,IF(G92="DT3",45000,45000))))))) -> 75000 | L92: - | M92: =IF(L92="-",0,IF(G92="DTDB",300000,IF(G92="TTDB",300000,IF(G92="DT1",135000,IF(G92="TT1",135000,IF(G92="DT2",75000,IF(G92="TT2",75000,IF(G92="DT3",45000,45000)))))))) -> 0 | N92: =I92+K92+M92 -> 172500
A93: 86 | B93: 21/01/2025 | C93: Cao Thị Ba | E93: 75 | F93: Căt lọc ổ loét mãn tính | G93: DT2 | H93: ĐIỀN | I93: =IF(G93="DTDB",420000,IF(G93="TTDB",420000,IF(G93="DT1",187500,IF(G93="TT1",187500,IF(G93="DT2",97500,IF(G93="TT2",97500,IF(G93="DT3",75000,75000))))))) -> 97500 | J93: TOÀN | K93: =IF(G93="DTDB",300000,IF(G93="TTDB",300000,IF(G93="DT1",135000,IF(G93="TT1",135000,IF(G93="DT2",75000,IF(G93="TT2",75000,IF(G93="DT3",45000,45000))))))) -> 75000 | L93: - | M93: =IF(L93="-",0,IF(G93="DTDB",300000,IF(G93="TTDB",300000,IF(G93="DT1",135000,IF(G93="TT1",135000,IF(G93="DT2",75000,IF(G93="TT2",75000,IF(G93="DT3",45000,45000)))))))) -> 0 | N93: =I93+K93+M93 -> 172500
A94: 87 | B94: 22/01/2025 | C94: Trần Văn Thiện | D94: 21 | F94: Lấy dụng cụ KHX | G94: TT2 | H94: TOẢN | I94: =IF(G94="DTDB",420000,IF(G94="TTDB",420000,IF(G94="DT1",187500,IF(G94="TT1",187500,IF(G94="DT2",97500,IF(G94="TT2",97500,IF(G94="DT3",75000,75000))))))) -> 97500 | J94: TÙNG | K94: =IF(G94="DTDB",300000,IF(G94="TTDB",300000,IF(G94="DT1",135000,IF(G94="TT1",135000,IF(G94="DT2",75000,IF(G94="TT2",75000,IF(G94="DT3",45000,45000))))))) -> 75000 | L94: - | M94: =IF(L94="-",0,IF(G94="DTDB",300000,IF(G94="TTDB",300000,IF(G94="DT1",135000,IF(G94="TT1",135000,IF(G94="DT2",75000,IF(G94="TT2",75000,IF(G94="DT3",45000,45000)))))))) -> 0 | N94: =I94+K94+M94 -> 172500
A95: 88 | B95: 22/01/2025 | C95: Đỗ Văn Dũng | D95: 62 | F95: Cắt lọc hoại tử ổ loét vết thương mạn tính | G95: TT2 | H95: MINH | I95: =IF(G95="DTDB",420000,IF(G95="TTDB",420000,IF(G95="DT1",187500,IF(G95="TT1",187500,IF(G95="DT2",97500,IF(G95="TT2",97500,IF(G95="DT3",75000,75000))))))) -> 97500 | J95: LUẬT | K95: =IF(G95="DTDB",300000,IF(G95="TTDB",300000,IF(G95="DT1",135000,IF(G95="TT1",135000,IF(G95="DT2",75000,IF(G95="TT2",75000,IF(G95="DT3",45000,45000))))))) -> 75000 | L95: - | M95: =IF(L95="-",0,IF(G95="DTDB",300000,IF(G95="TTDB",300000,IF(G95="DT1",135000,IF(G95="TT1",135000,IF(G95="DT2",75000,IF(G95="TT2",75000,IF(G95="DT3",45000,45000)))))))) -> 0 | N95: =I95+K95+M95 -> 172500
A96: 89 | B96: 23/01/2025 | C96: Lê Thanh Tiến Em | D96: 37 | F96: Cắt lọc hoại tử ổ loét vết thương mạn tính | G96: DT2 | H96: GIÀU | I96: =IF(G96="DTDB",420000,IF(G96="TTDB",420000,IF(G96="DT1",187500,IF(G96="TT1",187500,IF(G96="DT2",97500,IF(G96="TT2",97500,IF(G96="DT3",75000,75000))))))) -> 97500 | J96: TÙNG | K96: =IF(G96="DTDB",300000,IF(G96="TTDB",300000,IF(G96="DT1",135000,IF(G96="TT1",135000,IF(G96="DT2",75000,IF(G96="TT2",75000,IF(G96="DT3",45000,45000))))))) -> 75000 | L96: - | M96: =IF(L96="-",0,IF(G96="DTDB",300000,IF(G96="TTDB",300000,IF(G96="DT1",135000,IF(G96="TT1",135000,IF(G96="DT2",75000,IF(G96="TT2",75000,IF(G96="DT3",45000,45000)))))))) -> 0 | N96: =I96+K96+M96 -> 172500
A97: 90 | B97: 23/01/2025 | C97: Võ bạch Tuyết | E97: 65 | F97: PT thương tích phần mềm cơ quan vận động | G97: TT2 | H97: V.TÂN | I97: =IF(G97="DTDB",420000,IF(G97="TTDB",420000,IF(G97="DT1",187500,IF(G97="TT1",187500,IF(G97="DT2",97500,IF(G97="TT2",97500,IF(G97="DT3",75000,75000))))))) -> 97500 | J97: TÙNG | K97: =IF(G97="DTDB",300000,IF(G97="TTDB",300000,IF(G97="DT1",135000,IF(G97="TT1",135000,IF(G97="DT2",75000,IF(G97="TT2",75000,IF(G97="DT3",45000,45000))))))) -> 75000 | L97: - | M97: =IF(L97="-",0,IF(G97="DTDB",300000,IF(G97="TTDB",300000,IF(G97="DT1",135000,IF(G97="TT1",135000,IF(G97="DT2",75000,IF(G97="TT2",75000,IF(G97="DT3",45000,45000)))))))) -> 0 | N97: =I97+K97+M97 -> 172500
A98: 91 | B98: 24/01/2025 | C98: Lê Văn Phước | D98: 52 | F98: Cắt lọc hoại tử ổ loét vết thương mạn tính | G98: TT2 | H98: ĐIỀN | I98: =IF(G98="DTDB",420000,IF(G98="TTDB",420000,IF(G98="DT1",187500,IF(G98="TT1",187500,IF(G98="DT2",97500,IF(G98="TT2",97500,IF(G98="DT3",75000,75000))))))) -> 97500 | J98: TÙNG | K98: =IF(G98="DTDB",300000,IF(G98="TTDB",300000,IF(G98="DT1",135000,IF(G98="TT1",135000,IF(G98="DT2",75000,IF(G98="TT2",75000,IF(G98="DT3",45000,45000))))))) -> 75000 | L98: - | M98: =IF(L98="-",0,IF(G98="DTDB",300000,IF(G98="TTDB",300000,IF(G98="DT1",135000,IF(G98="TT1",135000,IF(G98="DT2",75000,IF(G98="TT2",75000,IF(G98="DT3",45000,45000)))))))) -> 0 | N98: =I98+K98+M98 -> 172500
C99: Tổng cộng | I99: =SUM(I8:I98) -> 19432500 | K99: =SUM(K8:K98) -> 14145000 | M99: =SUM(M8:M98) -> 10695000 | N99: =SUM(N8:N98) -> 44272500
K100: Cần Thơ, ngày 18 tháng 02 năm 2025
B101: Lập bảng | K101: Trưởng khoa
B105: ĐD. Phan Văn Hiếu | K105: ThS. Bs. CKII. Nguyễn Lê Hoan

Sheet lanh tien PT_BHYT
A1: BV TRƯỜNG ĐHYD CẦN THƠ
A2: KHOA NGOẠI CTCH-TK
A3: DANH SÁCH LÃNH TIỀN THÙ LAO THÁNG 1/2025
A4: (BHYT)
A6: STT | B6: HỌ TÊN | C6: CHỨC VỤ | D6: SỐ TÀI KHOẢN | E6: SỐ TIỀN | F6: Thuế 10%
A7: 1 | B7: Phạm Việt Triều | C7: Bác sĩ | D7: 102006610216 | E7: =SUM(SUMIF(phauthuat_BHYT!$H$8:$H$104,"TRIỀU",phauthuat_BHYT!$I$8:$I$104),SUMIF(phauthuat_BHYT!$J$8:$J$104,"TRIỀU",phauthuat_BHYT!$K$8:$K$104),SUMIF(phauthuat_BHYT!$L$8:$L$104,"TRIỀU",phauthuat_BHYT!$M$8:$M$104)) -> 420000
A8: 2 | B8: Nguyễn Thành Tấn | C8: Bác sĩ | D8: 103006610215 | E8: =SUM(SUMIF(phauthuat_BHYT!$H$8:$H$104,"TẤN",phauthuat_BHYT!$I$8:$I$104),SUMIF(phauthuat_BHYT!$J$8:$J$104,"TẤN",phauthuat_BHYT!$K$8:$K$104),SUMIF(phauthuat_BHYT!$L$8:$L$104,"TẤN",phauthuat_BHYT!$M$8:$M$104)) -> 517500
A9: 3 | B9: Nguyễn Lê Hoan | C9: Bác sĩ | D9: 100006610218 | E9: =SUM(SUMIF(phauthuat_BHYT!$H$8:$H$104,"HOAN",phauthuat_BHYT!$I$8:$I$104),SUMIF(phauthuat_BHYT!$J$8:$J$104,"HOAN",phauthuat_BHYT!$K$8:$K$104),SUMIF(phauthuat_BHYT!$L$8:$L$104,"HOAN",phauthuat_BHYT!$M$8:$M$104)) -> 4260000
A10: 4 | B10: Nguyễn Chí Nguyện | C10: Bác sĩ | D10: 105001159195 | E10: =SUM(SUMIF(phauthuat_BHYT!$H$8:$H$104,"NGUYỆN",phauthuat_BHYT!$I$8:$I$104),SUMIF(phauthuat_BHYT!$J$8:$J$104,"NGUYỆN",phauthuat_BHYT!$K$8:$K$104),SUMIF(phauthuat_BHYT!$L$8:$L$104,"NGUYỆN",phauthuat_BHYT!$M$8:$M$104)) -> 6435000
A11: 5 | B11: Hồ Điền | C11: Bác sĩ | D11: 105001225232 | E11: =SUM(SUMIF(phauthuat_BHYT!$H$8:$H$104,"ĐIỀN",phauthuat_BHYT!$I$8:$I$104),SUMIF(phauthuat_BHYT!$J$8:$J$104,"ĐIỀN",phauthuat_BHYT!$K$8:$K$104),SUMIF(phauthuat_BHYT!$L$8:$L$104,"ĐIỀN",phauthuat_BHYT!$M$8:$M$104)) -> 2595000
A12: 6 | B12: Trần Quốc Toản | C12: Bác sĩ | D12: 107868829237 | E12: =SUM(SUMIF(phauthuat_BHYT!$H$8:$H$104,"TOẢN",phauthuat_BHYT!$I$8:$I$104),SUMIF(phauthuat_BHYT!$J$8:$J$104,"TOẢN",phauthuat_BHYT!$K$8:$K$104),SUMIF(phauthuat_BHYT!$L$8:$L$104,"TOẢN",phauthuat_BHYT!$M$8:$M$104)) -> 6105000
A13: 7 | B13: Đặng Phước Giàu | C13: Bác sĩ | D13: 105867664283 | E13: =SUM(SUMIF(phauthuat_BHYT!$H$8:$H$104,"giàu",phauthuat_BHYT!$I$8:$I$104),SUMIF(phauthuat_BHYT!$J$8:$J$104,"giàu",phauthuat_BHYT!$K$8:$K$104),SUMIF(phauthuat_BHYT!$L$8:$L$104,"giàu",phauthuat_BHYT!$M$8:$M$104)) -> 2407500
A14: 8 | B14: Phạm Việt Tân | C14: Bác sĩ | D14: 104000362303 | E14: =SUM(SUMIF(phauthuat_BHYT!$H$8:$H$104,"v.tân",phauthuat_BHYT!$I$8:$I$104),SUMIF(phauthuat_BHYT!$J$8:$J$104,"v.tân",phauthuat_BHYT!$K$8:$K$104),SUMIF(phauthuat_BHYT!$L$8:$L$104,"v.tân",phauthuat_BHYT!$M$8:$M$104)) -> 3097500
A15: 9 | B15: Bùi Công Minh | C15: Bác sĩ | D15: 105003414654 | E15: =SUM(SUMIF(phauthuat_BHYT!$H$8:$H$104,"minh",phauthuat_BHYT!$I$8:$I$104),SUMIF(phauthuat_BHYT!$J$8:$J$104,"minh",phauthuat_BHYT!$K$8:$K$104),SUMIF(phauthuat_BHYT!$L$8:$L$104,"minh",phauthuat_BHYT!$M$8:$M$104)) -> 1005000
A16: 10 | B16: Phan Văn Tuấn | C16: Bác sĩ | E16: =SUM(SUMIF(phauthuat_BHYT!$H$8:$H$104,"TUẤN",phauthuat_BHYT!$I$8:$I$104),SUMIF(phauthuat_BHYT!$J$8:$J$104,"TUẤN",phauthuat_BHYT!$K$8:$K$104),SUMIF(phauthuat_BHYT!$L$8:$L$104,"TUẤN",phauthuat_BHYT!$M$8:$M$104)) -> 7185000
A17: 11 | B17: Huỳnh Quốc Hưng | C17: Bác sĩ (nt) | E17: =SUM(SUMIF(phauthuat_BHYT!$H$8:$H$104,"hưng",phauthuat_BHYT!$I$8:$I$104),SUMIF(phauthuat_BHYT!$J$8:$J$104,"hưng",phauthuat_BHYT!$K$8:$K$104),SUMIF(phauthuat_BHYT!$L$8:$L$104,"hưng",phauthuat_BHYT!$M$8:$M$104)) -> 2535000
A18: 12 | B18: Võ Văn Phúc Toàn | C18: Bác sĩ (nt) | E18: =SUM(SUMIF(phauthuat_BHYT!$H$8:$H$104,"toàn",phauthuat_BHYT!$I$8:$I$104),SUMIF(phauthuat_BHYT!$J$8:$J$104,"toàn",phauthuat_BHYT!$K$8:$K$104),SUMIF(phauthuat_BHYT!$L$8:$L$104,"toàn",phauthuat_BHYT!$M$8:$M$104)) -> 1380000
A19: 13 | B19: Võ Minh Luận | C19: Bác sĩ (nt) | E19: =SUM(SUMIF(phauthuat_BHYT!$H$8:$H$104,"luận",phauthuat_BHYT!$I$8:$I$104),SUMIF(phauthuat_BHYT!$J$8:$J$104,"luận",phauthuat_BHYT!$K$8:$K$104),SUMIF(phauthuat_BHYT!$L$8:$L$104,"luận",phauthuat_BHYT!$M$8:$M$104)) -> 2070000
A20: 14 | B20: Võ Dương Thành Thái | C20: Bác sĩ (nt) | E20: =SUM(SUMIF(phauthuat_BHYT!$H$8:$H$104,"thái",phauthuat_BHYT!$I$8:$I$104),SUMIF(phauthuat_BHYT!$J$8:$J$104,"thái",phauthuat_BHYT!$K$8:$K$104),SUMIF(phauthuat_BHYT!$L$8:$L$104,"thái",phauthuat_BHYT!$M$8:$M$104)) -> 960000
A21: 15 | B21: Lê Đình Tùng | C21: Bác sĩ (nt) | E21: =SUM(SUMIF(phauthuat_BHYT!$H$8:$H$104,"tùng",phauthuat_BHYT!$I$8:$I$104),SUMIF(phauthuat_BHYT!$J$8:$J$104,"tùng",phauthuat_BHYT!$K$8:$K$104),SUMIF(phauthuat_BHYT!$L$8:$L$104,"tùng",phauthuat_BHYT!$M$8:$M$104)) -> 645000
A22: 16 | B22: Văn Minh Khén | C22: Bác sĩ (nt) | E22: =SUM(SUMIF(phauthuat_BHYT!$H$8:$H$104,"khén",phauthuat_BHYT!$I$8:$I$104),SUMIF(phauthuat_BHYT!$J$8:$J$104,"khén",phauthuat_BHYT!$K$8:$K$104),SUMIF(phauthuat_BHYT!$L$8:$L$104,"khén",phauthuat_BHYT!$M$8:$M$104)) -> 1305000
A23: 17 | B23: Phạm Tấn Hưởng | C23: Bác sĩ (nt) | E23: =SUM(SUMIF(phauthuat_BHYT!$H$8:$H$104,"hưởng",phauthuat_BHYT!$I$8:$I$104),SUMIF(phauthuat_BHYT!$J$8:$J$104,"hưởng",phauthuat_BHYT!$K$8:$K$104),SUMIF(phauthuat_BHYT!$L$8:$L$104,"hưởng",phauthuat_BHYT!$M$8:$M$104)) -> 0
A24: 18 | B24: Nguyễn Đông Khang | C24: Bác sĩ (nt) | E24: =SUM(SUMIF(phauthuat_BHYT!$H$8:$H$104,"khang",phauthuat_BHYT!$I$8:$I$104),SUMIF(phauthuat_BHYT!$J$8:$J$104,"khang",phauthuat_BHYT!$K$8:$K$104),SUMIF(phauthuat_BHYT!$L$8:$L$104,"khang",phauthuat_BHYT!$M$8:$M$104)) -> 495000
A25: 19 | B25: Nguyễn Đình Luật | C25: Bác sĩ (nt) | E25: =SUM(SUMIF(phauthuat_BHYT!$H$8:$H$104,"luật",phauthuat_BHYT!$I$8:$I$104),SUMIF(phauthuat_BHYT!$J$8:$J$104,"luật",phauthuat_BHYT!$K$8:$K$104),SUMIF(phauthuat_BHYT!$L$8:$L$104,"luật",phauthuat_BHYT!$M$8:$M$104)) -> 420000
A26: 20 | B26: Võ Long Ẩn | C26: Bác sĩ (nt) | E26: =SUM(SUMIF(phauthuat_BHYT!$H$8:$H$104,"ẩn",phauthuat_BHYT!$I$8:$I$104),SUMIF(phauthuat_BHYT!$J$8:$J$104,"ẩn",phauthuat_BHYT!$K$8:$K$104),SUMIF(phauthuat_BHYT!$L$8:$L$104,"ẩn",phauthuat_BHYT!$M$8:$M$104)) -> 300000
A27: 21 | B27: Nguyễn Xuân Bình | C27: Bác sĩ (nt) | E27: =SUM(SUMIF(phauthuat_BHYT!$H$8:$H$104,"bình",phauthuat_BHYT!$I$8:$I$104),SUMIF(phauthuat_BHYT!$J$8:$J$104,"bình",phauthuat_BHYT!$K$8:$K$104),SUMIF(phauthuat_BHYT!$L$8:$L$104,"bình",phauthuat_BHYT!$M$8:$M$104)) -> 0
A28: 22 | B28: Phạm Doãn Đại Dương | C28: Bác sĩ (nt) | E28: =SUM(SUMIF(phauthuat_BHYT!$H$8:$H$104,"dương",phauthuat_BHYT!$I$8:$I$104),SUMIF(phauthuat_BHYT!$J$8:$J$104,"dương",phauthuat_BHYT!$K$8:$K$104),SUMIF(phauthuat_BHYT!$L$8:$L$104,"dương",phauthuat_BHYT!$M$8:$M$104)) -> 0
A29: 23 | B29: Lê Quốc Khánh | C29: Bác sĩ (nt) | E29: =SUM(SUMIF(phauthuat_BHYT!$H$8:$H$104,"khánh",phauthuat_BHYT!$I$8:$I$104),SUMIF(phauthuat_BHYT!$J$8:$J$104,"khánh",phauthuat_BHYT!$K$8:$K$104),SUMIF(phauthuat_BHYT!$L$8:$L$104,"khánh",phauthuat_BHYT!$M$8:$M$104)) -> 135000
A30: 24 | B30: Lê Cường Thạnh | C30: Bác sĩ (nt) | E30: =SUM(SUMIF(phauthuat_BHYT!$H$8:$H$104,"thạnh",phauthuat_BHYT!$I$8:$I$104),SUMIF(phauthuat_BHYT!$J$8:$J$104,"thạnh",phauthuat_BHYT!$K$8:$K$104),SUMIF(phauthuat_BHYT!$L$8:$L$104,"thạnh",phauthuat_BHYT!$M$8:$M$104)) -> 0
B31: TỔNG CỘNG | E31: =SUM(E7:E30) -> 44272500
D33: Cần Thơ, ngày 18 tháng 12 năm 2024
A34: Người lập bảng | D34: Trưởng khoa
A38: ĐD. Phan Văn Hiếu | D38: ThS.Bs.CKII. Nguyễn Lê Hoan

Sheet Thực lãnh
A1: BV TRƯỜNG ĐHYD CẦN THƠ
A2: KHOA NGOẠI CTCH-TK
A3: DANH SÁCH LÃNH TIỀN THÙ LAO THÁNG 1/2025
A4: (BHYT)
A6: STT | B6: HỌ TÊN | C6: CHỨC VỤ | D6: SỐ TÀI KHOẢN | E6: SỐ TIỀN | F6: SỐ TIỀN | G6: KÝ NHẬN
A7: 1 | B7: Phạm Việt Triều | C7: Bác sĩ | D7: 102006610216 | E7: =SUM(SUMIF(phauthuat_BHYT!$H$8:$H$104,"TRIỀU",phauthuat_BHYT!$I$8:$I$104),SUMIF(phauthuat_BHYT!$J$8:$J$104,"TRIỀU",phauthuat_BHYT!$K$8:$K$104),SUMIF(phauthuat_BHYT!$L$8:$L$104,"TRIỀU",phauthuat_BHYT!$M$8:$M$104)) -> 420000 | F7: =E7 -> 420000
A8: 2 | B8: Nguyễn Thành Tấn | C8: Bác sĩ | D8: 103006610215 | E8: =SUM(SUMIF(phauthuat_BHYT!$H$8:$H$104,"TẤN",phauthuat_BHYT!$I$8:$I$104),SUMIF(phauthuat_BHYT!$J$8:$J$104,"TẤN",phauthuat_BHYT!$K$8:$K$104),SUMIF(phauthuat_BHYT!$L$8:$L$104,"TẤN",phauthuat_BHYT!$M$8:$M$104)) -> 517500 | F8: =E8 -> 517500
A9: 3 | B9: Nguyễn Lê Hoan | C9: Bác sĩ | D9: 100006610218 | E9: =SUM(SUMIF(phauthuat_BHYT!$H$8:$H$104,"HOAN",phauthuat_BHYT!$I$8:$I$104),SUMIF(phauthuat_BHYT!$J$8:$J$104,"HOAN",phauthuat_BHYT!$K$8:$K$104),SUMIF(phauthuat_BHYT!$L$8:$L$104,"HOAN",phauthuat_BHYT!$M$8:$M$104)) -> 4260000 | F9: =E9+I17 -> 11850000
A10: 4 | B10: Nguyễn Chí Nguyện | C10: Bác sĩ | D10: 105001159195 | E10: =SUM(SUMIF(phauthuat_BHYT!$H$8:$H$104,"NGUYỆN",phauthuat_BHYT!$I$8:$I$104),SUMIF(phauthuat_BHYT!$J$8:$J$104,"NGUYỆN",phauthuat_BHYT!$K$8:$K$104),SUMIF(phauthuat_BHYT!$L$8:$L$104,"NGUYỆN",phauthuat_BHYT!$M$8:$M$104)) -> 6435000 | F10: =E10 -> 6435000
A11: 5 | B11: Hồ Điền | C11: Bác sĩ | D11: 105001225232 | E11: =SUM(SUMIF(phauthuat_BHYT!$H$8:$H$104,"ĐIỀN",phauthuat_BHYT!$I$8:$I$104),SUMIF(phauthuat_BHYT!$J$8:$J$104,"ĐIỀN",phauthuat_BHYT!$K$8:$K$104),SUMIF(phauthuat_BHYT!$L$8:$L$104,"ĐIỀN",phauthuat_BHYT!$M$8:$M$104)) -> 2595000 | F11: =E11+I22 -> 5115000
A12: 6 | B12: Trần Quốc Toản | C12: Bác sĩ | D12: 107868829237 | E12: =SUM(SUMIF(phauthuat_BHYT!$H$8:$H$104,"TOẢN",phauthuat_BHYT!$I$8:$I$104),SUMIF(phauthuat_BHYT!$J$8:$J$104,"TOẢN",phauthuat_BHYT!$K$8:$K$104),SUMIF(phauthuat_BHYT!$L$8:$L$104,"TOẢN",phauthuat_BHYT!$M$8:$M$104)) -> 6105000 | F12: =E12 -> 6105000
A13: 7 | B13: Đặng Phước Giàu | C13: Bác sĩ | D13: 105867664283 | E13: =SUM(SUMIF(phauthuat_BHYT!$H$8:$H$104,"giàu",phauthuat_BHYT!$I$8:$I$104),SUMIF(phauthuat_BHYT!$J$8:$J$104,"giàu",phauthuat_BHYT!$K$8:$K$104),SUMIF(phauthuat_BHYT!$L$8:$L$104,"giàu",phauthuat_BHYT!$M$8:$M$104)) -> 2407500 | F13: =E13+I27 -> 2542500
A14: 8 | B14: Phạm Việt Tân | C14: Bác sĩ | D14: 104000362303 | F14: ='lanh tien PT_BHYT'!E14 -> 3097500
A15: 9 | B15: Bùi Công Minh | C15: Bác sĩ | D15: 105003414654 | F15: ='lanh tien PT_BHYT'!E15 -> 1005000
A16: 10 | B16: Phan Văn Tuấn | C16: Bác sĩ | D16: 105872433048 | F16: ='lanh tien PT_BHYT'!E16 -> 7185000
A17: 22 | B17: Huỳnh Quốc Hưng | C17: Bác sĩ (nt) | H17: BS.HOAN | I17: =SUM('lanh tien PT_BHYT'!E17:E21) -> 7590000
A18: 23 | B18: Võ Văn Phúc Toàn | C18: Bác sĩ (nt)
A19: 24 | B19: Võ Minh Luận | C19: Bác sĩ (nt)
A20: 25 | B20: Võ Dương Thành Thái | C20: Bác sĩ (nt)
A21: 26 | B21: Lê Đình Tùng | C21: Bác sĩ (nt)
A22: 27 | B22: Văn Minh Khén | C22: Bác sĩ (nt) | H22: BS.ĐIỀN | I22: =SUM('lanh tien PT_BHYT'!E22:E26) -> 2520000
A23: 28 | B23: Phạm Tấn Hưởng | C23: Bác sĩ (nt)
A24: 29 | B24: Nguyễn Đông Khang | C24: Bác sĩ (nt)
A25: 29 | B25: Nguyễn Đình Luật | C25: Bác sĩ (nt)
A26: 30 | B26: Võ Long Ẩn | C26: Bác sĩ (nt)
A27: 31 | B27: Nguyễn Xuân Bình | C27: Bác sĩ (nt) | H27: BS.GIÀU | I27: =SUM('lanh tien PT_BHYT'!E27:E30) -> 135000
A28: 32 | B28: Phạm Doãn Đại Dương | C28: Bác sĩ (nt)
A29: 33 | B29: Lê Quốc Khánh | C29: Bác sĩ (nt)
A30: 34 | B30: Lê Cường Thạnh | C30: Bác sĩ (nt)
B31: TỔNG CỘNG | E31: =SUM(E7:E16) -> 22740000 | F31: =SUM(F7:F30) -> 44272500
D33: Cần Thơ, ngày 18 tháng 02 năm 2025
A34: Người lập bảng | D34: Trưởng khoa
A38: ĐD. Phan Văn Hiếu | D38: ThS.Bs.CKII. Nguyễn Lê Hoan

Sheet thu thuat
B1: BV TRƯỜNG ĐHYD CẦN THƠ
B2: KHOA NGOẠI CTCH-TK
B3: BẢNG KÊ TIỀN TIỂU THỦ THUẬT
B4: (THÁNG 1/2025)
B5: STT | C5: NGÀY | D5: TÊN BỆNH NHÂN | E5: TUỔI | F5: PHƯƠNG PHÁP THỦ THUẬT | G5: SỐ LẦN | H5: TỔNG THU | I5: THỰC LÃNH
B7: 1 | C7: 15/01/2025 | D7: NGUYỄN ĐÌNH PHONG | E7: 49 Tuổi | F7: Thay băng, cắt chỉ vết mổ [chiều dài ≤ 15cm] | G7: 1 | H7: 100000 | I7: =H7*25%*75% -> 18750
B8: 2 | C8: 06/01/2025 | D8: NGUYỄN THỊ NGỌC BÍCH | E8: 49 Tuổi | F8: Thay băng, cắt chỉ vết mổ | G8: 1 | H8: 100000 | I8: =H8*25%*75% -> 18750
B9: 3 | C9: 24/01/2025 | D9: CAO THỊ BA | E9: 75 Tuổi | F9: Thay băng, cắt chỉ vết mổ [chiều dài ≤ 15cm] | G9: 5 | H9: 500000 | I9: =H9*25%*75% -> 93750
B10: 4 | C10: 09/01/2025 | D10: TRẦN VĂN PHỤNG | E10: 54 Tuổi | F10: Truyền tĩnh mạch | G10: 10 | H10: 1000000 | I10: =H10*25%*75% -> 187500
B11: 5 | C11: 17/01/2025 | D11: HÀ VĂN HIỆP | E11: 49 Tuổi | F11: Cắt chỉ sau phẫu thuật | G11: 1 | H11: 100000 | I11: =H11*25%*75% -> 18750
B12: 6 | C12: 25/01/2025 | D12: LÊ VĂN PHƯỚC | E12: 52 Tuổi | F12: Thay băng, cắt chỉ vết mổ | G12: 1 | H12: 100000 | I12: =H12*25%*75% -> 18750
B13: 7 | C13: 15/01/2025 | D13: TRẦN THỊ TƯ | E13: 79 Tuổi | F13: Thay băng, cắt chỉ vết mổ [chiều dài ≤ 15cm] | G13: 5 | H13: 500000 | I13: =H13*25%*75% -> 93750
B14: 8 | C14: 06/01/2025 | D14: LA QUANG ĐẠO | E14: 38 Tuổi | F14: Thay băng, cắt chỉ vết mổ [chiều dài ≤ 15cm] | G14: 6 | H14: 600000 | I14: =H14*25%*75% -> 112500
B15: 9 | C15: 07/01/2025 | D15: THÁI THỊ THANH TRÚC | E15: 28 Tuổi | F15: Truyền tĩnh mạch | G15: 2 | H15: 200000 | I15: =H15*25%*75% -> 37500
B16: 10 | C16: 04/01/2025 | D16: HÀ MINH HUY | E16: 61 Tuổi | F16: Truyền tĩnh mạch | G16: 1 | H16: 100000 | I16: =H16*25%*75% -> 18750
B17: 11 | C17: 02/01/2025 | D17: TRỊNH AN NHIÊN | E17: 6 Tuổi | F17: Tháo bột (trung bình) | G17: 1 | H17: 200000 | I17: =H17*25%*75% -> 37500
B18: 12 | C18: 20/01/2025 | D18: NGÔ THỊ HUỲNH MAI | E18: 62 Tuổi | F18: Tháo bột (nhỏ) | G18: 1 | H18: 100000 | I18: =H18*25%*75% -> 18750
... B283: 277 | C283: 06/01/2025 | D283: LA QUANG ĐẠO | E283: 38 Tuổi | F283: Nẹp bột các loại, không nắn (loại 2) | G283: 1 | H283: 300000 | I283: =H283*25%*75% -> 56250
B284: 278 | C284: 20/01/2025 | D284: QUÁCH THỊ NGHÍCH | E284: 81 Tuổi | F284: Xét nghiệm đường máu mao mạch tại giường (một lần) | G284: 8 | H284: 128000 | I284: =H284*21.25% -> 27200
B285: 279 | C285: 20/01/2025 | D285: QUÁCH THỊ NGHÍCH | E285: 81 Tuổi | F285: Xét nghiệm đường máu mao mạch tại giường (một lần) | G285: 4 | H285: 64000 | I285: =H285*21.25% -> 13600
B286: 280 | C286: 20/01/2025 | D286: QUÁCH THỊ NGHÍCH | E286: 81 Tuổi | F286: Xét nghiệm đường máu mao mạch tại giường (một lần) | G286: 8 | H286: 128000 | I286: =H286*21.25% -> 27200
B287: 281 | C287: 20/01/2025 | D287: QUÁCH THỊ NGHÍCH | E287: 81 Tuổi | F287: Xét nghiệm đường máu mao mạch tại giường (một lần) | G287: 8 | H287: 128000 | I287: =H287*21.25% -> 27200
B288: 282 | C288: 14/01/2025 | D288: LÊ VĂN ĐẠT | E288: 84 Tuổi | F288: Xét nghiệm đường máu mao mạch tại giường (một lần) | G288: 2 | H288: 32000 | I288: =H288*21.25% -> 6800
B289: 283 | C289: 20/01/2025 | D289: QUÁCH THỊ NGHÍCH | E289: 81 Tuổi | F289: Xét nghiệm đường máu mao mạch tại giường (một lần) | G289: 4 | H289: 64000 | I289: =H289*21.25% -> 13600
B290: 284 | C290: 20/01/2025 | D290: QUÁCH THỊ NGHÍCH | E290: 81 Tuổi | F290: Xét nghiệm đường máu mao mạch tại giường (một lần) | G290: 6 | H290: 96000 | I290: =H290*21.25% -> 20400
B291: 285 | C291: 14/01/2025 | D291: LÊ VĂN ĐẠT | E291: 84 Tuổi | F291: Xét nghiệm đường máu mao mạch tại giường (một lần) | G291: 2 | H291: 32000 | I291: =H291*21.25% -> 6800
B292: 286 | C292: 14/01/2025 | D292: LÊ VĂN ĐẠT | E292: 84 Tuổi | F292: Xét nghiệm đường máu mao mạch tại giường (một lần) | G292: 3 | H292: 48000 | I292: =H292*21.25% -> 10200
B293: 287 | C293: 03/01/2025 | D293: NGUYỄN KIM TUYẾT | E293: 78 Tuổi | F293: Xét nghiệm đường máu mao mạch tại giường (một lần) | G293: 1 | H293: 16000 | I293: =H293*21.25% -> 3400
B294: 288 | C294: 07/01/2025 | D294: ĐẶNG THỊ RA | E294: 69 Tuổi | F294: Xét nghiệm đường máu mao mạch tại giường (một lần) | G294: 2 | H294: 32000 | I294: =H294*21.25% -> 6800
B295: 289 | C295: 24/01/2025 | D295: CAO THỊ BA | E295: 75 Tuổi | F295: Xét nghiệm đường máu mao mạch tại giường (một lần) | G295: 5 | H295: 80000 | I295: =H295*21.25% -> 17000
... B397: 391 | C397: 03/01/2025 | D397: NGUYỄN KIM TUYẾT | E397: 78 Tuổi | F397: Xét nghiệm đường máu mao mạch tại giường (một lần) | G397: 1 | H397: 16000 | I397: =H397*21.25% -> 3400
D398: Tổng Cộng | G398: =SUBTOTAL(9,G7:G397) -> 1284 | H398: =SUBTOTAL(9,H7:H397) -> 111164500 | I398: =SUBTOTAL(9,I7:I397) -> 21044519
F399: Cần Thơ, ngày 18 tháng 02 năm 2025
B400: Lập bảng | F400: Trưởng Khoa
B404: ĐD. Phan Văn Hiếu | F404: ThS. Bs. CKII. Nguyễn Lê Hoan

Sheet lanh tien thu thuat
A1: BV TRƯỜNG ĐHYD CẦN THƠ
A2: KHOA NGOẠI CTCH-TK
B3: DANH SÁCH LÃNH TIỀN THÙ LAO THÁNG 1/2025
C4: (thủ thuật)
A6: STT | B6: HỌ TÊN | C6: chức vụ | D6: SỐ TIỀN | E6: KÝ NHẬN
A7: 1 | B7: Phan Văn Hiếu | C7: Điều dưỡng | D7: ='thu thuat'!I398/8 -> 2630564.8 | F7: 19.5
A8: 2 | B8: Võ Thị Yến Nhi | C8: Điều dưỡng | D8: =D7 -> 2630564.8 | F8: 19.5
A9: 3 | B9: Võ Phương Duy | C9: Điều dưỡng | D9: =D8 -> 2630564.8
A10: 4 | B10: Nguyễn Kim Ngân | C10: Điều dưỡng | D10: =D9 -> 2630564.8
A11: 5 | B11: Lê Ngọc Diệu | C11: Điều dưỡng | D11: =D10 -> 2630564.8
A12: 6 | B12: Trần Quỳnh Minh Thư | C12: Điều dưỡng | D12: =D11 -> 2630564.8
A13: 7 | B13: Lê Thị Tuyết Đoan | C13: Điều dưỡng | D13: =D12 -> 2630564.8
A14: 8 | B14: Thạch Thị Thúy Đa | C14: Điều dưỡng | D14: =D13 -> 2630564.8
B15: TỔNG CỘNG | D15: =SUM(D7:D14) -> 21044519 | F15: =SUM(F7:F8) -> 39
D17: Cần Thơ, ngày 18 tháng 12 năm 2024
A18: Người lập bảng | D18: Trưởng khoa

Sheet tieuphau
A1: BV TRƯỜNG ĐHYD CẦN THƠ
A2: KHOA NGOẠI CTCH - TK
A3: BẢNG KÊ TIỀN TIỂU PHẪU
A4: THÁNG 1 NĂM 2025
A6: STT | B6: Ngày | C6: Họ Tên BN | D6: Tuổi | E6: Phương pháp PT | F6: Giá Tiền | G6: Bác Sĩ | H6: Số Tiền | I6: Điều Dưỡng | J6: Số Tiền | K6: Thực Lãnh
A7: 1 | B7: 02/01/2025 | C7: HỒ THỊ HƠN | D7: 45 Tuổi | E7: Tiêm gân Dequervein | F7: 300000 | G7: HOAN | H7: =K7-J7 -> 60000 | I7: ĐD | J7: =F7*0.05 -> 15000 | K7: =IF(G7="NGUYỆN",F7*25%*75%,IF(G7="TOẢN",F7*25%*75%,IF(G7="V.TÂN",F7*25%*75%,F7*0.25))) -> 75000
A8: 2 | B8: 02/01/2025 | C8: LÊ THỊ THÌ | D8: 85 Tuổi | E8: Tiêm khớp gối | F8: 384000 | G8: HOAN | H8: =K8-J8 -> 76800 | I8: ĐD | J8: =F8*0.05 -> 19200 | K8: =IF(G8="NGUYỆN",F8*25%*75%,IF(G8="TOẢN",F8*25%*75%,IF(G8="V.TÂN",F8*25%*75%,F8*0.25))) -> 96000
A9: 3 | B9: 02/01/2025 | C9: LÊ THỊ KIM KHÁNH | D9: 29 Tuổi | E9: Khâu vết thương phần mềm sâu dài > 5 cm | F9: 1500000 | G9: HOAN | H9: =K9-J9 -> 300000 | I9: ĐD | J9: =F9*0.05 -> 75000 | K9: =IF(G9="NGUYỆN",F9*25%*75%,IF(G9="TOẢN",F9*25%*75%,IF(G9="V.TÂN",F9*25%*75%,F9*0.25))) -> 375000
A10: 4 | B10: 03/01/2025 | C10: DƯƠNG THỊ ÁNH XUÂN | D10: 36 Tuổi | E10: Tiêm gân lồi cầu cánh tay trong/ngoài | F10: 300000 | G10: GIÀU | H10: =K10-J10 -> 60000 | I10: ĐD | J10: =F10*0.05 -> 15000 | K10: =IF(G10="NGUYỆN",F10*25%*75%,IF(G10="TOẢN",F10*25%*75%,IF(G10="V.TÂN",F10*25%*75%,F10*0.25))) -> 75000
A11: 5 | B11: 03/01/2025 | C11: TRẦN THỊ CÚC | D11: 62 Tuổi | E11: Tiêm gân trên gai (dưới gai, gân bao xoay khớp vai) | F11: 104400 | G11: GIÀU | H11: =K11-J11 -> 20880 | I11: ĐD | J11: =F11*0.05 -> 5220 | K11: =IF(G11="NGUYỆN",F11*25%*75%,IF(G11="TOẢN",F11*25%*75%,IF(G11="V.TÂN",F11*25%*75%,F11*0.25))) -> 26100
A12: 6 | B12: 06/01/2025 | C12: TRẦN KHỞI NGHĨA | D12: 62 Tuổi | E12: Tiêm gân lồi cầu cánh tay trong/ngoài | F12: 300000 | G12: TRIỀU | H12: =K12-J12 -> 60000 | I12: ĐD | J12: =F12*0.05 -> 15000 | K12: =IF(G12="NGUYỆN",F12*25%*75%,IF(G12="TOẢN",F12*25%*75%,IF(G12="V.TÂN",F12*25%*75%,F12*0.25))) -> 75000
A13: 7 | B13: 06/01/2025 | C13: LÊ THANH HÙNG | D13: 75 Tuổi | E13: Tiêm khớp cổ tay | F13: 384000 | G13: TRIỀU | H13: =K13-J13 -> 76800 | I13: ĐD | J13: =F13*0.05 -> 19200 | K13: =IF(G13="NGUYỆN",F13*25%*75%,IF(G13="TOẢN",F13*25%*75%,IF(G13="V.TÂN",F13*25%*75%,F13*0.25))) -> 96000
A14: 8 | B14: 06/01/2025 | C14: PHẠM HỒNG TRANG | D14: 35 Tuổi | E14: Tiêm gân duỗi ngón tay | F14: 300000 | G14: TRIỀU | H14: =K14-J14 -> 60000 | I14: ĐD | J14: =F14*0.05 -> 15000 | K14: =IF(G14="NGUYỆN",F14*25%*75%,IF(G14="TOẢN",F14*25%*75%,IF(G14="V.TÂN",F14*25%*75%,F14*0.25))) -> 75000
A15: 9 | B15: 06/01/2025 | C15: HUỲNH THỊ THÔI | D15: 64 Tuổi | E15: Tiêm gân duỗi ngón tay | F15: 300000 | G15: TRIỀU | H15: =K15-J15 -> 60000 | I15: ĐD | J15: =F15*0.05 -> 15000 | K15: =IF(G15="NGUYỆN",F15*25%*75%,IF(G15="TOẢN",F15*25%*75%,IF(G15="V.TÂN",F15*25%*75%,F15*0.25))) -> 75000
A16: 10 | B16: 07/01/2025 | C16: NGUYỄN THỊ MỐI | D16: 60 Tuổi | E16: Tiêm gân Dequervein | F16: 300000 | G16: TOẢN | H16: =K16-J16 -> 41250 | I16: ĐD | J16: =F16*0.05 -> 15000 | K16: =IF(G16="NGUYỆN",F16*25%*75%,IF(G16="TOẢN",F16*25%*75%,IF(G16="V.TÂN",F16*25%*75%,F16*0.25))) -> 56250
A17: 11 | B17: 07/01/2025 | C17: ĐOÀN HỮU PHÚC | D17: 51 Tuổi | E17: Hút ổ viêm/áp xe phần mềm | F17: 126700 | G17: NGUYỆN | H17: =K17-J17 -> 17421.25 | I17: ĐD | J17: =F17*0.05 -> 6335 | K17: =IF(G17="NGUYỆN",F17*25%*75%,IF(G17="TOẢN",F17*25%*75%,IF(G17="V.TÂN",F17*25%*75%,F17*0.25))) -> 23756.25
A18: 12 | B18: 07/01/2025 | C18: LÊ VĂN ĐẢNH | D18: 65 Tuổi | E18: Chích rạch nhọt, Apxe nhỏ dẫn lưu | F18: 500000 | G18: TOẢN | H18: =K18-J18 -> 68750 | I18: ĐD | J18: =F18*0.05 -> 25000 | K18: =IF(G18="NGUYỆN",F18*25%*75%,IF(G18="TOẢN",F18*25%*75%,IF(G18="V.TÂN",F18*25%*75%,F18*0.25))) -> 93750
... A28: 22 | B28: 16/01/2025 | C28: NGUYỄN DUY HẠO | D28: 19 Tuổi | E28: Hút ổ viêm/áp xe phần mềm | F28: 418000 | G28: HOAN | H28: =K28-J28 -> 83600 | I28: ĐD | J28: =F28*0.05 -> 20900 | K28: =IF(G28="NGUYỆN",F28*25%*75%,IF(G28="TOẢN",F28*25%*75%,IF(G28="V.TÂN",F28*25%*75%,F28*0.25))) -> 104500
A29: 23 | B29: 17/01/2025 | C29: TẠ NGỌC LỢI | D29: 75 Tuổi | E29: Tiêm gân trên gai (dưới gai, gân bao xoay khớp vai) | F29: 104400 | G29: GIÀU | H29: =K29-J29 -> 15660 | I29: ĐD | J29: =F29*0.1 -> 10440 | K29: =IF(G29="NGUYỆN",F29*25%*75%,IF(G29="TOẢN",F29*25%*75%,IF(G29="V.TÂN",F29*25%*75%,F29*0.25))) -> 26100
A30: 24 | B30: 20/01/2025 | C30: TRẦN THANH HƯƠNG | D30: 53 Tuổi | E30: Tiêm khớp gối | F30: 104400 | G30: TÚ | H30: =K30-J30 -> 20880 | I30: ĐD | J30: =F30*0.05 -> 5220 | K30: =IF(G30="NGUYỆN",F30*25%*75%,IF(G30="TOẢN",F30*25%*75%,IF(G30="V.TÂN",F30*25%*75%,F30*0.25))) -> 26100
A31: 25 | B31: 20/01/2025 | C31: NGUYỄN THỊ BÍCH HUYỀN | D31: 40 Tuổi | E31: Tiêm gân lồi cầu cánh tay trong/ngoài | F31: 300000 | G31: TRIỀU | H31: =K31-J31 -> 60000 | I31: ĐD | J31: =F31*0.05 -> 15000 | K31: =IF(G31="NGUYỆN",F31*25%*75%,IF(G31="TOẢN",F31*25%*75%,IF(G31="V.TÂN",F31*25%*75%,F31*0.25))) -> 75000
A32: 26 | B32: 20/01/2025 | C32: BÀNH DIỆU TÂM | D32: 52 Tuổi | E32: Tiêm gân duỗi ngón tay | F32: 300000 | G32: TRIỀU | H32: =K32-J32 -> 60000 | I32: ĐD | J32: =F32*0.05 -> 15000 | K32: =IF(G32="NGUYỆN",F32*25%*75%,IF(G32="TOẢN",F32*25%*75%,IF(G32="V.TÂN",F32*25%*75%,F32*0.25))) -> 75000
A33: 27 | B33: 22/01/2025 | C33: NGUYỄN THỊ THANH HƯƠNG | D33: 25 Tuổi | E33: Hút ổ viêm/áp xe phần mềm | F33: 126700 | G33: MINH | H33: =K33-J33 -> 25340 | I33: ĐD | J33: =F33*0.05 -> 6335 | K33: =IF(G33="NGUYỆN",F33*25%*75%,IF(G33="TOẢN",F33*25%*75%,IF(G33="V.TÂN",F33*25%*75%,F33*0.25))) -> 31675
A34: 28 | B34: 22/01/2025 | C34: ĐỖ QUỐC TOÀN | D34: 45 Tuổi | E34: Hút ổ viêm/áp xe phần mềm | F34: 418000 | G34: MINH | H34: =K34-J34 -> 83600 | I34: ĐD | J34: =F34*0.05 -> 20900 | K34: =IF(G34="NGUYỆN",F34*25%*75%,IF(G34="TOẢN",F34*25%*75%,IF(G34="V.TÂN",F34*25%*75%,F34*0.25))) -> 104500
A35: 29 | B35: 22/01/2025 | C35: LÊ CHÍ QUANG | D35: 31 Tuổi | E35: Hút ổ viêm/áp xe phần mềm | F35: 418000 | G35: MINH | H35: =K35-J35 -> 83600 | I35: ĐD | J35: =F35*0.05 -> 20900 | K35: =IF(G35="NGUYỆN",F35*25%*75%,IF(G35="TOẢN",F35*25%*75%,IF(G35="V.TÂN",F35*25%*75%,F35*0.25))) -> 104500
A36: 30 | B36: 22/01/2025 | C36: VÕ THỊ MỸ TIÊN | D36: 54 Tuổi | E36: Hút ổ viêm/áp xe phần mềm | F36: 126700 | G36: MINH | H36: =K36-J36 -> 25340 | I36: ĐD | J36: =F36*0.05 -> 6335 | K36: =IF(G36="NGUYỆN",F36*25%*75%,IF(G36="TOẢN",F36*25%*75%,IF(G36="V.TÂN",F36*25%*75%,F36*0.25))) -> 31675
A37: 31 | B37: 24/01/2025 | C37: PHAN THỊ KIM THOA | D37: 54 Tuổi | E37: Tiêm gân gấp ngón tay | F37: 104400 | G37: GIÀU | H37: =K37-J37 -> 20880 | I37: ĐD | J37: =F37*0.05 -> 5220 | K37: =IF(G37="NGUYỆN",F37*25%*75%,IF(G37="TOẢN",F37*25%*75%,IF(G37="V.TÂN",F37*25%*75%,F37*0.25))) -> 26100
A38: 32 | B38: 02/01/2025 | C38: NGUYỄN THỊ SUỐI | D38: 52 Tuổi | E38: Phẫu thuật điều trị bệnh DE QUER VAIN và ngón tay cò súng | F38: 3261000 | G38: HOAN | H38: =K38-J38 -> 652200 | I38: ĐD | J38: =F38*0.05 -> 163050 | K38: =IF(G38="NGUYỆN",F38*25%*75%,IF(G38="TOẢN",F38*25%*75%,IF(G38="V.TÂN",F38*25%*75%,F38*0.25))) -> 815250
A39: 33 | B39: 02/01/2025 | C39: HUỲNH THỊ KHẢI | D39: 81 Tuổi | E39: Phẫu thuật điều trị hội chứng ống cổ tay | F39: 4000000 | G39: HOAN | H39: =K39-J39 -> 800000 | I39: ĐD | J39: =F39*0.05 -> 200000 | K39: =IF(G39="NGUYỆN",F39*25%*75%,IF(G39="TOẢN",F39*25%*75%,IF(G39="V.TÂN",F39*25%*75%,F39*0.25))) -> 1000000
A40: 34 | B40: 06/01/2025 | C40: TRẦN THỊ KIM LIÊN | D40: 68 Tuổi | E40: Phẫu thuật điều trị ngón tay cò súng (1 ngón) | F40: 1000000 | G40: TRIỀU | H40: =K40-J40 -> 200000 | I40: ĐD | J40: =F40*0.05 -> 50000 | K40: =IF(G40="NGUYỆN",F40*25%*75%,IF(G40="TOẢN",F40*25%*75%,IF(G40="V.TÂN",F40*25%*75%,F40*0.25))) -> 250000
A41: 35 | B41: 08/01/2025 | C41: Nguyễn Thành Được | D41: 64 | E41: Nắn trật khớp háng | F41: 667000 | G41: TOẢN | H41: =K41-J41 -> 91712.5 | I41: ĐD | J41: =F41*0.05 -> 33350 | K41: =IF(G41="NGUYỆN",F41*25%*75%,IF(G41="TOẢN",F41*25%*75%,IF(G41="V.TÂN",F41*25%*75%,F41*0.25))) -> 125062.5
A42: 36 | B42: 08/01/2025 | C42: NGUYỄN BÁC ÁI | D42: 74 Tuổi | E42: Phẫu thuật điều trị ngón tay cò súng (1 ngón) | F42: 1000000 | G42: NGUYỆN | H42: =K42-J42 -> 137500 | I42: ĐD | J42: =F42*0.05 -> 50000 | K42: =IF(G42="NGUYỆN",F42*25%*75%,IF(G42="TOẢN",F42*25%*75%,IF(G42="V.TÂN",F42*25%*75%,F42*0.25))) -> 187500
A43: 37 | B43: 10/01/2025 | C43: Nguyễn Văn Lâm | D43: 64 | E43: Nắn trật khơp vai | F43: 600000 | G43: GIÀU | H43: =K43-J43 -> 120000 | I43: ĐD | J43: =F43*0.05 -> 30000 | K43: =IF(G43="NGUYỆN",F43*25%*75%,IF(G43="TOẢN",F43*25%*75%,IF(G43="V.TÂN",F43*25%*75%,F43*0.25))) -> 150000
A44: 38 | B44: 15/01/2025 | C44: BÙI THỊ TÚ | D44: 50 Tuổi | E44: Phẫu thuật điều trị ngón tay cò súng (1 ngón) | F44: 1000000 | G44: TÚ | H44: =K44-J44 -> 200000 | I44: ĐD | J44: =F44*0.05 -> 50000 | K44: =IF(G44="NGUYỆN",F44*25%*75%,IF(G44="TOẢN",F44*25%*75%,IF(G44="V.TÂN",F44*25%*75%,F44*0.25))) -> 250000
A45: 39 | B45: 21/01/2025 | C45: LA THỊ HỒNG NHUNG | D45: 32 Tuổi | E45: Phẫu thuật điều trị hội chứng ống cổ tay | F45: 4000000 | G45: HOAN | H45: =K45-J45 -> 800000 | I45: ĐD | J45: =F45*0.05 -> 200000 | K45: =IF(G45="NGUYỆN",F45*25%*75%,IF(G45="TOẢN",F45*25%*75%,IF(G45="V.TÂN",F45*25%*75%,F45*0.25))) -> 1000000
A46: 40 | B46: 21/01/2025 | C46: LA THỊ HỒNG NHUNG | D46: 32 Tuổi | E46: Phẫu thuật điều trị hội chứng ống cổ tay | F46: 2000000 | G46: HOAN | H46: =K46-J46 -> 400000 | I46: ĐD | J46: =F46*0.05 -> 100000 | K46: =IF(G46="NGUYỆN",F46*25%*75%,IF(G46="TOẢN",F46*25%*75%,IF(G46="V.TÂN",F46*25%*75%,F46*0.25))) -> 500000
A47: 41 | B47: 21/01/2025 | C47: TRẦN THỊ TUYỀN | D47: 37 Tuổi | E47: Cắt u lành phần mềm đường kính dưới 10 cm | F47: 3000000 | G47: NGUYỆN | H47: =K47-J47 -> 412500 | I47: ĐD | J47: =F47*0.05 -> 150000 | K47: =IF(G47="NGUYỆN",F47*25%*75%,IF(G47="TOẢN",F47*25%*75%,IF(G47="V.TÂN",F47*25%*75%,F47*0.25))) -> 562500
A48: 42 | B48: 23/01/2025 | C48: NGUYỄN THỊ THANH LOAN | D48: 58 Tuổi | E48: Phẫu thuật điều trị bệnh DE QUER VAIN và ngón tay cò súng [gây tê] | F48: 3261000 | G48: HOAN | H48: =K48-J48 -> 652200 | I48: ĐD | J48: =F48*0.05 -> 163050 | K48: =IF(G48="NGUYỆN",F48*25%*75%,IF(G48="TOẢN",F48*25%*75%,IF(G48="V.TÂN",F48*25%*75%,F48*0.25))) -> 815250
A49: 43 | B49: 24/01/2025 | C49: NGUYỄN THU NĂM | D49: 66 Tuổi | E49: Phẫu thuật điều trị ngón tay cò súng (1 ngón) | F49: 1000000 | G49: V.TÂN | H49: =K49-J49 -> 137500 | I49: ĐD | J49: =F49*0.05 -> 50000 | K49: =IF(G49="NGUYỆN",F49*25%*75%,IF(G49="TOẢN",F49*25%*75%,IF(G49="V.TÂN",F49*25%*75%,F49*0.25))) -> 187500
A50: 44 | B50: 30/12/2024 | C50: La Quang Đạo | D50: 38 | E50: Khâu vết thương phần mềm | F50: 2000000 | G50: TOẢN | H50: =K50-J50 -> 275000 | I50: ĐD | J50: =F50*0.05 -> 100000 | K50: =IF(G50="NGUYỆN",F50*25%*75%,IF(G50="TOẢN",F50*25%*75%,IF(G50="V.TÂN",F50*25%*75%,F50*0.25))) -> 375000
C51: Tổng Cộng | F51: =SUBTOTAL(9,F7:F50) -> 47326700 | H51: =SUBTOTAL(9,H7:H50) -> 8861238.8 | J51: =SUBTOTAL(9,J7:J50) -> 2371555 | K51: =SUBTOTAL(9,K7:K50) -> 11232794
G53: Cần Thơ, Ngày 18 tháng 02 năm 2025
A54: Lập bảng | G54: Trưởng khoa
A58: ĐD. Phan Văn Hiếu | G58: ThS. Bs. CKII. Nguyễn Lê Hoan

Sheet lanh tien tphau
A1: BV TRƯỜNG ĐHYD CẦN THƠ
A2: KHOA NGOẠI CTCH - TK
A3: DANH SÁCH LÃNH TIỀN THÙ LAO THÁNG 1/2025
A4: (Tiểu phẫu)
A6: stt | B6: Họ và tên | C6: Chức vụ | D6: Số tiền | E6: Ký nhận
A7: 1 | B7: Phạm Việt Triều | C7: Bác sĩ | D7: =SUM(SUMIF(tieuphau!$G$7:$G$61,"TRIỀU",tieuphau!$H$7:$H$61),SUMIF(tieuphau!$I$7:$I$61,"TRIỀU",tieuphau!$J$7:$J$61)) -> 636800
A8: 2 | B8: Nguyễn Thành Tấn | C8: Bác sĩ | D8: =SUM(SUMIF(tieuphau!$G$7:$G$37,"TẤN",tieuphau!$H$7:$H$37),SUMIF(tieuphau!$I$7:$I$37,"TẤN",tieuphau!$J$7:$J$37)) -> 0
A9: 3 | B9: Nguyễn Lê Hoan | C9: Bác sĩ | D9: =SUM(SUMIF(tieuphau!$G$7:$G$61,"HOAN",tieuphau!$H$7:$H$61),SUMIF(tieuphau!$I$7:$I$61,"HOAN",tieuphau!$J$7:$J$61)) -> 6050720
A10: 4 | B10: Hoàng Minh Tú | C10: Bác sĩ | D10: =SUM(SUMIF(tieuphau!$G$7:$G$61,"TÚ",tieuphau!$H$7:$H$61),SUMIF(tieuphau!$I$7:$I$61,"TÚ",tieuphau!$J$7:$J$61)) -> 280880
A11: 5 | B11: Nguyễn Chí Nguyện | C11: Bác sĩ | D11: =SUM(SUMIF(tieuphau!$G$7:$G$61,"NGUYỆN",tieuphau!$H$7:$H$61),SUMIF(tieuphau!$I$7:$I$61,"NGUYỆN",tieuphau!$J$7:$J$61)) -> 634576.25
A12: 6 | B12: Phạm Việt Tân | C12: Bác sĩ | D12: =SUM(SUMIF(tieuphau!$G$7:$G$61,"v.tân",tieuphau!$H$7:$H$61),SUMIF(tieuphau!$I$7:$I$61,"v.tân",tieuphau!$J$7:$J$61)) -> 206250
A13: 7 | B13: Trần Quốc Toản | C13: Bác sĩ | D13: =SUM(SUMIF(tieuphau!$G$7:$G$61,"TOẢN",tieuphau!$H$7:$H$61),SUMIF(tieuphau!$I$7:$I$61,"TOẢN",tieuphau!$J$7:$J$61)) -> 476712.5
A14: 8 | B14: Đặng Phước Giàu | C14: Bác sĩ | D14: =SUM(SUMIF(tieuphau!$G$7:$G$61,"GIÀU",tieuphau!$H$7:$H$61),SUMIF(tieuphau!$I$7:$I$61,"GIÀU",tieuphau!$J$7:$J$61)) -> 297420
A15: 9 | B15: Hồ Điền | C15: Bác sĩ | D15: =SUM(SUMIF(tieuphau!$G$7:$G$61,"Điền",tieuphau!$H$7:$H$61),SUMIF(tieuphau!$I$7:$I$61,"điền",tieuphau!$J$7:$J$61)) -> 60000
A16: 10 | B16: Bùi Công Minh | C16: Bác sĩ | D16: =SUM(SUMIF(tieuphau!$G$7:$G$61,"minh",tieuphau!$H$7:$H$61),SUMIF(tieuphau!$I$7:$I$61,"minh",tieuphau!$J$7:$J$61)) -> 217880
A17: 11 | B17: Trần Văn Đăng | C17: Bác sĩ | D17: =SUM(SUMIF(tieuphau!$G$7:$G$37,"ĐĂNG",tieuphau!$H$7:$H$37),SUMIF(tieuphau!$I$7:$I$37,"ĐĂNG",tieuphau!$J$7:$J$37)) -> 0
A18: 12 | B18: Phan Văn Hiếu | C18: Điều dưỡng | D18: =tieuphau!J51/8 -> 296444.38
A19: 13 | B19: Võ Thị Yến Nhi | C19: Điều dưỡng | D19: =D18 -> 296444.38
A20: 15 | B20: Võ Phương Duy | C20: Điều dưỡng | D20: =D19 -> 296444.38
A21: 17 | B21: Lê Ngọc Diệu | C21: Điều dưỡng | D21: =D20 -> 296444.38
A22: 18 | B22: Nguyễn Kim Ngân | C22: Điều dưỡng | D22: =D21 -> 296444.38
A23: 19 | B23: Trần Quỳnh Minh Thư | C23: Điều dưỡng | D23: =D22 -> 296444.38
A24: 20 | B24: Lê Thị Tuyết Đoan | C24: Điều dưỡng | D24: =D23 -> 296444.38
A25: 21 | B25: Thạch Thị Thúy Đa | C25: Điều dưỡng | D25: =D24 -> 296444.38
B26: TỔNG CỘNG | D26: =SUM(D7:D25) -> 11232794
D28: Cần Thơ, ngày 18 tháng 12 năm 2024
A29: Người lập bảng | D29: Trưởng khoa

Sheet TIỀN GIƯỜNG
A1: BV TRƯỜNG ĐHYD CẦN THƠ
A2: KHOA NGOẠI CTCH-TK
A3: DANH SÁCH LÃNH TIỀN THÙ LAO THÁNG 08/2024
C4: (Tiền giường)
A6: STT | B6: HỌ TÊN | C6: Chức Danh | D6: SỐ TIỀN | E6: KÝ NHẬN
A7: 1 | B7: Phan Văn Hiếu | C7: Điều dưỡng | D7: - | E7: =F7/19.5 -> 1 | F7: 19.5
A8: 2 | B8: Võ Thị Yến Nhi | C8: Điều dưỡng | D8: - | E8: =F8/19.5 -> 1 | F8: 19.5
A9: 3 | B9: Nguyễn Kim Ngân | C9: Điều dưỡng | D9: -
A10: 4 | B10: Thạch Thị Thúy Đa | C10: Điều dưỡng | D10: -
A11: 5 | B11: Võ Phương Duy | C11: Điều dưỡng | D11: -
A12: 6 | B12: Lê Thị Tuyết Đoan | C12: Điều dưỡng | D12: -
A13: 7 | B13: Lê Ngọc Diệu | C13: Điều dưỡng | D13: -
A14: 8 | B14: Trần Quỳnh Minh Thư | C14: Điều dưỡng | D14: -
B15: TỔNG CỘNG | D15: =SUM(D7:D14) -> 0
D18: Cần Thơ, ngày 13 tháng 09 năm 2024
B19: Người lập bảng | D19: Trưởng khoa

Sheet TONG LANH
A1: BV TRƯỜNG ĐHYD CẦN THƠ
A2: KHOA NGOẠI CTCH-TK
A3: DANH SÁCH LÃNH TIỀN THÙ LAO THÁNG 1/2025
A4: (Dịch Vụ)
A6: STT | B6: HỌ TÊN | C6: CHỨC VỤ | D6: SỐ TÀI KHOẢN | E6: SỐ TIỀN | F6: THUẾ 10% | G6: THỰC LÃNH | H6: KÝ NHẬN
A7: 1 | B7: Phạm Việt Triều | C7: Bác sĩ | D7: 102006610216 | E7: ='lanh tien tphau'!D7+'lanh tien PT'!D7+'Lãnh tiền PTYC'!E7 -> 1894377.5 | F7: =E7-G7 -> 0 | G7: =E7 -> 1894377.5
A8: 2 | B8: Nguyễn Thành Tấn | C8: Bác sĩ | D8: 103006610215 | E8: ='lanh tien tphau'!D8+'lanh tien PT'!D8 -> 626283 | F8: =E8-G8 -> 0 | G8: =E8 -> 626283
A9: 3 | B9: Nguyễn Lê Hoan | C9: Bác sĩ | D9: 100006610218 | E9: ='lanh tien tphau'!D9+'lanh tien PT'!D9+'Bác sĩ điều trị'!D9+'Lãnh tiền PTYC'!E9 -> 15116652 | F9: =E9-G9 -> 1511665.2 | G9: =E9*0.9 -> 13604987
A10: 4 | B10: Hoàng Minh Tú | C10: Bác sĩ | D10: 100006610162 | E10: ='lanh tien tphau'!D10 -> 280880 | F10: =E10-G10 -> 0 | G10: =E10 -> 280880
A11: 5 | B11: Nguyễn Chí Nguyện | C11: Bác sĩ | D11: 105001159195 | E11: ='lanh tien tphau'!D11+'lanh tien PT'!D10 -> 6490548.2 | F11: =E11-G11 -> 0 | G11: =E11 -> 6490548.2
A12: 6 | B12: Đặng Phước Giàu | C12: Bác sĩ | D12: 105867664283 | E12: ='lanh tien PT'!D11+'lanh tien tphau'!D14+'Bác sĩ điều trị'!D15 -> 4828111.5 | F12: =E12-G12 -> 482811.15 | G12: =E12*0.9 -> 4345300.4
A13: 7 | B13: Hồ Điền | C13: Bác sĩ | D13: 105001225232 | E13: ='lanh tien PT'!D12+'Bác sĩ điều trị'!D13+'lanh tien tphau'!D15 -> 5420833.5 | F13: =E13-G13 -> 542083.35 | G13: =E13*0.9 -> 4878750.2
A14: 8 | B14: Trần Quốc Toản | C14: Bác sĩ | D14: 107868829237 | E14: ='lanh tien tphau'!D13+'lanh tien PT'!D13+'Bác sĩ điều trị'!D16 -> 5805006.8 | F14: =E14-G14 -> 0 | G14: =E14 -> 5805006.8
A15: 9 | B15: Phạm Việt Tân | C15: Bác sĩ | D15: 104000362303 | E15: ='lanh tien tphau'!D12+'lanh tien PT'!D14+'Bác sĩ điều trị'!D14 -> 2639471.1 | F15: =E15-G15 -> 0 | G15: =E15 -> 2639471.1
A16: 10 | B16: Bùi Công Minh | C16: Bác sĩ | D16: 105003414654 | E16: ='lanh tien tphau'!D16+'lanh tien PT'!D15 -> 1099323.5 | F16: =E16-G16 -> 0 | G16: =E16 -> 1099323.5
A17: 11 | B17: Phan Văn Tuấn | C17: Bác sĩ | D17: 105872433048 | E17: ='lanh tien PT'!D16 -> 3615463 | F17: =E17-G17 -> 0 | G17: =E17 -> 3615463
A18: 14 | B18: Huỳnh Quốc Hưng | C18: Bác sĩ (nt) | D18: 106879496711 | E18: ='lanh tien PT'!D17 -> 1126579 | F18: =E18-G18 -> 0 | G18: =E18 -> 1126579
A19: 15 | B19: Võ Văn Phúc Toàn | C19: Bác sĩ (nt) | D19: 106879496654 | E19: ='lanh tien PT'!D18 -> 1053571 | F19: =E19-G19 -> 0 | G19: =E19 -> 1053571
A20: 16 | B20: Võ Minh Luận | C20: Bác sĩ (nt) | D20: 102872446123 | E20: ='lanh tien PT'!D19 -> 876779 | F20: =E20-G20 -> 0 | G20: =E20 -> 876779
A21: 17 | B21: Võ Dương Thành Thái | C21: Bác sĩ (nt) | D21: 102881115539 | E21: ='lanh tien PT'!D20 -> 305383 | F21: =E21-G21 -> 0 | G21: =E21 -> 305383
A22: 18 | B22: Lê Đình Tùng | C22: Bác sĩ (nt) | D22: 101881130087 | E22: ='lanh tien PT'!D21 -> 1026382 | F22: =E22-G22 -> 0 | G22: =E22 -> 1026382
A23: 19 | B23: Văn Minh Khén | C23: Bác sĩ (nt) | D23: 106881106486 | E23: ='lanh tien PT'!D22 -> 782506 | F23: =E23-G23 -> 0 | G23: =E23 -> 782506
A24: 20 | B24: Phạm Tấn Hưởng | C24: Bác sĩ (nt) | D24: 108881113738 | E24: ='lanh tien PT'!D23 -> 212850 | F24: =E24-G24 -> 0 | G24: =E24 -> 212850
A25: 21 | B25: Nguyễn Đông Khang | C25: Bác sĩ (nt) | D25: 105881179249 | E25: ='lanh tien PT'!D24 -> 651965 | F25: =E25-G25 -> 0 | G25: =E25 -> 651965
A26: 22 | B26: Nguyễn Đình Luật | C26: Bác sĩ (nt) | D26: 101881053043 | E26: ='lanh tien PT'!D25 -> 341159.5 | F26: =E26-G26 -> 0 | G26: =E26 -> 341159.5
A27: 23 | B27: Võ Long Ẩn | C27: Bác sĩ (nt) | D27: 102883571393 | E27: ='lanh tien PT'!D26 -> 410344 | F27: =E27-G27 -> 0 | G27: =E27 -> 410344
A28: 24 | B28: Nguyễn Xuân Bình | C28: Bác sĩ (nt) | D28: 102869161271 | E28: ='lanh tien PT'!D27 -> 26971 | F28: =E28-G28 -> 0 | G28: =E28 -> 26971
A29: 25 | B29: Phan Doãn Đại Dương | C29: Bác sĩ (nt) | D29: 106883542216 | E29: ='lanh tien PT'!D28 -> 50524 | F29: =E29-G29 -> 0 | G29: =E29 -> 50524
... A31: 27 | B31: Lê Cường Thạnh | C31: Bác sĩ (nt) | D31: 106883557907 | E31: ='lanh tien PT'!D30 -> 128954 | F31: =E31-G31 -> 0 | G31: =E31 -> 128954
A32: 28 | B32: Phan Văn Hiếu | C32: Điều dưỡng | D32: 106006773860 | E32: ='lanh tien PT1'!D20 -> 2898754.8 | F32: - | G32: =E32 -> 2898754.8
A33: 29 | B33: Võ Thị Yến Nhi | C33: Điều dưỡng | D33: 105866700129 | E33: ='lanh tien PT1'!D21 -> 2898754.8 | F33: - | G33: =E33 -> 2898754.8
A34: 30 | B34: Võ Phương Duy | C34: Điều dưỡng | D34: 108869864215 | E34: ='lanh tien PT1'!D23 -> 2898754.8 | F34: - | G34: =E34 -> 2898754.8
A35: 31 | B35: Lê Ngọc Diệu | C35: Điều dưỡng | D35: 106002699376 | E35: ='lanh tien PT1'!D24+'Bác sĩ điều trị'!D17+'Bác sĩ điều trị'!D18 -> 5598754.8 | F35: - | G35: =E35 -> 5598754.8
A36: 32 | B36: Nguyễn Kim Ngân | C36: Điều dưỡng | D36: 104869864258 | E36: ='lanh tien PT1'!D22 -> 2898754.8 | F36: - | G36: =E36 -> 2898754.8
A37: 33 | B37: Trần Quỳnh Minh Thư | C37: Điều dưỡng | D37: 102877256973 | E37: ='lanh tien PT1'!D25 -> 2898754.8 | F37: - | G37: =E37 -> 2898754.8
A38: 34 | B38: Lê Thị Tuyết Đoan | C38: Điều dưỡng | D38: 108872473096 | E38: ='lanh tien PT1'!D26 -> 2898754.8 | F38: - | G38: =E38 -> 2898754.8
A39: 35 | B39: Thạch Thị Thúy Đa | C39: Điều dưỡng | D39: 109869939394 | E39: ='lanh tien PT1'!D27 -> 2898754.8 | F39: - | G39: =E39 -> 2898754.8
A40: 36 | B40: Nguyễn Thị Như Ý | C40: Hộ Lý | D40: 108002699374 | E40: ='lanh tien PT1'!D28 -> 1548335.4 | F40: - | G40: =E40 -> 1548335.4
B41: TỔNG CỘNG | E41: =SUM(E7:E40) -> 82487260 | F41: =SUM(F7:F40) -> 2536559.7 | G41: =SUM(G7:G40) -> 79950700
F43: Cần Thơ, ngày 18 tháng 12 năm 2024
A44: Người lập bảng | F44: Trưởng khoa
A48: ĐD. Phan Văn Hiếu | F48: ThS. Bs. CKII. Nguyễn Lê Hoan

Sheet Thực lãnh dv
A1: BV TRƯỜNG ĐHYD CẦN THƠ
A2: KHOA NGOẠI CTCH-TK
A3: DANH SÁCH LÃNH TIỀN THÙ LAO THÁNG 1/2025
A4: (Dịch Vụ)
A6: STT | B6: HỌ TÊN | C6: CHỨC VỤ | D6: SỐ TÀI KHOẢN | E6: SỐ TIỀN | F6: THUẾ 10% | G6: THỰC LÃNH | H6: KÝ NHẬN
A7: 1 | B7: Phạm Việt Triều | C7: Bác sĩ | D7: 102006610216 | E7: ='lanh tien tphau'!D7+'lanh tien PT'!D7+'Lãnh tiền PTYC'!E7 -> 1894377.5 | F7: =E7-G7 -> 0 | G7: =E7 -> 1894377.5
A8: 2 | B8: Nguyễn Thành Tấn | C8: Bác sĩ | D8: 103006610215 | E8: ='lanh tien tphau'!D8+'lanh tien PT'!D8 -> 626283 | F8: =E8-G8 -> 0 | G8: =E8 -> 626283
A9: 3 | B9: Nguyễn Lê Hoan | C9: Bác sĩ | D9: 100006610218 | E9: ='lanh tien tphau'!D9+'lanh tien PT'!D9+'Bác sĩ điều trị'!D9-'Thực lãnh'!I17+'Lãnh tiền PTYC'!E9 -> 7526652.5 | F9: =E9-G9 -> 752665.25 | G9: =E9*0.9 -> 6773987.2
A10: 4 | B10: Hoàng Minh Tú | C10: Bác sĩ | D10: 100006610162 | E10: ='lanh tien tphau'!D10 -> 280880 | F10: =E10-G10 -> 0 | G10: =E10 -> 280880
A11: 5 | B11: Nguyễn Chí Nguyện | C11: Bác sĩ | D11: 105001159195 | E11: ='lanh tien tphau'!D11+'lanh tien PT'!D10 -> 6490548.2 | F11: =E11-G11 -> 0 | G11: =E11 -> 6490548.2
A12: 6 | B12: Đặng Phước Giàu | C12: Bác sĩ | D12: 105867664283 | E12: ='lanh tien PT'!D11+'lanh tien tphau'!D14+'Bác sĩ điều trị'!D15-'Thực lãnh'!I27 -> 4693111.5 | F12: =E12-G12 -> 469311.15 | G12: =E12*0.9 -> 4223800.4
A13: 7 | B13: Hồ Điền | C13: Bác sĩ | D13: 105001225232 | E13: ='lanh tien PT'!D12+'Bác sĩ điều trị'!D13+'lanh tien tphau'!D15-'Thực lãnh'!I22 -> 2900833.5 | F13: =E13-G13 -> 290083.35 | G13: =E13*0.9 -> 2610750.1
A14: 8 | B14: Trần Quốc Toản | C14: Bác sĩ | D14: 107868829237 | E14: ='lanh tien tphau'!D13+'lanh tien PT'!D13+'Bác sĩ điều trị'!D16 -> 5805006.8 | F14: =E14-G14 -> 0 | G14: =E14 -> 5805006.8
A15: 9 | B15: Phạm Việt Tân | C15: Bác sĩ | D15: 104000362303 | E15: ='lanh tien tphau'!D12+'lanh tien PT'!D14+'Bác sĩ điều trị'!D14 -> 2639471.1 | F15: =E15-G15 -> 0 | G15: =E15 -> 2639471.1
A16: 10 | B16: Bùi Công Minh | C16: Bác sĩ | D16: 105003414654 | E16: ='lanh tien tphau'!D16+'lanh tien PT'!D15 -> 1099323.5 | F16: =E16-G16 -> 0 | G16: =E16 -> 1099323.5
A17: 11 | B17: Phan Văn Tuấn | C17: Bác sĩ | D17: 105872433048 | E17: ='lanh tien PT'!D16 -> 3615463 | F17: =E17-G17 -> 0 | G17: =E17 -> 3615463
A18: 13 | B18: Huỳnh Quốc Hưng | C18: Bác sĩ (nt) | D18: 106879496711 | E18: ='lanh tien PT_BHYT'!E17+'lanh tien PT'!D17 -> 3661579 | F18: =E18-G18 -> 366157.9 | G18: =E18*0.9 -> 3295421.1
A19: 14 | B19: Võ Văn Phúc Toàn | C19: Bác sĩ (nt) | D19: 106879496654 | E19: ='lanh tien PT_BHYT'!E18+'lanh tien PT'!D18 -> 2433571 | F19: =E19-G19 -> 243357.1 | G19: =E19*0.9 -> 2190213.9
A20: 15 | B20: Võ Minh Luận | C20: Bác sĩ (nt) | D20: 102872446123 | E20: ='lanh tien PT_BHYT'!E19+'lanh tien PT'!D19 -> 2946779 | F20: =E20-G20 -> 294677.9 | G20: =E20*0.9 -> 2652101.1
A21: 16 | B21: Võ Dương Thành Thái | C21: Bác sĩ (nt) | D21: 102881115539 | E21: ='lanh tien PT_BHYT'!E20+'lanh tien PT'!D20 -> 1265383 | F21: =E21-G21 -> 0 | G21: =E21 -> 1265383
A22: 17 | B22: Lê Đình Tùng | C22: Bác sĩ (nt) | D22: 101881130087 | E22: ='lanh tien PT_BHYT'!E21+'lanh tien PT'!D21 -> 1671382 | F22: =E22-G22 -> 0 | G22: =E22 -> 1671382
A23: 18 | B23: Văn Minh Khén | C23: Bác sĩ (nt) | D23: 106881106486 | E23: ='lanh tien PT_BHYT'!E22+'lanh tien PT'!D22 -> 2087506 | F23: =E23-G23 -> 208750.6 | G23: =E23*0.9 -> 1878755.4
A24: 19 | B24: Phạm Tấn Hưởng | C24: Bác sĩ (nt) | D24: 108881113738 | E24: ='lanh tien PT_BHYT'!E23+'lanh tien PT'!D23 -> 212850 | F24: =E24-G24 -> 0 | G24: =E24 -> 212850
A25: 20 | B25: Nguyễn Đông Khang | C25: Bác sĩ (nt) | D25: 105881179249 | E25: ='lanh tien PT_BHYT'!E24+'lanh tien PT'!D24 -> 1146965 | F25: =E25-G25 -> 0 | G25: =E25 -> 1146965
A26: 21 | B26: Nguyễn Đình Luật | C26: Bác sĩ (nt) | D26: 101881053043 | E26: ='lanh tien PT_BHYT'!E25+'lanh tien PT'!D25 -> 761159.5 | F26: =E26-G26 -> 0 | G26: =E26 -> 761159.5
A27: 22 | B27: Võ Long Ẩn | C27: Bác sĩ (nt) | D27: 102883571393 | E27: ='lanh tien PT_BHYT'!E26+'lanh tien PT'!D26 -> 710344 | F27: =E27-G27 -> 0 | G27: =E27 -> 710344
A28: 23 | B28: Nguyễn Xuân Bình | C28: Bác sĩ (nt) | D28: 102869161271 | E28: ='lanh tien PT_BHYT'!E27+'lanh tien PT'!D27 -> 26971 | F28: =E28-G28 -> 0 | G28: =E28 -> 26971
A29: 24 | B29: Phan Doãn Đại Dương | C29: Bác sĩ (nt) | D29: 106883542216 | E29: ='lanh tien PT_BHYT'!E28+'lanh tien PT'!D28 -> 50524 | F29: =E29-G29 -> 0 | G29: =E29 -> 50524
A30: 25 | B30: Lê Quốc Khánh | C30: Bác sĩ (nt) | D30: 103870057143 | E30: ='lanh tien PT_BHYT'!E29+'lanh tien PT'!D29 -> 372968 | F30: =E30-G30 -> 0 | G30: =E30 -> 372968
A31: 26 | B31: Lê Cường Thạnh | C31: Bác sĩ (nt) | D31: 106883557907 | E31: ='lanh tien PT_BHYT'!E30+'lanh tien PT'!D30 -> 128954 | F31: =E31-G31 -> 0 | G31: =E31 -> 128954
A32: 27 | B32: Phan Văn Hiếu | C32: Điều dưỡng | D32: 106006773860 | E32: ='lanh tien PT1'!D20 -> 2898754.8 | F32: - | G32: =E32 -> 2898754.8
A33: 28 | B33: Võ Thị Yến Nhi | C33: Điều dưỡng | D33: 105866700129 | E33: ='lanh tien PT1'!D21 -> 2898754.8 | F33: - | G33: =E33 -> 2898754.8
A34: 29 | B34: Võ Phương Duy | C34: Điều dưỡng | D34: 108869864215 | E34: ='lanh tien PT1'!D23 -> 2898754.8 | F34: - | G34: =E34 -> 2898754.8
A35: 30 | B35: Lê Ngọc Diệu | C35: Điều dưỡng | D35: 106002699376 | E35: ='lanh tien PT1'!D24+'Bác sĩ điều trị'!D17+'Bác sĩ điều trị'!D18 -> 5598754.8 | F35: - | G35: =E35 -> 5598754.8
A36: 31 | B36: Nguyễn Kim Ngân | C36: Điều dưỡng | D36: 104869864258 | E36: ='lanh tien PT1'!D22 -> 2898754.8 | F36: - | G36: =E36 -> 2898754.8
A37: 32 | B37: Trần Quỳnh Minh Thư | C37: Điều dưỡng | D37: 102877256973 | E37: ='lanh tien PT1'!D25 -> 2898754.8 | F37: - | G37: =E37 -> 2898754.8
A38: 33 | B38: Lê Thị Tuyết Đoan | C38: Điều dưỡng | D38: 108872473096 | E38: ='lanh tien PT1'!D26 -> 2898754.8 | F38: - | G38: =E38 -> 2898754.8
A39: 34 | B39: Thạch Thị Thúy Đa | C39: Điều dưỡng | D39: 109869939394 | E39: ='lanh tien PT1'!D27 -> 2898754.8 | G39: =E39 -> 2898754.8
A40: 35 | B40: Nguyễn Thị Như Ý | C40: Hộ Lý | D40: 108002699374 | E40: ='lanh tien PT1'!D28 -> 1548335.4 | F40: - | G40: =E40 -> 1548335.4
B41: TỔNG CỘNG | E41: =SUM(E7:E40) -> 82487260 | F41: =SUM(F7:F40) -> 2625003.2 | G41: =SUM(G7:G40) -> 79862257
F43: Cần Thơ, ngày 18 tháng 02 năm 2025
A44: Người lập bảng | F44: Trưởng khoa
A48: ĐD. Phan Văn Hiếu | F48: ThS. Bs. CKII. Nguyễn Lê Hoan

Sheet GIƯỜNG GỬI
A1: BV TRƯỜNG ĐHYD CẦN THƠ
A2: KHOA NGOẠI CTCH-TK
A3: DANH SÁCH LÃNH TIỀN GIƯỜNG VƯỢT ĐỊNH MỨC THÁNG 03/2024
A6: STT | B6: HỌ TÊN | C6: CHỨC VỤ | D6: SỐ TÀI KHOẢN | E6: SỐ TIỀN | F6: KÝ NHẬN
A7: 1 | B7: Ngô Thị Thủy | C7: Điều dưỡng (Niệu) | D7: 109869879863 | E7: 0 | G7: 19.5
B8: TỔNG CỘNG | E8: =SUM(E7:E7) -> 0 | G8: =SUM(G7:G7) -> 19.5
D10: Cần Thơ, ngày 15 tháng 1 năm 2024
A11: Người lập bảng | D11: Trưởng khoa
B16: ĐD. Phan Văn Hiếu | D16: Ths.Bs.CKII.Nguyễn Lê Hoan

Sheet PT YÊU CẦU
A1: BV TRƯỜNG ĐHYD CẦN THƠ
A2: KHOA NGOẠI CTCH-TK
A3: DANH SÁCH LÃNH TIỀN PHẪU THUẬT THEO YÊU CẦU THÁNG 1/2025
A5: STT | B5: NGÀY | C5: HỌ TÊN BỆNH | D5: NĂM SINH | E5: TÊN CLS | F5: BÁC SĨ PT | G5: SỐ TIỀN | H5: THÙ LAO
A6: 1 | B6: 09/01/2025 | C6: PHÓ CHÂU TUYỀN | D6: 30 Tuổi | E6: Chọn bác sĩ phẫu thuật theo yêu cầu | F6: BS.HOAN | G6: 1000000 | H6: =G6*0.9 -> 900000
A7: 2 | B7: 06/01/2025 | C7: MÃ NGUYÊN SANG | D7: 43 Tuổi | E7: Chọn bác sĩ phẫu thuật theo yêu cầu | F7: BS.TRIỀU | G7: 1000000 | H7: =G7*0.9 -> 900000
A8: TỔNG CỘNG | G8: =SUM(G6:G7) -> 2000000 | H8: =SUM(H6:H7) -> 1800000
F9: Cần Thơ, ngày 18 tháng 02 năm 2025
A10: Người lập bảng | F10: Trưởng khoa
A15: ĐD.Phan Văn Hiếu | F15: Ths.Bs.CKII.Nguyễn Lê Hoan

Sheet Lãnh tiền PTYC
A1: BV TRƯỜNG ĐHYD CẦN THƠ
A2: KHOA NGOẠI CTCH-TK
A3: DANH SÁCH LÃNH TIỀN THÙ LAO THÁNG 1/2025
A4: (BHYT)
A6: STT | B6: HỌ TÊN | C6: CHỨC VỤ | D6: SỐ TÀI KHOẢN | E6: SỐ TIỀN | F6: Thuế 10%
A7: 1 | B7: Phạm Việt Triều | C7: Bác sĩ | D7: 102006610216 | E7: 900000
A8: 2 | B8: Nguyễn Thành Tấn | C8: Bác sĩ | D8: 103006610215
A9: 3 | B9: Nguyễn Lê Hoan | C9: Bác sĩ | D9: 100006610218 | E9: 900000
A10: 4 | B10: Nguyễn Chí Nguyện | C10: Bác sĩ | D10: 105001159195
A11: 5 | B11: Hồ Điền | C11: Bác sĩ | D11: 105001225232 | E11: 0
A12: 6 | B12: Trần Quốc Toản | C12: Bác sĩ | D12: 107868829237 | E12: 0
A13: 7 | B13: Đặng Phước Giàu | C13: Bác sĩ | D13: 105867664283
A14: 8 | B14: Nguyễn Tâm Từ | C14: Bác sĩ | D14: 107003444634 | E14: 0
A15: 9 | B15: Nguyễn Hữu Thuyết | C15: Bác sĩ | D15: 109875250610 | E15: 0
A16: 10 | B16: Phạm Việt Tân | C16: Bác sĩ | D16: 104000362303 | E16: 0
A17: 11 | B17: Phan Văn Tuấn | C17: Bác sĩ | E17: 0
B18: TỔNG CỘNG | E18: =SUM(E7:E17) -> 1800000
D20: Cần Thơ, ngày 18 tháng 02 năm 2025
A21: Người lập bảng | D21: Trưởng khoa
A25: ĐD. Phan Văn Hiếu | D25: ThS.Bs.CKII. Nguyễn Lê Hoan
