Workbook

Sheet phauthuat
A1: BV TRƯỜNG ĐHYD CẦN THƠ
A2: KHOA NGOẠI CTCH - TK
A3: BẢNG KÊ TIỀN PHẪU THUẬT
A4: (THÁNG 4/2025)
A6: STT | B6: Ngày | C6: Họ Tên | D6: Nam | E6: Nữ | F6: Phương pháp phẫu thuật | G6: Loại PT | H6: Giá Phẫu thuật thực tính | I6: PTV chính | J6: Số tiền | K6: Phụ mổ 1 | L6: Số tiền | M6: Phụ mổ 2 | N6: Số tiền | O6: Phụ mổ 3 | P6: Số tiền | Q6: ĐD + HL | R6: Thực lãnh
A7: 1 | B7: 18/3/2025 | C7: Trương Quốc Sách | D7: 51 | F7: Cắt lọc hoại tử ổ loét mạn tính | G7: TT2 | H7: 2128200 | I7: GIÀU | J7: =R7-L7-N7-P7-Q7 -> 244743 | K7: Đ.KHANG | L7: =IF(K7="-",0,H7*0.03) -> 63846 | M7: NHỊ | N7: =IF(M7="-",0,H7*0.02) -> 42564 | O7: - | P7: =IF(O7="-",0,H7*0.01) -> 0 | Q7: =H7*0.005 -> 10641 | R7: =IF(I7="V.Tân",H7*0.1375,IF(I7="nguyện",H7*0.1375,IF(I7="TOẢN",H7*0.1375,H7*0.17))) -> 361794
A8: 2 | B8: 22/3/2025 | C8: Trương Quốc Sách | D8: 51 | F8: Cắt lọc hoại tử ổ loét mạn tính | G8: TT2 | H8: 2128200 | I8: GIÀU | J8: =R8-L8-N8-P8-Q8 -> 223461 | K8: Đ.KHANG | L8: =IF(K8="-",0,H8*0.03) -> 63846 | M8: TÙNG | N8: =IF(M8="-",0,H8*0.02) -> 42564 | O8: NGHĨA | P8: =IF(O8="-",0,H8*0.01) -> 21282 | Q8: =H8*0.005 -> 10641 | R8: =IF(I8="V.Tân",H8*0.1375,IF(I8="nguyện",H8*0.1375,IF(I8="TOẢN",H8*0.1375,H8*0.17))) -> 361794
A9: 3 | B9: 25/3/2025 | C9: Nguyễn Văn Beo | D9: 72 | F9: PT viêm xương | G9: TT2 | H9: 2760100 | I9: NGUYỆN | J9: =R9-L9-N9-P9-Q9 -> 227708.25 | K9: TUẤN | L9: =IF(K9="-",0,H9*0.03) -> 82803 | M9: THÁI | N9: =IF(M9="-",0,H9*0.02) -> 55202 | O9: - | P9: =IF(O9="-",0,H9*0.01) -> 0 | Q9: =H9*0.005 -> 13800.5 | R9: =IF(I9="V.Tân",H9*0.1375,IF(I9="nguyện",H9*0.1375,IF(I9="TOẢN",H9*0.1375,H9*0.17))) -> 379513.75
A10: 4 | B10: 28/3/2025 | C10: Lê Ngọc Trúc | E10: 60 | F10: KHX trên màn hình tăng sáng | G10: TTDB | H10: 4497500 | I10: TẤN | J10: =R10-L10-N10-P10-Q10 -> 472237.5 | K10: V.TÂN | L10: =IF(K10="-",0,H10*0.03) -> 134925 | M10: ĐẠT | N10: =IF(M10="-",0,H10*0.02) -> 89950 | O10: T.HƯỞNG | P10: =IF(O10="-",0,H10*0.01) -> 44975 | Q10: =H10*0.005 -> 22487.5 | R10: =IF(I10="V.Tân",H10*0.1375,IF(I10="nguyện",H10*0.1375,IF(I10="TOẢN",H10*0.1375,H10*0.17))) -> 764575
A11: 5 | B11: 28/3/2025 | C11: Huỳnh Hữu Trọng | D11: 26 | F11: KHX trên màn hình tăng sáng | G11: TP | H11: 9972000 | I11: TOẢN | J11: =R11-L11-N11-P11-Q11 -> 722970 | K11: ĐẠT | L11: =IF(K11="-",0,H11*0.03) -> 299160 | M11: T.HƯỞNG | N11: =IF(M11="-",0,H11*0.02) -> 199440 | O11: V.HƯỞNG | P11: =IF(O11="-",0,H11*0.01) -> 99720 | Q11: =H11*0.005 -> 49860 | R11: =IF(I11="V.Tân",H11*0.1375,IF(I11="nguyện",H11*0.1375,IF(I11="TOẢN",H11*0.1375,H11*0.17))) -> 1371150
A12: 6 | B12: 28/3/2025 | C12: Huỳnh Hữu Trọng | D12: 26 | F12: KHX bánh chè (50%) | G12: TP | H12: 3000000 | I12: TOẢN | J12: =R12-L12-N12-P12-Q12 -> 217500 | K12: ĐẠT | L12: =IF(K12="-",0,H12*0.03) -> 90000 | M12: T.HƯỞNG | N12: =IF(M12="-",0,H12*0.02) -> 60000 | O12: V.HƯỞNG | P12: =IF(O12="-",0,H12*0.01) -> 30000 | Q12: =H12*0.005 -> 15000 | R12: =IF(I12="V.Tân",H12*0.1375,IF(I12="nguyện",H12*0.1375,IF(I12="TOẢN",H12*0.1375,H12*0.17))) -> 412500
A13: 7 | B13: 31/03/2025 | C13: Dương Hoàng Thiện | D13: 40 | F13: Cắt lọc hoại tử ổ loét vết thương mạn tính | G13: TT2 | H13: 2128200 | I13: TOẢN | J13: =R13-L13-N13-P13-Q13 -> 154294.5 | K13: TUẤN | L13: =IF(K13="-",0,H13*0.03) -> 63846 | M13: Đ.KHANG | N13: =IF(M13="-",0,H13*0.02) -> 42564 | O13: NGHĨA | P13: =IF(O13="-",0,H13*0.01) -> 21282 | Q13: =H13*0.005 -> 10641 | R13: =IF(I13="V.Tân",H13*0.1375,IF(I13="nguyện",H13*0.1375,IF(I13="TOẢN",H13*0.1375,H13*0.17))) -> 292627.5
A14: 8 | B14: 31/03/2025 | C14: Võ Hoàng Quân | D14: 56 | F14: PT KHX trên màn hình tăng sáng | G14: TTDB | H14: 4497500 | I14: ĐIỀN | J14: =R14-L14-N14-P14-Q14 -> 472237.5 | K14: TÙNG | L14: =IF(K14="-",0,H14*0.03) -> 134925 | M14: KHÉN | N14: =IF(M14="-",0,H14*0.02) -> 89950 | O14: V.HƯỞNG | P14: =IF(O14="-",0,H14*0.01) -> 44975 | Q14: =H14*0.005 -> 22487.5 | R14: =IF(I14="V.Tân",H14*0.1375,IF(I14="nguyện",H14*0.1375,IF(I14="TOẢN",H14*0.1375,H14*0.17))) -> 764575
A15: 9 | B15: 31/03/2025 | C15: LÊ TẤN KHANH | D15: 62 | F15: Cắt lọc hoại tử ổ loét vết thương mạn tính | G15: TT2 | H15: 2128200 | I15: V.TÂN | J15: =R15-L15-N15-P15-Q15 -> 175576.5 | K15: KHÉN | L15: =IF(K15="-",0,H15*0.03) -> 63846 | M15: NHỊ | N15: =IF(M15="-",0,H15*0.02) -> 42564 | O15: - | P15: =IF(O15="-",0,H15*0.01) -> 0 | Q15: =H15*0.005 -> 10641 | R15: =IF(I15="V.Tân",H15*0.1375,IF(I15="nguyện",H15*0.1375,IF(I15="TOẢN",H15*0.1375,H15*0.17))) -> 292627.5
A16: 10 | B16: 31/03/2025 | C16: Trương Quốc Sách | D16: 51 | F16: Ghép da | G16: TT2 | H16: 1955100 | I16: GIÀU | J16: =R16-L16-N16-P16-Q16 -> 224836.5 | K16: LUẬT | L16: =IF(K16="-",0,H16*0.03) -> 58653 | M16: V.HƯỞNG | N16: =IF(M16="-",0,H16*0.02) -> 39102 | O16: - | P16: =IF(O16="-",0,H16*0.01) -> 0 | Q16: =H16*0.005 -> 9775.5 | R16: =IF(I16="V.Tân",H16*0.1375,IF(I16="nguyện",H16*0.1375,IF(I16="TOẢN",H16*0.1375,H16*0.17))) -> 332367
A17: 11 | B17: 31/03/2025 | C17: Nguyễn Văn Minh | D17: 59 | F17: PT KHX trên màn hình tăng sáng | G17: TTDB | H17: 4497500 | I17: GIÀU | J17: =R17-L17-N17-P17-Q17 -> 472237.5 | K17: TÙNG | L17: =IF(K17="-",0,H17*0.03) -> 134925 | M17: KHÉN | N17: =IF(M17="-",0,H17*0.02) -> 89950 | O17: LUẬT | P17: =IF(O17="-",0,H17*0.01) -> 44975 | Q17: =H17*0.005 -> 22487.5 | R17: =IF(I17="V.Tân",H17*0.1375,IF(I17="nguyện",H17*0.1375,IF(I17="TOẢN",H17*0.1375,H17*0.17))) -> 764575
A18: 12 | B18: 01/4/2025 | C18: Hồ Minh Tuấn | D18: 38 | F18: PT KHX trên màn hình tăng sáng | G18: TTDB | H18: 4497500 | I18: GIÀU | J18: =R18-L18-N18-P18-Q18 -> 472237.5 | K18: TUẤN | L18: =IF(K18="-",0,H18*0.03) -> 134925 | M18: T.HƯỞNG | N18: =IF(M18="-",0,H18*0.02) -> 89950 | O18: N.KHANG | P18: =IF(O18="-",0,H18*0.01) -> 44975 | Q18: =H18*0.005 -> 22487.5 | R18: =IF(I18="V.Tân",H18*0.1375,IF(I18="nguyện",H18*0.1375,IF(I18="TOẢN",H18*0.1375,H18*0.17))) -> 764575
A19: 13 | B19: 01/4/2025 | C19: Hồ Minh Tuấn | D19: 38 | F19: PT KHX trên màn hình tăng sáng | G19: TTDB | H19: 2248750 | I19: GIÀU | J19: =R19-L19-N19-P19-Q19 -> 258606.25 | K19: TOẢN | L19: =IF(K19="-",0,H19*0.03) -> 67462.5 | M19: LUẬT | N19: =IF(M19="-",0,H19*0.02) -> 44975 | O19: - | P19: =IF(O19="-",0,H19*0.01) -> 0 | Q19: =H19*0.005 -> 11243.75 | R19: =IF(I19="V.Tân",H19*0.1375,IF(I19="nguyện",H19*0.1375,IF(I19="TOẢN",H19*0.1375,H19*0.17))) -> 382287.5
A20: 14 | B20: 01/4/2025 | C20: Nguyễn Trọng Nghĩa | D20: 36 | F20: PT KHX trên màn hình tăng sáng | G20: TP | H20: 9972000 | I20: TẤN | J20: =R20-L20-N20-P20-Q20 -> 1047060 | K20: NGUYỆN | L20: =IF(K20="-",0,H20*0.03) -> 299160 | M20: TOẢN | N20: =IF(M20="-",0,H20*0.02) -> 199440 | O20: KHÉN | P20: =IF(O20="-",0,H20*0.01) -> 99720 | Q20: =H20*0.005 -> 49860 | R20: =IF(I20="V.Tân",H20*0.1375,IF(I20="nguyện",H20*0.1375,IF(I20="TOẢN",H20*0.1375,H20*0.17))) -> 1695240
A21: 15 | B21: 01/4/2025 | C21: Huỳnh Thị Nhung | E21: 73 | F21: PT cắt cụt chi | G21: TT2 | H21: 1947600 | I21: V.TÂN | J21: =R21-L21-N21-P21-Q21 -> 160677 | K21: THÁI | L21: =IF(K21="-",0,H21*0.03) -> 58428 | M21: KHÉN | N21: =IF(M21="-",0,H21*0.02) -> 38952 | O21: - | P21: =IF(O21="-",0,H21*0.01) -> 0 | Q21: =H21*0.005 -> 9738 | R21: =IF(I21="V.Tân",H21*0.1375,IF(I21="nguyện",H21*0.1375,IF(I21="TOẢN",H21*0.1375,H21*0.17))) -> 267795
A22: 16 | B22: 01/4/2025 | C22: Nguyễn Hữu Thọ | D22: 24 | F22: Lấy DC KHX | G22: TT2 | H22: 2559100 | I22: V.TÂN | J22: =R22-L22-N22-P22-Q22 -> 185534.75 | K22: KHÉN | L22: =IF(K22="-",0,H22*0.03) -> 76773 | M22: THÁI | N22: =IF(M22="-",0,H22*0.02) -> 51182 | O22: V.HƯỞNG | P22: =IF(O22="-",0,H22*0.01) -> 25591 | Q22: =H22*0.005 -> 12795.5 | R22: =IF(I22="V.Tân",H22*0.1375,IF(I22="nguyện",H22*0.1375,IF(I22="TOẢN",H22*0.1375,H22*0.17))) -> 351876.25
A23: 17 | B23: 01/4/2025 | C23: Huỳnh Kim Hường | E23: 60 | F23: PT KHX trên màn hình tăng sáng | G23: TP | H23: 9972000 | I23: V.TÂN | J23: =R23-L23-N23-P23-Q23 -> 822690 | K23: TUẤN | L23: =IF(K23="-",0,H23*0.03) -> 299160 | M23: T.HƯỞNG | N23: =IF(M23="-",0,H23*0.02) -> 199440 | O23: - | P23: =IF(O23="-",0,H23*0.01) -> 0 | Q23: =H23*0.005 -> 49860 | R23: =IF(I23="V.Tân",H23*0.1375,IF(I23="nguyện",H23*0.1375,IF(I23="TOẢN",H23*0.1375,H23*0.17))) -> 1371150
A24: 18 | B24: 01/4/2025 | C24: Trần Thị Hồng Gấm | E24: 22 | F24: Lấy DC KHX | G24: TT2 | H24: 2559100 | I24: GIÀU | J24: =R24-L24-N24-P24-Q24 -> 268705.5 | K24: TUẤN | L24: =IF(K24="-",0,H24*0.03) -> 76773 | M24: Đ.KHANG | N24: =IF(M24="-",0,H24*0.02) -> 51182 | O24: V.HƯỞNG | P24: =IF(O24="-",0,H24*0.01) -> 25591 | Q24: =H24*0.005 -> 12795.5 | R24: =IF(I24="V.Tân",H24*0.1375,IF(I24="nguyện",H24*0.1375,IF(I24="TOẢN",H24*0.1375,H24*0.17))) -> 435047
A25: 19 | B25: 01/4/2025 | C25: Nguyễn Thanh Quang | D25: 45 | F25: PT vết thương phần mềm phức tạp | G25: TT1 | H25: 795400 | I25: V.TÂN | J25: =R25-L25-N25-P25-Q25 -> 57666.5 | K25: ĐẠT | L25: =IF(K25="-",0,H25*0.03) -> 23862 | M25: TÙNG | N25: =IF(M25="-",0,H25*0.02) -> 15908 | O25: NHỊ | P25: =IF(O25="-",0,H25*0.01) -> 7954 | Q25: =H25*0.005 -> 3977 | R25: =IF(I25="V.Tân",H25*0.1375,IF(I25="nguyện",H25*0.1375,IF(I25="TOẢN",H25*0.1375,H25*0.17))) -> 109367.5
A26: 20 | B26: 01/4/2025 | C26: Lê Thị Phước | E26: 74 | F26: Cắt lọc hoại tử ổ loét vết thương mạn tính | G26: TT2 | H26: 2127400 | I26: ĐIỀN | J26: =R26-L26-N26-P26-Q26 -> 244651 | K26: KHÉN | L26: =IF(K26="-",0,H26*0.03) -> 63822 | M26: THÁI | N26: =IF(M26="-",0,H26*0.02) -> 42548 | O26: - | P26: =IF(O26="-",0,H26*0.01) -> 0 | Q26: =H26*0.005 -> 10637 | R26: =IF(I26="V.Tân",H26*0.1375,IF(I26="nguyện",H26*0.1375,IF(I26="TOẢN",H26*0.1375,H26*0.17))) -> 361658
A27: 21 | B27: 02/4/2025 | C27: Nguyễn Thị Thia | E27: 67 | F27: PT KHX trên màn hình tăng sáng | G27: TTDB | H27: 4497500 | I27: V.TÂN | J27: =R27-L27-N27-P27-Q27 -> 326068.75 | K27: GIÀU | L27: =IF(K27="-",0,H27*0.03) -> 134925 | M27: TUẤN | N27: =IF(M27="-",0,H27*0.02) -> 89950 | O27: Đ.KHANG | P27: =IF(O27="-",0,H27*0.01) -> 44975 | Q27: =H27*0.005 -> 22487.5 | R27: =IF(I27="V.Tân",H27*0.1375,IF(I27="nguyện",H27*0.1375,IF(I27="TOẢN",H27*0.1375,H27*0.17))) -> 618406.25
A28: 22 | B28: 02/4/2025 | C28: Nguyễn Văn Tùng | D28: 49 | F28: Cắt lọc hoại tử ổ loét vết thương mạn tính | G28: TT2 | H28: 2128200 | I28: TOẢN | J28: =R28-L28-N28-P28-Q28 -> 175576.5 | K28: TUẤN | L28: =IF(K28="-",0,H28*0.03) -> 63846 | M28: KHÉN | N28: =IF(M28="-",0,H28*0.02) -> 42564 | O28: - | P28: =IF(O28="-",0,H28*0.01) -> 0 | Q28: =H28*0.005 -> 10641 | R28: =IF(I28="V.Tân",H28*0.1375,IF(I28="nguyện",H28*0.1375,IF(I28="TOẢN",H28*0.1375,H28*0.17))) -> 292627.5
A29: 23 | B29: 02/4/2025 | C29: Thị Đẹp | E29: 88 | F29: PT KHX trên màn hình tăng sáng | G29: TTDB | H29: 4497500 | I29: ĐIỀN | J29: =R29-L29-N29-P29-Q29 -> 472237.5 | K29: TUẤN | L29: =IF(K29="-",0,H29*0.03) -> 134925 | M29: T.HƯỞNG | N29: =IF(M29="-",0,H29*0.02) -> 89950 | O29: TÙNG | P29: =IF(O29="-",0,H29*0.01) -> 44975 | Q29: =H29*0.005 -> 22487.5 | R29: =IF(I29="V.Tân",H29*0.1375,IF(I29="nguyện",H29*0.1375,IF(I29="TOẢN",H29*0.1375,H29*0.17))) -> 764575
A30: 24 | B30: 02/4/2025 | C30: Lê Hữu Trí | E30: 31 | F30: Rút nẹp, dụng cụ KHX | G30: TT2 | H30: 2559100 | I30: GIÀU | J30: =R30-L30-N30-P30-Q30 -> 268705.5 | K30: TUẤN | L30: =IF(K30="-",0,H30*0.03) -> 76773 | M30: Đ.KHANG | N30: =IF(M30="-",0,H30*0.02) -> 51182 | O30: V.HƯỞNG | P30: =IF(O30="-",0,H30*0.01) -> 25591 | Q30: =H30*0.005 -> 12795.5 | R30: =IF(I30="V.Tân",H30*0.1375,IF(I30="nguyện",H30*0.1375,IF(I30="TOẢN",H30*0.1375,H30*0.17))) -> 435047
A31: 25 | B31: 03/4/2025 | C31: Nguyễn Vũ Ca | D31: 42 | F31: PT KHX trên màn hình tăng sáng | G31: TTDB | H31: 4497500 | I31: GIÀU | J31: =R31-L31-N31-P31-Q31 -> 472237.5 | K31: TUẤN | L31: =IF(K31="-",0,H31*0.03) -> 134925 | M31: TÙNG | N31: =IF(M31="-",0,H31*0.02) -> 89950 | O31: LUẬT | P31: =IF(O31="-",0,H31*0.01) -> 44975 | Q31: =H31*0.005 -> 22487.5 | R31: =IF(I31="V.Tân",H31*0.1375,IF(I31="nguyện",H31*0.1375,IF(I31="TOẢN",H31*0.1375,H31*0.17))) -> 764575
A32: 26 | B32: 03/4/2025 | C32: TRẦN THỊ HỒNG THẮM | E32: 23 | F32: PT KHX gãy mỏm khuỷu | G32: TP | H32: 6000000 | I32: V.TÂN | J32: =R32-L32-N32-P32-Q32 -> 435000 | K32: TUẤN | L32: =IF(K32="-",0,H32*0.03) -> 180000 | M32: ĐẠT | N32: =IF(M32="-",0,H32*0.02) -> 120000 | O32: TÙNG | P32: =IF(O32="-",0,H32*0.01) -> 60000 | Q32: =H32*0.005 -> 30000 | R32: =IF(I32="V.Tân",H32*0.1375,IF(I32="nguyện",H32*0.1375,IF(I32="TOẢN",H32*0.1375,H32*0.17))) -> 825000
A33: 27 | B33: 03/4/2025 | C33: Lý Minh Quyền | D33: 27 | F33: Lấy DC KHX | G33: TT2 | H33: 2559100 | I33: ĐIỀN | J33: =R33-L33-N33-P33-Q33 -> 294296.5 | K33: LUẬT | L33: =IF(K33="-",0,H33*0.03) -> 76773 | M33: NGHĨA | N33: =IF(M33="-",0,H33*0.02) -> 51182 | O33: - | P33: =IF(O33="-",0,H33*0.01) -> 0 | Q33: =H33*0.005 -> 12795.5 | R33: =IF(I33="V.Tân",H33*0.1375,IF(I33="nguyện",H33*0.1375,IF(I33="TOẢN",H33*0.1375,H33*0.17))) -> 435047
A34: 28 | B34: 04/4/2025 | C34: Lê Thị Phước | E34: 74 | F34: Cắt lọc hoại tử ổ loét vết thương mạn tính | G34: TT2 | H34: 2127400 | I34: V.TÂN | J34: =R34-L34-N34-P34-Q34 -> 175510.5 | K34: KHÉN | L34: =IF(K34="-",0,H34*0.03) -> 63822 | M34: Đ.KHANG | N34: =IF(M34="-",0,H34*0.02) -> 42548 | O34: - | P34: =IF(O34="-",0,H34*0.01) -> 0 | Q34: =H34*0.005 -> 10637 | R34: =IF(I34="V.Tân",H34*0.1375,IF(I34="nguyện",H34*0.1375,IF(I34="TOẢN",H34*0.1375,H34*0.17))) -> 292517.5
A35: 29 | B35: 05/04/2025 | C35: Nguyễn Thị Mỹ | E35: 88 | F35: PT thay khớp háng bán phần | G35: TT1 | H35: 3897500 | I35: TẤN | J35: =R35-L35-N35-P35-Q35 -> 409237.5 | K35: NGUYỆN | L35: =IF(K35="-",0,H35*0.03) -> 116925 | M35: TUẤN | N35: =IF(M35="-",0,H35*0.02) -> 77950 | O35: THÁI | P35: =IF(O35="-",0,H35*0.01) -> 38975 | Q35: =H35*0.005 -> 19487.5 | R35: =IF(I35="V.Tân",H35*0.1375,IF(I35="nguyện",H35*0.1375,IF(I35="TOẢN",H35*0.1375,H35*0.17))) -> 662575
A36: 30 | B36: 07/4/2025 | C36: Trương Bích Ngọc | E36: 72 | F36: Cắt u lành phần mềm > 10cm | G36: TT1 | H36: 1859300 | I36: ĐIỀN | J36: =R36-L36-N36-P36-Q36 -> 213819.5 | K36: T.HƯỞNG | L36: =IF(K36="-",0,H36*0.03) -> 55779 | M36: KHÉN | N36: =IF(M36="-",0,H36*0.02) -> 37186 | O36: - | P36: =IF(O36="-",0,H36*0.01) -> 0 | Q36: =H36*0.005 -> 9296.5 | R36: =IF(I36="V.Tân",H36*0.1375,IF(I36="nguyện",H36*0.1375,IF(I36="TOẢN",H36*0.1375,H36*0.17))) -> 316081
A37: 31 | B37: 08/04/2025 | C37: Trần Văn Thu | D37: 97 | F37: PT thay khớp háng bán phần | G37: TT1 | H37: 3897500 | I37: NGUYỆN | J37: =R37-L37-N37-P37-Q37 -> 282568.75 | K37: TÙNG | L37: =IF(K37="-",0,H37*0.03) -> 116925 | M37: Đ.KHANG | N37: =IF(M37="-",0,H37*0.02) -> 77950 | O37: NHỊ | P37: =IF(O37="-",0,H37*0.01) -> 38975 | Q37: =H37*0.005 -> 19487.5 | R37: =IF(I37="V.Tân",H37*0.1375,IF(I37="nguyện",H37*0.1375,IF(I37="TOẢN",H37*0.1375,H37*0.17))) -> 535906.25
A38: 32 | B38: 08/04/2025 | C38: Võ Thị Thúy Kiều | E38: 32 | F38: KHX trên màn hình tăng sáng | G38: TTDB | H38: 4497500 | I38: TOẢN | J38: =R38-L38-N38-P38-Q38 -> 326068.75 | K38: Đ.KHANG | L38: =IF(K38="-",0,H38*0.03) -> 134925 | M38: TÙNG | N38: =IF(M38="-",0,H38*0.02) -> 89950 | O38: NHỊ | P38: =IF(O38="-",0,H38*0.01) -> 44975 | Q38: =H38*0.005 -> 22487.5 | R38: =IF(I38="V.Tân",H38*0.1375,IF(I38="nguyện",H38*0.1375,IF(I38="TOẢN",H38*0.1375,H38*0.17))) -> 618406.25
A39: 33 | B39: 09/04/2025 | C39: Trần Thị Hiến | E39: 73 | F39: Thay toàn bộ khớp gối | G39: TTDB | H39: 3525500 | I39: TẤN | J39: =R39-L39-N39-P39-Q39 -> 370177.5 | K39: TOẢN | L39: =IF(K39="-",0,H39*0.03) -> 105765 | M39: TUẤN | N39: =IF(M39="-",0,H39*0.02) -> 70510 | O39: ĐẠT | P39: =IF(O39="-",0,H39*0.01) -> 35255 | Q39: =H39*0.005 -> 17627.5 | R39: =IF(I39="V.Tân",H39*0.1375,IF(I39="nguyện",H39*0.1375,IF(I39="TOẢN",H39*0.1375,H39*0.17))) -> 599335
A40: 34 | B40: 09/04/2025 | C40: Nguyễn Hoàng Ly | E40: 40 | F40: PT giải ép thần kinh | G40: TT1 | H40: 2301200 | I40: TOẢN | J40: =R40-L40-N40-P40-Q40 -> 189849 | K40: THÁI | L40: =IF(K40="-",0,H40*0.03) -> 69036 | M40: KHÉN | N40: =IF(M40="-",0,H40*0.02) -> 46024 | O40: - | P40: =IF(O40="-",0,H40*0.01) -> 0 | Q40: =H40*0.005 -> 11506 | R40: =IF(I40="V.Tân",H40*0.1375,IF(I40="nguyện",H40*0.1375,IF(I40="TOẢN",H40*0.1375,H40*0.17))) -> 316415
A41: 35 | B41: 09/04/2025 | C41: Hồ Hoàng Anh | D41: 44 | F41: Cắt lọc hoại tử ổ loét vết thương mạn tính | G41: TT2 | H41: 2128200 | I41: V.TÂN | J41: =R41-L41-N41-P41-Q41 -> 175576.5 | K41: Đ.KHANG | L41: =IF(K41="-",0,H41*0.03) -> 63846 | M41: KHÉN | N41: =IF(M41="-",0,H41*0.02) -> 42564 | O41: - | P41: =IF(O41="-",0,H41*0.01) -> 0 | Q41: =H41*0.005 -> 10641 | R41: =IF(I41="V.Tân",H41*0.1375,IF(I41="nguyện",H41*0.1375,IF(I41="TOẢN",H41*0.1375,H41*0.17))) -> 292627.5
A42: 36 | B42: 09/04/2025 | C42: Nguyễn Văn Luôn | D42: 28 | F42: PT lấy nhân đệm CSTL qua da | G42: TT1 | H42: 3796000 | I42: GIÀU | J42: =R42-L42-N42-P42-Q42 -> 398580 | K42: TÙNG | L42: =IF(K42="-",0,H42*0.03) -> 113880 | M42: THÁI | N42: =IF(M42="-",0,H42*0.02) -> 75920 | O42: KHÉN | P42: =IF(O42="-",0,H42*0.01) -> 37960 | Q42: =H42*0.005 -> 18980 | R42: =IF(I42="V.Tân",H42*0.1375,IF(I42="nguyện",H42*0.1375,IF(I42="TOẢN",H42*0.1375,H42*0.17))) -> 645320
A43: 37 | B43: 09/04/2025 | C43: Nguyễn Hoàng Lễ | D43: 54 | F43: KHX trên màn hình tăng sáng | G43: TTDB | H43: 4497500 | I43: V.TÂN | J43: =R43-L43-N43-P43-Q43 -> 326068.75 | K43: TUẤN | L43: =IF(K43="-",0,H43*0.03) -> 134925 | M43: TÙNG | N43: =IF(M43="-",0,H43*0.02) -> 89950 | O43: T.HƯỞNG | P43: =IF(O43="-",0,H43*0.01) -> 44975 | Q43: =H43*0.005 -> 22487.5 | R43: =IF(I43="V.Tân",H43*0.1375,IF(I43="nguyện",H43*0.1375,IF(I43="TOẢN",H43*0.1375,H43*0.17))) -> 618406.25
A44: 38 | B44: 09/04/2025 | C44: Nguyễn Văn Thọ | D44: 71 | F44: KHX trên màn hình tăng sáng | G44: TTDB | H44: 4497500 | I44: NGUYỆN | J44: =R44-L44-N44-P44-Q44 -> 326068.75 | K44: V.TÂN | L44: =IF(K44="-",0,H44*0.03) -> 134925 | M44: T.HƯỞNG | N44: =IF(M44="-",0,H44*0.02) -> 89950 | O44: TÙNG | P44: =IF(O44="-",0,H44*0.01) -> 44975 | Q44: =H44*0.005 -> 22487.5 | R44: =IF(I44="V.Tân",H44*0.1375,IF(I44="nguyện",H44*0.1375,IF(I44="TOẢN",H44*0.1375,H44*0.17))) -> 618406.25
A45: 39 | B45: 09/04/2025 | C45: Nguyễn Văn Thọ | D45: 71 | F45: KHX trên màn hình tăng sáng (80%) | G45: TTDB | H45: 3598000 | I45: GIÀU | J45: =R45-L45-N45-P45-Q45 -> 377790 | K45: TUẤN | L45: =IF(K45="-",0,H45*0.03) -> 107940 | M45: KHÉN | N45: =IF(M45="-",0,H45*0.02) -> 71960 | O45: THÁI | P45: =IF(O45="-",0,H45*0.01) -> 35980 | Q45: =H45*0.005 -> 17990 | R45: =IF(I45="V.Tân",H45*0.1375,IF(I45="nguyện",H45*0.1375,IF(I45="TOẢN",H45*0.1375,H45*0.17))) -> 611660
A46: 40 | B46: 09/04/2025 | C46: Nguyễn Hà My | E46: 19 | F46: KHX trên màn hình tăng sáng | G46: TTDB | H46: 4497500 | I46: GIÀU | J46: =R46-L46-N46-P46-Q46 -> 472237.5 | K46: ĐẠT | L46: =IF(K46="-",0,H46*0.03) -> 134925 | M46: Đ.KHANG | N46: =IF(M46="-",0,H46*0.02) -> 89950 | O46: NHỊ | P46: =IF(O46="-",0,H46*0.01) -> 44975 | Q46: =H46*0.005 -> 22487.5 | R46: =IF(I46="V.Tân",H46*0.1375,IF(I46="nguyện",H46*0.1375,IF(I46="TOẢN",H46*0.1375,H46*0.17))) -> 764575
A47: 41 | B47: 10/04/2025 | C47: Đặng Thị Mùi | E47: 83 | F47: Làm mõm cụt | G47: TT2 | H47: 1773300 | I47: ĐIỀN | J47: =R47-L47-N47-P47-Q47 -> 239395.5 | K47: LUẬT | L47: =IF(K47="-",0,H47*0.03) -> 53199 | M47: - | N47: =IF(M47="-",0,H47*0.02) -> 0 | O47: - | P47: =IF(O47="-",0,H47*0.01) -> 0 | Q47: =H47*0.005 -> 8866.5 | R47: =IF(I47="V.Tân",H47*0.1375,IF(I47="nguyện",H47*0.1375,IF(I47="TOẢN",H47*0.1375,H47*0.17))) -> 301461
A48: 42 | B48: 10/04/2025 | C48: Nguyễn Thị Út Mót | E48: 72 | F48: KHX trên màn hình tăng sáng | G48: TTDB | H48: 4497500 | I48: ĐIỀN | J48: =R48-L48-N48-P48-Q48 -> 472237.5 | K48: TUẤN | L48: =IF(K48="-",0,H48*0.03) -> 134925 | M48: T.HƯỞNG | N48: =IF(M48="-",0,H48*0.02) -> 89950 | O48: KHÉN | P48: =IF(O48="-",0,H48*0.01) -> 44975 | Q48: =H48*0.005 -> 22487.5 | R48: =IF(I48="V.Tân",H48*0.1375,IF(I48="nguyện",H48*0.1375,IF(I48="TOẢN",H48*0.1375,H48*0.17))) -> 764575
A49: 43 | B49: 10/04/2025 | C49: Lê Hồng Khánh | D49: 43 | F49: PT vết thương phần mềm phức tạp | G49: TT1 | H49: 796000 | I49: TOẢN | J49: =R49-L49-N49-P49-Q49 -> 57710 | K49: TÙNG | L49: =IF(K49="-",0,H49*0.03) -> 23880 | M49: THÁI | N49: =IF(M49="-",0,H49*0.02) -> 15920 | O49: V.HƯỞNG | P49: =IF(O49="-",0,H49*0.01) -> 7960 | Q49: =H49*0.005 -> 3980 | R49: =IF(I49="V.Tân",H49*0.1375,IF(I49="nguyện",H49*0.1375,IF(I49="TOẢN",H49*0.1375,H49*0.17))) -> 109450
A50: 44 | B50: 11/4/2025 | C50: Tô Văn Giỏi | D50: 86 | F50: PT cắt cụt chi | G50: TT2 | H50: 1947600 | I50: V.TÂN | J50: =R50-L50-N50-P50-Q50 -> 160677 | K50: TUẤN | L50: =IF(K50="-",0,H50*0.03) -> 58428 | M50: Đ.KHANG | N50: =IF(M50="-",0,H50*0.02) -> 38952 | O50: - | P50: =IF(O50="-",0,H50*0.01) -> 0 | Q50: =H50*0.005 -> 9738 | R50: =IF(I50="V.Tân",H50*0.1375,IF(I50="nguyện",H50*0.1375,IF(I50="TOẢN",H50*0.1375,H50*0.17))) -> 267795
A51: 45 | B51: 11/4/2025 | C51: Nguyễn Thị Tím | E51: 21 | F51: Lấy DC KHX | G51: TT2 | H51: 2559100 | I51: V.TÂN | J51: =R51-L51-N51-P51-Q51 -> 211125.75 | K51: Đ.KHANG | L51: =IF(K51="-",0,H51*0.03) -> 76773 | M51: TÙNG | N51: =IF(M51="-",0,H51*0.02) -> 51182 | O51: - | P51: =IF(O51="-",0,H51*0.01) -> 0 | Q51: =H51*0.005 -> 12795.5 | R51: =IF(I51="V.Tân",H51*0.1375,IF(I51="nguyện",H51*0.1375,IF(I51="TOẢN",H51*0.1375,H51*0.17))) -> 351876.25
A52: 46 | B52: 12/4/2025 | C52: Hồng Phước Khánh | D52: 22 | F52: PT cắt u máu nhỏ | G52: TT2 | H52: 1687900 | I52: GIÀU | J52: =R52-L52-N52-P52-Q52 -> 194108.5 | K52: TÙNG | L52: =IF(K52="-",0,H52*0.03) -> 50637 | M52: N.KHANG | N52: =IF(M52="-",0,H52*0.02) -> 33758 | O52: - | P52: =IF(O52="-",0,H52*0.01) -> 0 | Q52: =H52*0.005 -> 8439.5 | R52: =IF(I52="V.Tân",H52*0.1375,IF(I52="nguyện",H52*0.1375,IF(I52="TOẢN",H52*0.1375,H52*0.17))) -> 286943
A53: 47 | B53: 12/4/2025 | C53: Võ Thị Niết | E53: 67 | F53: Thay toàn bộ khớp gối | G53: TTDB | H53: 3525500 | I53: TẤN | J53: =R53-L53-N53-P53-Q53 -> 370177.5 | K53: NGUYỆN | L53: =IF(K53="-",0,H53*0.03) -> 105765 | M53: Đ.KHANG | N53: =IF(M53="-",0,H53*0.02) -> 70510 | O53: T.HƯỞNG | P53: =IF(O53="-",0,H53*0.01) -> 35255 | Q53: =H53*0.005 -> 17627.5 | R53: =IF(I53="V.Tân",H53*0.1375,IF(I53="nguyện",H53*0.1375,IF(I53="TOẢN",H53*0.1375,H53*0.17))) -> 599335
A54: 48 | B54: 12/4/2025 | C54: Trần Minh Đức | D54: 45 | F54: PTNS tái tạo dây chằng | G54: TTDB | H54: 3405500 | I54: TOẢN | J54: =R54-L54-N54-P54-Q54 -> 246898.75 | K54: TUẤN | L54: =IF(K54="-",0,H54*0.03) -> 102165 | M54: ĐẠT | N54: =IF(M54="-",0,H54*0.02) -> 68110 | O54: Đ.KHANG | P54: =IF(O54="-",0,H54*0.01) -> 34055 | Q54: =H54*0.005 -> 17027.5 | R54: =IF(I54="V.Tân",H54*0.1375,IF(I54="nguyện",H54*0.1375,IF(I54="TOẢN",H54*0.1375,H54*0.17))) -> 468256.25
A55: 49 | B55: 12/4/2025 | C55: Nguyễn Thị Danh | E55: 63 | F55: PTNS khâu chóp xoay | G55: TTDB | H55: 5397500 | I55: TOẢN | J55: =R55-L55-N55-P55-Q55 -> 391318.75 | K55: TUẤN | L55: =IF(K55="-",0,H55*0.03) -> 161925 | M55: ĐẠT | N55: =IF(M55="-",0,H55*0.02) -> 107950 | O55: Đ.KHANG | P55: =IF(O55="-",0,H55*0.01) -> 53975 | Q55: =H55*0.005 -> 26987.5 | R55: =IF(I55="V.Tân",H55*0.1375,IF(I55="nguyện",H55*0.1375,IF(I55="TOẢN",H55*0.1375,H55*0.17))) -> 742156.25
A56: 50 | B56: 12/4/2025 | C56: Tô Văn Giỏi | D56: 86 | F56: Cắt lọc hoại tử ổ loét vết thương mạn tính | G56: TT2 | H56: 2128200 | I56: ĐIỀN | J56: =R56-L56-N56-P56-Q56 -> 223461 | K56: T.HƯỞNG | L56: =IF(K56="-",0,H56*0.03) -> 63846 | M56: LUẬT | N56: =IF(M56="-",0,H56*0.02) -> 42564 | O56: NGHĨA | P56: =IF(O56="-",0,H56*0.01) -> 21282 | Q56: =H56*0.005 -> 10641 | R56: =IF(I56="V.Tân",H56*0.1375,IF(I56="nguyện",H56*0.1375,IF(I56="TOẢN",H56*0.1375,H56*0.17))) -> 361794
A57: 51 | B57: 14/4/2025 | C57: Dương Phúc Ngọ | D57: 71 | F57: Cắt lọc hoại tử ổ loét vết thương mạn tính | G57: TT2 | H57: 2127400 | I57: TRIỀU | J57: =R57-L57-N57-P57-Q57 -> 223377 | K57: V.TÂN | L57: =IF(K57="-",0,H57*0.03) -> 63822 | M57: NGUYỆN | N57: =IF(M57="-",0,H57*0.02) -> 42548 | O57: LUẬT | P57: =IF(O57="-",0,H57*0.01) -> 21274 | Q57: =H57*0.005 -> 10637 | R57: =IF(I57="V.Tân",H57*0.1375,IF(I57="nguyện",H57*0.1375,IF(I57="TOẢN",H57*0.1375,H57*0.17))) -> 361658
A58: 52 | B58: 14/4/2025 | C58: Hồ Hoàng Anh | D58: 44 | F58: Ghép da < 50% | G58: TT2 | H58: 2934400 | I58: V.TÂN | J58: =R58-L58-N58-P58-Q58 -> 242088 | K58: T.HƯỞNG | L58: =IF(K58="-",0,H58*0.03) -> 88032 | M58: TÙNG | N58: =IF(M58="-",0,H58*0.02) -> 58688 | O58: - | P58: =IF(O58="-",0,H58*0.01) -> 0 | Q58: =H58*0.005 -> 14672 | R58: =IF(I58="V.Tân",H58*0.1375,IF(I58="nguyện",H58*0.1375,IF(I58="TOẢN",H58*0.1375,H58*0.17))) -> 403480
A59: 53 | B59: 14/4/2025 | C59: Trần Thị Thu Huê | E59: 73 | F59: PT thay khớp háng bán phần | G59: TP | H59: 8000000 | I59: NGUYỆN | J59: =R59-L59-N59-P59-Q59 -> 580000 | K59: TOẢN | L59: =IF(K59="-",0,H59*0.03) -> 240000 | M59: TUẤN | N59: =IF(M59="-",0,H59*0.02) -> 160000 | O59: THÁI | P59: =IF(O59="-",0,H59*0.01) -> 80000 | Q59: =H59*0.005 -> 40000 | R59: =IF(I59="V.Tân",H59*0.1375,IF(I59="nguyện",H59*0.1375,IF(I59="TOẢN",H59*0.1375,H59*0.17))) -> 1100000
A60: 54 | B60: 14/4/2025 | C60: Huỳnh Văn Cường | D60: 29 | F60: Khâu phục hồi tổn thương gân duỗi | G60: TT1 | H60: 2697300 | I60: GIÀU | J60: =R60-L60-N60-P60-Q60 -> 283216.5 | K60: ĐẠT | L60: =IF(K60="-",0,H60*0.03) -> 80919 | M60: THÁI | N60: =IF(M60="-",0,H60*0.02) -> 53946 | O60: V.HƯỞNG | P60: =IF(O60="-",0,H60*0.01) -> 26973 | Q60: =H60*0.005 -> 13486.5 | R60: =IF(I60="V.Tân",H60*0.1375,IF(I60="nguyện",H60*0.1375,IF(I60="TOẢN",H60*0.1375,H60*0.17))) -> 458541
A61: 55 | B61: 15/4/2025 | C61: Thái Cẩm Nhung | E61: 64 | F61: Lấy máu tụ gối | G61: TP | H61: 3000000 | I61: TOẢN | J61: =R61-L61-N61-P61-Q61 -> 217500 | K61: TÙNG | L61: =IF(K61="-",0,H61*0.03) -> 90000 | M61: THÁI | N61: =IF(M61="-",0,H61*0.02) -> 60000 | O61: N.KHANG | P61: =IF(O61="-",0,H61*0.01) -> 30000 | Q61: =H61*0.005 -> 15000 | R61: =IF(I61="V.Tân",H61*0.1375,IF(I61="nguyện",H61*0.1375,IF(I61="TOẢN",H61*0.1375,H61*0.17))) -> 412500
A62: 56 | B62: 15/4/2025 | C62: Lê Phước Đời | D62: 42 | F62: Thay toàn bộ khớp háng | G62: TTDB | H62: 3525500 | I62: TẤN | J62: =R62-L62-N62-P62-Q62 -> 370177.5 | K62: TOẢN | L62: =IF(K62="-",0,H62*0.03) -> 105765 | M62: TUẤN | N62: =IF(M62="-",0,H62*0.02) -> 70510 | O62: Đ.KHANG | P62: =IF(O62="-",0,H62*0.01) -> 35255 | Q62: =H62*0.005 -> 17627.5 | R62: =IF(I62="V.Tân",H62*0.1375,IF(I62="nguyện",H62*0.1375,IF(I62="TOẢN",H62*0.1375,H62*0.17))) -> 599335
A63: 57 | B63: 15/4/2025 | C63: Lê Phước Đời | D63: 42 | F63: Thay toàn bộ khớp háng (50%) | G63: TTDB | H63: 1762750 | I63: TẤN | J63: =R63-L63-N63-P63-Q63 -> 185088.75 | K63: TOẢN | L63: =IF(K63="-",0,H63*0.03) -> 52882.5 | M63: TUẤN | N63: =IF(M63="-",0,H63*0.02) -> 35255 | O63: Đ.KHANG | P63: =IF(O63="-",0,H63*0.01) -> 17627.5 | Q63: =H63*0.005 -> 8813.75 | R63: =IF(I63="V.Tân",H63*0.1375,IF(I63="nguyện",H63*0.1375,IF(I63="TOẢN",H63*0.1375,H63*0.17))) -> 299667.5
A64: 58 | B64: 15/4/2025 | C64: Nguyễn Văn Cường | D64: 60 | F64: Lấy DC KHX | G64: TT2 | H64: 2559100 | I64: V.TÂN | J64: =R64-L64-N64-P64-Q64 -> 185534.75 | K64: ĐẠT | L64: =IF(K64="-",0,H64*0.03) -> 76773 | M64: LUẬT | N64: =IF(M64="-",0,H64*0.02) -> 51182 | O64: NGHĨA | P64: =IF(O64="-",0,H64*0.01) -> 25591 | Q64: =H64*0.005 -> 12795.5 | R64: =IF(I64="V.Tân",H64*0.1375,IF(I64="nguyện",H64*0.1375,IF(I64="TOẢN",H64*0.1375,H64*0.17))) -> 351876.25
A65: 59 | B65: 15/4/2025 | C65: Lê Thị Kiều Thu | E65: 39 | F65: Lấy DC KHX | G65: TT2 | H65: 2559100 | I65: ĐIỀN | J65: =R65-L65-N65-P65-Q65 -> 268705.5 | K65: ĐẠT | L65: =IF(K65="-",0,H65*0.03) -> 76773 | M65: LUẬT | N65: =IF(M65="-",0,H65*0.02) -> 51182 | O65: NGHĨA | P65: =IF(O65="-",0,H65*0.01) -> 25591 | Q65: =H65*0.005 -> 12795.5 | R65: =IF(I65="V.Tân",H65*0.1375,IF(I65="nguyện",H65*0.1375,IF(I65="TOẢN",H65*0.1375,H65*0.17))) -> 435047
A66: 60 | B66: 15/4/2025 | C66: Nguyễn Thị Nàng | E66: 60 | F66: Lấy DC KHX | G66: TT2 | H66: 2559100 | I66: V.TÂN | J66: =R66-L66-N66-P66-Q66 -> 185534.75 | K66: LUẬT | L66: =IF(K66="-",0,H66*0.03) -> 76773 | M66: Đ.KHANG | N66: =IF(M66="-",0,H66*0.02) -> 51182 | O66: TÙNG | P66: =IF(O66="-",0,H66*0.01) -> 25591 | Q66: =H66*0.005 -> 12795.5 | R66: =IF(I66="V.Tân",H66*0.1375,IF(I66="nguyện",H66*0.1375,IF(I66="TOẢN",H66*0.1375,H66*0.17))) -> 351876.25
A67: 61 | B67: 15/4/2025 | C67: Bùi Vĩnh Thái | D67: 23 | F67: KHX trên màn hình tăng sáng | G67: TTDB | H67: 4497500 | I67: GIÀU | J67: =R67-L67-N67-P67-Q67 -> 472237.5 | K67: TUẤN | L67: =IF(K67="-",0,H67*0.03) -> 134925 | M67: T.HƯỞNG | N67: =IF(M67="-",0,H67*0.02) -> 89950 | O67: KHÉN | P67: =IF(O67="-",0,H67*0.01) -> 44975 | Q67: =H67*0.005 -> 22487.5 | R67: =IF(I67="V.Tân",H67*0.1375,IF(I67="nguyện",H67*0.1375,IF(I67="TOẢN",H67*0.1375,H67*0.17))) -> 764575
A68: 62 | B68: 16/4/2025 | C68: NGUYỄN MINH HIỀN | D68: 44 | F68: Khâu phục hồi tổn thương gân duỗi | G68: TT1 | H68: 2697300 | I68: GIÀU | J68: =R68-L68-N68-P68-Q68 -> 283216.5 | K68: TUẤN | L68: =IF(K68="-",0,H68*0.03) -> 80919 | M68: TÙNG | N68: =IF(M68="-",0,H68*0.02) -> 53946 | O68: Đ.KHANG | P68: =IF(O68="-",0,H68*0.01) -> 26973 | Q68: =H68*0.005 -> 13486.5 | R68: =IF(I68="V.Tân",H68*0.1375,IF(I68="nguyện",H68*0.1375,IF(I68="TOẢN",H68*0.1375,H68*0.17))) -> 458541
A69: 63 | B69: 16/4/2025 | C69: HUỲNH HỬU KỲ | D69: 70 | F69: Cắt ngón | G69: TT2 | H69: 1773300 | I69: ĐIỀN | J69: =R69-L69-N69-P69-Q69 -> 203929.5 | K69: ĐẠT | L69: =IF(K69="-",0,H69*0.03) -> 53199 | M69: NGHĨA | N69: =IF(M69="-",0,H69*0.02) -> 35466 | O69: - | P69: =IF(O69="-",0,H69*0.01) -> 0 | Q69: =H69*0.005 -> 8866.5 | R69: =IF(I69="V.Tân",H69*0.1375,IF(I69="nguyện",H69*0.1375,IF(I69="TOẢN",H69*0.1375,H69*0.17))) -> 301461
A70: 64 | B70: 16/4/2025 | C70: Bùi Văn Ca | D70: 75 | F70: Cắt lọc hoại tử ổ loét vết thương mạn tính | G70: TT2 | H70: 2128200 | I70: ĐIỀN | J70: =R70-L70-N70-P70-Q70 -> 223461 | K70: TUẤN | L70: =IF(K70="-",0,H70*0.03) -> 63846 | M70: KHÉN | N70: =IF(M70="-",0,H70*0.02) -> 42564 | O70: NGHĨA | P70: =IF(O70="-",0,H70*0.01) -> 21282 | Q70: =H70*0.005 -> 10641 | R70: =IF(I70="V.Tân",H70*0.1375,IF(I70="nguyện",H70*0.1375,IF(I70="TOẢN",H70*0.1375,H70*0.17))) -> 361794
A71: 65 | B71: 16/4/2025 | C71: Lý Văn Bas | D71: 50 | F71: PT KHX gãy trật đốt bàn ngón chân | G71: TP | H71: 4253000 | I71: ĐIỀN | J71: =R71-L71-N71-P71-Q71 -> 446565 | K71: ĐẠT | L71: =IF(K71="-",0,H71*0.03) -> 127590 | M71: T.HƯỞNG | N71: =IF(M71="-",0,H71*0.02) -> 85060 | O71: NGHĨA | P71: =IF(O71="-",0,H71*0.01) -> 42530 | Q71: =H71*0.005 -> 21265 | R71: =IF(I71="V.Tân",H71*0.1375,IF(I71="nguyện",H71*0.1375,IF(I71="TOẢN",H71*0.1375,H71*0.17))) -> 723010
A72: 66 | B72: 18/04/2025 | C72: Dương Trung Tuấn | D72: 28 | F72: PT vết thương phần mềm tổn thương thần kinh trụ, thần kinh quay | G72: TTDB | H72: 1795400 | I72: NGUYỆN | J72: =R72-L72-N72-P72-Q72 -> 130166.5 | K72: TUẤN | L72: =IF(K72="-",0,H72*0.03) -> 53862 | M72: TÙNG | N72: =IF(M72="-",0,H72*0.02) -> 35908 | O72: V.HƯỞNG | P72: =IF(O72="-",0,H72*0.01) -> 17954 | Q72: =H72*0.005 -> 8977 | R72: =IF(I72="V.Tân",H72*0.1375,IF(I72="nguyện",H72*0.1375,IF(I72="TOẢN",H72*0.1375,H72*0.17))) -> 246867.5
A73: 67 | B73: 18/04/2025 | C73: Trần Minh Tùng | D73: 49 | F73: Cắt lọc hoại tử ổ loét vết thương mạn tính | G73: TT2 | H73: 2128200 | I73: V.TÂN | J73: =R73-L73-N73-P73-Q73 -> 281986.5 | K73: - | L73: =IF(K73="-",0,H73*0.03) -> 0 | M73: - | N73: =IF(M73="-",0,H73*0.02) -> 0 | O73: - | P73: =IF(O73="-",0,H73*0.01) -> 0 | Q73: =H73*0.005 -> 10641 | R73: =IF(I73="V.Tân",H73*0.1375,IF(I73="nguyện",H73*0.1375,IF(I73="TOẢN",H73*0.1375,H73*0.17))) -> 292627.5
A74: 68 | B74: 18/04/2025 | C74: Ngô Công Văn | D74: 60 | F74: Cắt lọc hoại tử ổ loét vết thương mạn tính | G74: TT2 | H74: 2128200 | I74: ĐIỀN | J74: =R74-L74-N74-P74-Q74 -> 351153 | K74: - | L74: =IF(K74="-",0,H74*0.03) -> 0 | M74: - | N74: =IF(M74="-",0,H74*0.02) -> 0 | O74: - | P74: =IF(O74="-",0,H74*0.01) -> 0 | Q74: =H74*0.005 -> 10641 | R74: =IF(I74="V.Tân",H74*0.1375,IF(I74="nguyện",H74*0.1375,IF(I74="TOẢN",H74*0.1375,H74*0.17))) -> 361794
A75: 69 | B75: 19/04/2025 | C75: Nguyễn Hoàng Mau | D75: 37 | F75: PT KHX trên màn hình tăng sáng | G75: TTDB | H75: 4497500 | I75: NGUYỆN | J75: =R75-L75-N75-P75-Q75 -> 326068.75 | K75: TUẤN | L75: =IF(K75="-",0,H75*0.03) -> 134925 | M75: TÙNG | N75: =IF(M75="-",0,H75*0.02) -> 89950 | O75: V.HƯỞNG | P75: =IF(O75="-",0,H75*0.01) -> 44975 | Q75: =H75*0.005 -> 22487.5 | R75: =IF(I75="V.Tân",H75*0.1375,IF(I75="nguyện",H75*0.1375,IF(I75="TOẢN",H75*0.1375,H75*0.17))) -> 618406.25
A76: 70 | B76: 21/4/2025 | C76: Lưu Văn Cường | D76: 35 | F76: PT viêm xương | G76: TT2 | H76: 2760300 | I76: TẤN | J76: =R76-L76-N76-P76-Q76 -> 289831.5 | K76: NGUYỆN | L76: =IF(K76="-",0,H76*0.03) -> 82809 | M76: TOẢN | N76: =IF(M76="-",0,H76*0.02) -> 55206 | O76: TUẤN | P76: =IF(O76="-",0,H76*0.01) -> 27603 | Q76: =H76*0.005 -> 13801.5 | R76: =IF(I76="V.Tân",H76*0.1375,IF(I76="nguyện",H76*0.1375,IF(I76="TOẢN",H76*0.1375,H76*0.17))) -> 469251
A77: 71 | B77: 21/4/2025 | C77: Trần Văn Đạt | D77: 28 | F77: PT cố định cột sống | G77: TP | H77: 10000000 | I77: NGUYỆN | J77: =R77-L77-N77-P77-Q77 -> 725000 | K77: TUẤN | L77: =IF(K77="-",0,H77*0.03) -> 300000 | M77: THÁI | N77: =IF(M77="-",0,H77*0.02) -> 200000 | O77: Đ.KHANG | P77: =IF(O77="-",0,H77*0.01) -> 100000 | Q77: =H77*0.005 -> 50000 | R77: =IF(I77="V.Tân",H77*0.1375,IF(I77="nguyện",H77*0.1375,IF(I77="TOẢN",H77*0.1375,H77*0.17))) -> 1375000
A78: 72 | B78: 22/4/2025 | C78: Nguyễn Thị Xê | E78: 63 | F78: PT rút nẹp KHX | G78: TT2 | H78: 2559100 | I78: TẤN | J78: =R78-L78-N78-P78-Q78 -> 268705.5 | K78: NGUYỆN | L78: =IF(K78="-",0,H78*0.03) -> 76773 | M78: TUẤN | N78: =IF(M78="-",0,H78*0.02) -> 51182 | O78: THÁI | P78: =IF(O78="-",0,H78*0.01) -> 25591 | Q78: =H78*0.005 -> 12795.5 | R78: =IF(I78="V.Tân",H78*0.1375,IF(I78="nguyện",H78*0.1375,IF(I78="TOẢN",H78*0.1375,H78*0.17))) -> 435047
A79: 74 | B79: 22/4/2025 | C79: Nguyễn Thị Lang | E79: 88 | F79: Thay khớp háng bán phần | G79: TT1 | H79: 3897500 | I79: NGUYỆN | J79: =R79-L79-N79-P79-Q79 -> 282568.75 | K79: TUẤN | L79: =IF(K79="-",0,H79*0.03) -> 116925 | M79: T.HƯỞNG | N79: =IF(M79="-",0,H79*0.02) -> 77950 | O79: NGHĨA | P79: =IF(O79="-",0,H79*0.01) -> 38975 | Q79: =H79*0.005 -> 19487.5 | R79: =IF(I79="V.Tân",H79*0.1375,IF(I79="nguyện",H79*0.1375,IF(I79="TOẢN",H79*0.1375,H79*0.17))) -> 535906.25
A80: 75 | B80: 22/4/2025 | C80: Nguyễn Minh Hoàng | D80: 51 | F80: KHX trên màn hình tăng sáng | G80: TP | H80: 9972000 | I80: GIÀU | J80: =R80-L80-N80-P80-Q80 -> 1645380 | K80: - | L80: =IF(K80="-",0,H80*0.03) -> 0 | M80: - | N80: =IF(M80="-",0,H80*0.02) -> 0 | O80: - | P80: =IF(O80="-",0,H80*0.01) -> 0 | Q80: =H80*0.005 -> 49860 | R80: =IF(I80="V.Tân",H80*0.1375,IF(I80="nguyện",H80*0.1375,IF(I80="TOẢN",H80*0.1375,H80*0.17))) -> 1695240
A81: 76 | B81: 22/4/2025 | C81: Trần Thị Mai | E81: 61 | F81: KHX trên màn hình tăng sáng | G81: TTDB | H81: 4497500 | I81: TOẢN | J81: =R81-L81-N81-P81-Q81 -> 595918.75 | K81: - | L81: =IF(K81="-",0,H81*0.03) -> 0 | M81: - | N81: =IF(M81="-",0,H81*0.02) -> 0 | O81: - | P81: =IF(O81="-",0,H81*0.01) -> 0 | Q81: =H81*0.005 -> 22487.5 | R81: =IF(I81="V.Tân",H81*0.1375,IF(I81="nguyện",H81*0.1375,IF(I81="TOẢN",H81*0.1375,H81*0.17))) -> 618406.25
A82: 77 | B82: 22/4/2025 | C82: Trần Thanh Tâm | D82: 77 | F82: Cắt u lành phần mềm < 10cm | G82: TT2 | H82: 859300 | I82: V.TÂN | J82: =R82-L82-N82-P82-Q82 -> 113857.25 | K82: - | L82: =IF(K82="-",0,H82*0.03) -> 0 | M82: - | N82: =IF(M82="-",0,H82*0.02) -> 0 | O82: - | P82: =IF(O82="-",0,H82*0.01) -> 0 | Q82: =H82*0.005 -> 4296.5 | R82: =IF(I82="V.Tân",H82*0.1375,IF(I82="nguyện",H82*0.1375,IF(I82="TOẢN",H82*0.1375,H82*0.17))) -> 118153.75
A83: 78 | B83: 22/4/2025 | C83: Tiêu Xái Hía | E83: 60 | F83: PT tổn thương gân Achille | G83: TT1 | H83: 2697300 | I83: GIÀU | J83: =R83-L83-N83-P83-Q83 -> 310189.5 | K83: KHÉN | L83: =IF(K83="-",0,H83*0.03) -> 80919 | M83: NGHĨA | N83: =IF(M83="-",0,H83*0.02) -> 53946 | O83: - | P83: =IF(O83="-",0,H83*0.01) -> 0 | Q83: =H83*0.005 -> 13486.5 | R83: =IF(I83="V.Tân",H83*0.1375,IF(I83="nguyện",H83*0.1375,IF(I83="TOẢN",H83*0.1375,H83*0.17))) -> 458541
A84: 79 | B84: 22/4/2025 | C84: Danh Thị Thủy | E84: 51 | F84: Cố định cột sống | G84: TTDB | H84: 4201900 | I84: NGUYỆN | J84: =R84-L84-N84-P84-Q84 -> 304637.75 | K84: TUẤN | L84: =IF(K84="-",0,H84*0.03) -> 126057 | M84: THÁI | N84: =IF(M84="-",0,H84*0.02) -> 84038 | O84: T.HƯỞNG | P84: =IF(O84="-",0,H84*0.01) -> 42019 | Q84: =H84*0.005 -> 21009.5 | R84: =IF(I84="V.Tân",H84*0.1375,IF(I84="nguyện",H84*0.1375,IF(I84="TOẢN",H84*0.1375,H84*0.17))) -> 577761.25
A85: 80 | B85: 22/4/2025 | C85: Ngô Công Văn | D85: 65 | F85: PT cắt đáy ổ loét mạn tính | G85: TT2 | H85: 3128200 | I85: ĐIỀN | J85: =R85-L85-N85-P85-Q85 -> 359743 | K85: THÁI | L85: =IF(K85="-",0,H85*0.03) -> 93846 | M85: N.KHANG | N85: =IF(M85="-",0,H85*0.02) -> 62564 | O85: - | P85: =IF(O85="-",0,H85*0.01) -> 0 | Q85: =H85*0.005 -> 15641 | R85: =IF(I85="V.Tân",H85*0.1375,IF(I85="nguyện",H85*0.1375,IF(I85="TOẢN",H85*0.1375,H85*0.17))) -> 531794
A86: 81 | B86: 23/4/2025 | C86: Mai Chí Linh | D86: 44 | F86: Khâu vết thương phần mềm >5cm | G86: TP | H86: 1500000 | I86: NGUYỆN | J86: =R86-L86-N86-P86-Q86 -> 198750 | K86: - | L86: =IF(K86="-",0,H86*0.03) -> 0 | M86: - | N86: =IF(M86="-",0,H86*0.02) -> 0 | O86: - | P86: =IF(O86="-",0,H86*0.01) -> 0 | Q86: =H86*0.005 -> 7500 | R86: =IF(I86="V.Tân",H86*0.1375,IF(I86="nguyện",H86*0.1375,IF(I86="TOẢN",H86*0.1375,H86*0.17))) -> 206250
A87: 82 | B87: 23/4/2025 | C87: Nguyễn Thị Đậm | E87: 70 | F87: Thay khớp gối toàn phần | G87: TTDB | H87: 3525500 | I87: TẤN | J87: =R87-L87-N87-P87-Q87 -> 370177.5 | K87: TOẢN | L87: =IF(K87="-",0,H87*0.03) -> 105765 | M87: TUẤN | N87: =IF(M87="-",0,H87*0.02) -> 70510 | O87: KHÉN | P87: =IF(O87="-",0,H87*0.01) -> 35255 | Q87: =H87*0.005 -> 17627.5 | R87: =IF(I87="V.Tân",H87*0.1375,IF(I87="nguyện",H87*0.1375,IF(I87="TOẢN",H87*0.1375,H87*0.17))) -> 599335
A88: 83 | B88: 23/4/2025 | C88: Lê Sỹ Lương | D88: 35 | F88: Lấy dụng cụ KHX | G88: TT2 | H88: 2559100 | I88: ĐIỀN | J88: =R88-L88-N88-P88-Q88 -> 294296.5 | K88: KHÉN | L88: =IF(K88="-",0,H88*0.03) -> 76773 | M88: LUẬT | N88: =IF(M88="-",0,H88*0.02) -> 51182 | O88: - | P88: =IF(O88="-",0,H88*0.01) -> 0 | Q88: =H88*0.005 -> 12795.5 | R88: =IF(I88="V.Tân",H88*0.1375,IF(I88="nguyện",H88*0.1375,IF(I88="TOẢN",H88*0.1375,H88*0.17))) -> 435047
A89: 84 | B89: 24/4/2025 | C89: Trương Thị Kim Thảo | E89: 49 | F89: KHX trên màn hình tăng sáng | G89: TP | H89: 9972000 | I89: GIÀU | J89: =R89-L89-N89-P89-Q89 -> 1047060 | K89: TUẤN | L89: =IF(K89="-",0,H89*0.03) -> 299160 | M89: T.HƯỞNG | N89: =IF(M89="-",0,H89*0.02) -> 199440 | O89: TÙNG | P89: =IF(O89="-",0,H89*0.01) -> 99720 | Q89: =H89*0.005 -> 49860 | R89: =IF(I89="V.Tân",H89*0.1375,IF(I89="nguyện",H89*0.1375,IF(I89="TOẢN",H89*0.1375,H89*0.17))) -> 1695240
A90: 85 | B90: 25/4/2025 | C90: Hà Nhựt Khương | D90: 50 | F90: PT khâu tổn thương thần kinh | G90: TTDB | H90: 1795400 | I90: TOẢN | J90: =R90-L90-N90-P90-Q90 -> 130166.5 | K90: T.HƯỞNG | L90: =IF(K90="-",0,H90*0.03) -> 53862 | M90: LUẬT | N90: =IF(M90="-",0,H90*0.02) -> 35908 | O90: NHỊ | P90: =IF(O90="-",0,H90*0.01) -> 17954 | Q90: =H90*0.005 -> 8977 | R90: =IF(I90="V.Tân",H90*0.1375,IF(I90="nguyện",H90*0.1375,IF(I90="TOẢN",H90*0.1375,H90*0.17))) -> 246867.5
A91: 86 | B91: 26/4/2025 | C91: Danh Hữu Đạt | D91: 35 | F91: Lấy dụng cụ KHX | G91: TT2 | H91: 2559100 | I91: GIÀU | J91: =R91-L91-N91-P91-Q91 -> 268705.5 | K91: THÁI | L91: =IF(K91="-",0,H91*0.03) -> 76773 | M91: KHÉN | N91: =IF(M91="-",0,H91*0.02) -> 51182 | O91: Đ.KHANG | P91: =IF(O91="-",0,H91*0.01) -> 25591 | Q91: =H91*0.005 -> 12795.5 | R91: =IF(I91="V.Tân",H91*0.1375,IF(I91="nguyện",H91*0.1375,IF(I91="TOẢN",H91*0.1375,H91*0.17))) -> 435047
A92: 87 | B92: 26/4/2025 | C92: Ngô Bình An | D92: 26 | F92: NS tái tạo dây chằng | G92: TTDB | H92: 3405500 | I92: TOẢN | J92: =R92-L92-N92-P92-Q92 -> 246898.75 | K92: TUẤN | L92: =IF(K92="-",0,H92*0.03) -> 102165 | M92: KHÉN | N92: =IF(M92="-",0,H92*0.02) -> 68110 | O92: N.KHANG | P92: =IF(O92="-",0,H92*0.01) -> 34055 | Q92: =H92*0.005 -> 17027.5 | R92: =IF(I92="V.Tân",H92*0.1375,IF(I92="nguyện",H92*0.1375,IF(I92="TOẢN",H92*0.1375,H92*0.17))) -> 468256.25
A93: 88 | B93: 26/4/2025 | C93: Võ Bảo Vinh | D93: 28 | F93: PTNS cắt sụn chêm | G93: TT1 | H93: 3397500 | I93: TOẢN | J93: =R93-L93-N93-P93-Q93 -> 246318.75 | K93: GIÀU | L93: =IF(K93="-",0,H93*0.03) -> 101925 | M93: TUẤN | N93: =IF(M93="-",0,H93*0.02) -> 67950 | O93: Đ.KHANG | P93: =IF(O93="-",0,H93*0.01) -> 33975 | Q93: =H93*0.005 -> 16987.5 | R93: =IF(I93="V.Tân",H93*0.1375,IF(I93="nguyện",H93*0.1375,IF(I93="TOẢN",H93*0.1375,H93*0.17))) -> 467156.25
A94: 89 | B94: 26/4/2025 | C94: Võ Hoàng Anh | D94: 28 | F94: NS tái tạo dây chằng | G94: TTDB | H94: 3405500 | I94: TOẢN | J94: =R94-L94-N94-P94-Q94 -> 246898.75 | K94: TUẤN | L94: =IF(K94="-",0,H94*0.03) -> 102165 | M94: KHÉN | N94: =IF(M94="-",0,H94*0.02) -> 68110 | O94: Đ.KHANG | P94: =IF(O94="-",0,H94*0.01) -> 34055 | Q94: =H94*0.005 -> 17027.5 | R94: =IF(I94="V.Tân",H94*0.1375,IF(I94="nguyện",H94*0.1375,IF(I94="TOẢN",H94*0.1375,H94*0.17))) -> 468256.25
A95: 90 | B95: 26/4/2025 | C95: Trần Văn Lộc | D95: 39 | F95: Lấy dụng cụ KHX | G95: TT2 | H95: 2559100 | I95: GIÀU | J95: =R95-L95-N95-P95-Q95 -> 268705.5 | K95: THÁI | L95: =IF(K95="-",0,H95*0.03) -> 76773 | M95: KHÉN | N95: =IF(M95="-",0,H95*0.02) -> 51182 | O95: Đ.KHANG | P95: =IF(O95="-",0,H95*0.01) -> 25591 | Q95: =H95*0.005 -> 12795.5 | R95: =IF(I95="V.Tân",H95*0.1375,IF(I95="nguyện",H95*0.1375,IF(I95="TOẢN",H95*0.1375,H95*0.17))) -> 435047
A96: 91 | B96: 26/4/2025 | C96: Nguyễn Thị Phướng | E96: 49 | F96: Cắt lọc hoại tử ổ loét vết thương mạn tính | G96: TT2 | H96: 2128200 | I96: GIÀU | J96: =R96-L96-N96-P96-Q96 -> 244743 | K96: N.KHANG | L96: =IF(K96="-",0,H96*0.03) -> 63846 | M96: THÁI | N96: =IF(M96="-",0,H96*0.02) -> 42564 | O96: - | P96: =IF(O96="-",0,H96*0.01) -> 0 | Q96: =H96*0.005 -> 10641 | R96: =IF(I96="V.Tân",H96*0.1375,IF(I96="nguyện",H96*0.1375,IF(I96="TOẢN",H96*0.1375,H96*0.17))) -> 361794
A97: 92 | B97: 27/4/2025 | C97: Huỳnh Linh Phi | D97: 28 | F97: PT vết thương bàn tay | G97: TP | H97: 6000000 | I97: ĐIỀN | J97: =R97-L97-N97-P97-Q97 -> 630000 | K97: Đ.KHANG | L97: =IF(K97="-",0,H97*0.03) -> 180000 | M97: THÁI | N97: =IF(M97="-",0,H97*0.02) -> 120000 | O97: N.KHANG | P97: =IF(O97="-",0,H97*0.01) -> 60000 | Q97: =H97*0.005 -> 30000 | R97: =IF(I97="V.Tân",H97*0.1375,IF(I97="nguyện",H97*0.1375,IF(I97="TOẢN",H97*0.1375,H97*0.17))) -> 1020000
A98: 93 | B98: 28/04/2025 | C98: Trần Thị Hồng | E98: 75 | F98: Cắt nang bao hoạt dịch | G98: TT3 | H98: 2543300 | I98: GIÀU | J98: =R98-L98-N98-P98-Q98 -> 292479.5 | K98: KHÉN | L98: =IF(K98="-",0,H98*0.03) -> 76299 | M98: LUẬT | N98: =IF(M98="-",0,H98*0.02) -> 50866 | O98: - | P98: =IF(O98="-",0,H98*0.01) -> 0 | Q98: =H98*0.005 -> 12716.5 | R98: =IF(I98="V.Tân",H98*0.1375,IF(I98="nguyện",H98*0.1375,IF(I98="TOẢN",H98*0.1375,H98*0.17))) -> 432361
A99: 94 | B99: 29/04/2025 | C99: Nguyễn Thị Thắm | E99: 43 | F99: Cắt u lành <10cm | G99: TT2 | H99: 859300 | I99: V.TÂN | J99: =R99-L99-N99-P99-Q99 -> 62299.25 | K99: ĐẠT | L99: =IF(K99="-",0,H99*0.03) -> 25779 | M99: KHÉN | N99: =IF(M99="-",0,H99*0.02) -> 17186 | O99: N.KHANG | P99: =IF(O99="-",0,H99*0.01) -> 8593 | Q99: =H99*0.005 -> 4296.5 | R99: =IF(I99="V.Tân",H99*0.1375,IF(I99="nguyện",H99*0.1375,IF(I99="TOẢN",H99*0.1375,H99*0.17))) -> 118153.75
C100: TỔNG CỘNG | H100: =SUBTOTAL(9,H7:H99) -> 324354800 | J100: =SUBTOTAL(9,J7:J99) -> 31083755 | L100: =SUBTOTAL(9,L7:L99) -> 9098088 | N100: =SUBTOTAL(9,N7:N99) -> 6029926 | P100: =SUBTOTAL(9,P7:P99) -> 2391671.5 | Q100: =SUBTOTAL(9,Q7:Q99) -> 1621774 | R100: =SUBTOTAL(9,R7:R99) -> 50225214
N101: Cần Thơ, ngày 21 tháng 05 năm 2025
...

Sheet lanh tien PT
A1: BV TRƯỜNG ĐHYD CẦN THƠ
A2: KHOA NGOẠI CTCH-TK
B3: DANH SÁCH LÃNH TIỀN THÙ LAO THÁNG 4/2025
C4: (Phẫu thuật)
A6: STT | B6: HỌ TÊN | C6: chức vụ | D6: SỐ TIỀN | E6: KÝ NHẬN
A7: 1 | B7: Phạm Việt Triều | C7: Bác sĩ | D7: =SUM(SUMIF(phauthuat!$I$7:$I$102,"TRIỀU",phauthuat!$J$7:$J$102),SUMIF(phauthuat!$K$7:$K$102,"TRIỀU",phauthuat!$L$7:$L$102),SUMIF(phauthuat!$M$7:$M$102,"TRIỀU",phauthuat!$N$7:$N$102),SUMIF(phauthuat!$O$7:$O$102,"TRIỀU",phauthuat!$P$7:$P$102)) -> 223377
A8: 2 | B8: Nguyễn Thành Tấn | C8: Bác sĩ | D8: =SUM(SUMIF(phauthuat!$I$7:$I$102,"TẤN",phauthuat!$J$7:$J$102),SUMIF(phauthuat!$K$7:$K$102,"TẤN",phauthuat!$L$7:$L$102),SUMIF(phauthuat!$M$7:$M$102,"TẤN",phauthuat!$N$7:$N$102),SUMIF(phauthuat!$O$7:$O$102,"TẤN",phauthuat!$P$7:$P$102)) -> 4152870.8
A9: 3 | B9: Nguyễn Lê Hoan | C9: Bác sĩ | D9: =SUM(SUMIF(phauthuat!$I$7:$I$102,"HOAN",phauthuat!$J$7:$J$102),SUMIF(phauthuat!$K$7:$K$102,"HOAN",phauthuat!$L$7:$L$102),SUMIF(phauthuat!$M$7:$M$102,"HOAN",phauthuat!$N$7:$N$102),SUMIF(phauthuat!$O$7:$O$102,"TẤN",phauthuat!$P$7:$P$102)) -> 0
A10: 4 | B10: Nguyễn Chí Nguyện | C10: Bác sĩ | D10: =SUM(SUMIF(phauthuat!$I$7:$I$102,"NGUYỆN",phauthuat!$J$7:$J$102),SUMIF(phauthuat!$K$7:$K$102,"NGUYỆN",phauthuat!$L$7:$L$102),SUMIF(phauthuat!$M$7:$M$102,"NGUYỆN",phauthuat!$N$7:$N$102),SUMIF(phauthuat!$O$7:$O$102,"NGUYỆN",phauthuat!$P$7:$P$102)) -> 4107517.5
A11: 5 | B11: Đặng Phước Giàu | C11: Bác sĩ | D11: =SUM(SUMIF(phauthuat!$I$7:$I$102,"GIÀU",phauthuat!$J$7:$J$102),SUMIF(phauthuat!$K$7:$K$102,"GIÀU",phauthuat!$L$7:$L$102),SUMIF(phauthuat!$M$7:$M$102,"GIÀU",phauthuat!$N$7:$N$102),SUMIF(phauthuat!$O$7:$O$102,"GIÀU",phauthuat!$P$7:$P$102)) -> 9701269.8
A12: 6 | B12: Hồ Điền | C12: Bác sĩ | D12: =SUM(SUMIF(phauthuat!$I$7:$I$102,"ĐIỀN",phauthuat!$J$7:$J$102),SUMIF(phauthuat!$K$7:$K$102,"ĐIỀN",phauthuat!$L$7:$L$102),SUMIF(phauthuat!$M$7:$M$102,"ĐIỀN",phauthuat!$N$7:$N$102),SUMIF(phauthuat!$O$7:$O$102,"ĐIỀN",phauthuat!$P$7:$P$102)) -> 5410189.5
A13: 7 | B13: Trần Quốc Toản | C13: Bác sĩ | D13: =SUM(SUMIF(phauthuat!$I$7:$I$102,"TOẢN",phauthuat!$J$7:$J$102),SUMIF(phauthuat!$K$7:$K$102,"TOẢN",phauthuat!$L$7:$L$102),SUMIF(phauthuat!$M$7:$M$102,"TOẢN",phauthuat!$N$7:$N$102),SUMIF(phauthuat!$O$7:$O$102,"TOẢN",phauthuat!$P$7:$P$102)) -> 5098173.8
A14: 8 | B14: Phạm Việt Tân | C14: Bác sĩ | D14: =SUM(SUMIF(phauthuat!$I$7:$I$102,"V.TÂN",phauthuat!$J$7:$J$102),SUMIF(phauthuat!$K$7:$K$102,"V.TÂN",phauthuat!$L$7:$L$102),SUMIF(phauthuat!$M$7:$M$102,"V.TÂN",phauthuat!$N$7:$N$102),SUMIF(phauthuat!$O$7:$O$102,"V.TÂN",phauthuat!$P$7:$P$102)) -> 4617144.5
A15: 9 | B15: Bùi Công Minh | C15: Bác sĩ | D15: =SUM(SUMIF(phauthuat!$I$7:$I$102,"MINH",phauthuat!$J$7:$J$102),SUMIF(phauthuat!$K$7:$K$102,"MINH",phauthuat!$L$7:$L$102),SUMIF(phauthuat!$M$7:$M$102,"MINH",phauthuat!$N$7:$N$102),SUMIF(phauthuat!$O$7:$O$102,"MINH",phauthuat!$P$7:$P$102)) -> 0
A16: 10 | B16: Phan Văn Tuấn | C16: Bác sĩ | D16: =SUM(SUMIF(phauthuat!$I$7:$I$102,"TUẤN",phauthuat!$J$7:$J$102),SUMIF(phauthuat!$K$7:$K$102,"TUẤN",phauthuat!$L$7:$L$102),SUMIF(phauthuat!$M$7:$M$102,"TUẤN",phauthuat!$N$7:$N$102),SUMIF(phauthuat!$O$7:$O$102,"TUẤN",phauthuat!$P$7:$P$102)) -> 4184653
A17: 11 | B17: Nguyễn Hữu Đạt | C17: Bác sĩ | D17: =SUM(SUMIF(phauthuat!$I$7:$I$102,"Đạt",phauthuat!$J$7:$J$102),SUMIF(phauthuat!$K$7:$K$102,"Đạt",phauthuat!$L$7:$L$102),SUMIF(phauthuat!$M$7:$M$102,"Đạt",phauthuat!$N$7:$N$102),SUMIF(phauthuat!$O$7:$O$102,"Đạt",phauthuat!$P$7:$P$102)) -> 1410245
A18: 12 | B18: Võ Dương Thành Thái | C18: Bác sĩ (nt) | D18: =SUM(SUMIF(phauthuat!$I$7:$I$102,"thái",phauthuat!$J$7:$J$102),SUMIF(phauthuat!$K$7:$K$102,"thái",phauthuat!$L$7:$L$102),SUMIF(phauthuat!$M$7:$M$102,"thái",phauthuat!$N$7:$N$102),SUMIF(phauthuat!$O$7:$O$102,"thái",phauthuat!$P$7:$P$102)) -> 1356722
A19: 13 | B19: Lê Đình Tùng | C19: Bác sĩ (nt) | D19: =SUM(SUMIF(phauthuat!$I$7:$I$102,"tùng",phauthuat!$J$7:$J$102),SUMIF(phauthuat!$K$7:$K$102,"tùng",phauthuat!$L$7:$L$102),SUMIF(phauthuat!$M$7:$M$102,"tùng",phauthuat!$N$7:$N$102),SUMIF(phauthuat!$O$7:$O$102,"tùng",phauthuat!$P$7:$P$102)) -> 1558429
A20: 14 | B20: Văn Minh Khén | C20: Bác sĩ (nt) | D20: =SUM(SUMIF(phauthuat!$I$7:$I$102,"khén",phauthuat!$J$7:$J$102),SUMIF(phauthuat!$K$7:$K$102,"khén",phauthuat!$L$7:$L$102),SUMIF(phauthuat!$M$7:$M$102,"khén",phauthuat!$N$7:$N$102),SUMIF(phauthuat!$O$7:$O$102,"khén",phauthuat!$P$7:$P$102)) -> 1522623
A21: 15 | B21: Phạm Tấn Hưởng | C21: Bác sĩ (nt) | D21: =SUM(SUMIF(phauthuat!$I$7:$I$102,"t.hưởng",phauthuat!$J$7:$J$102),SUMIF(phauthuat!$K$7:$K$102,"t.hưởng",phauthuat!$L$7:$L$102),SUMIF(phauthuat!$M$7:$M$102,"t.hưởng",phauthuat!$N$7:$N$102),SUMIF(phauthuat!$O$7:$O$102,"t.hưởng",phauthuat!$P$7:$P$102)) -> 1699823
A22: 16 | B22: Nguyễn Đông Khang | C22: Bác sĩ (nt) | D22: =SUM(SUMIF(phauthuat!$I$7:$I$102,"đ.khang",phauthuat!$J$7:$J$102),SUMIF(phauthuat!$K$7:$K$102,"đ.khang",phauthuat!$L$7:$L$102),SUMIF(phauthuat!$M$7:$M$102,"đ.khang",phauthuat!$N$7:$N$102),SUMIF(phauthuat!$O$7:$O$102,"đ.khang",phauthuat!$P$7:$P$102)) -> 1531328.5
A23: 17 | B23: Nguyễn Đình Luật | C23: Bác sĩ (nt) | D23: =SUM(SUMIF(phauthuat!$I$7:$I$102,"luật",phauthuat!$J$7:$J$102),SUMIF(phauthuat!$K$7:$K$102,"luật",phauthuat!$L$7:$L$102),SUMIF(phauthuat!$M$7:$M$102,"luật",phauthuat!$N$7:$N$102),SUMIF(phauthuat!$O$7:$O$102,"luật",phauthuat!$P$7:$P$102)) -> 704481
A24: 18 | B24: Nguyễn Trung Nhị | C24: Bác sĩ (nt) | D24: =SUM(SUMIF(phauthuat!$I$7:$I$102,"nhị",phauthuat!$J$7:$J$102),SUMIF(phauthuat!$K$7:$K$102,"nhị",phauthuat!$L$7:$L$102),SUMIF(phauthuat!$M$7:$M$102,"nhị",phauthuat!$N$7:$N$102),SUMIF(phauthuat!$O$7:$O$102,"nhị",phauthuat!$P$7:$P$102)) -> 239961
A25: 19 | B25: Trần Trung Nghĩa | C25: Bác sĩ (nt) | D25: =SUM(SUMIF(phauthuat!$I$7:$I$102,"nghĩa",phauthuat!$J$7:$J$102),SUMIF(phauthuat!$K$7:$K$102,"nghĩa",phauthuat!$L$7:$L$102),SUMIF(phauthuat!$M$7:$M$102,"nghĩa",phauthuat!$N$7:$N$102),SUMIF(phauthuat!$O$7:$O$102,"nghĩa",phauthuat!$P$7:$P$102)) -> 358409
A26: 20 | B26: Lê Nhỉ Khang | C26: Bác sĩ (nt) | D26: =SUM(SUMIF(phauthuat!$I$7:$I$102,"n.khang",phauthuat!$J$7:$J$102),SUMIF(phauthuat!$K$7:$K$102,"n.khang",phauthuat!$L$7:$L$102),SUMIF(phauthuat!$M$7:$M$102,"n.khang",phauthuat!$N$7:$N$102),SUMIF(phauthuat!$O$7:$O$102,"n.khang",phauthuat!$P$7:$P$102)) -> 337791
A27: 21 | B27: Phạm Văn Hưởng | C27: Bác sĩ (nt) | D27: =SUM(SUMIF(phauthuat!$I$7:$I$102,"v.hưởng",phauthuat!$J$7:$J$102),SUMIF(phauthuat!$K$7:$K$102,"v.hưởng",phauthuat!$L$7:$L$102),SUMIF(phauthuat!$M$7:$M$102,"v.hưởng",phauthuat!$N$7:$N$102),SUMIF(phauthuat!$O$7:$O$102,"v.hưởng",phauthuat!$P$7:$P$102)) -> 388432
A28: 22 | B28: Phan Văn Hiếu | C28: Điều dưỡng | D28: =phauthuat!Q100/8 -> 202721.75
A29: 23 | B29: Võ Thị Yến Nhi | C29: Điều dưỡng | D29: =D28 -> 202721.75
A30: 24 | B30: Võ Phương Duy | C30: Điều dưỡng | D30: =D29 -> 202721.75
A31: 25 | B31: Nguyễn Kim Ngân | C31: Điều dưỡng | D31: =D30 -> 202721.75
A32: 26 | B32: Lê Ngọc Diệu | C32: Điều dưỡng | D32: =D31 -> 202721.75
A33: 27 | B33: Trần Quỳnh Minh Thư | C33: Điều dưỡng | D33: =D32 -> 202721.75
A34: 28 | B34: Lê Thị Tuyết Đoan | C34: Điều dưỡng | D34: =D33 -> 202721.75
A35: 29 | B35: Thạch Thị Thúy Đa | C35: Điều dưỡng | D35: =D34 -> 202721.75
B36: TỔNG CỘNG | D36: =SUM(D7:D35) -> 50225214
D38: Cần Thơ, ngày 21 tháng 5 năm 2025
A39: Người lập bảng | D39: Trưởng khoa

Sheet Bác sĩ điều trị
A1: BV TRƯỜNG ĐHYD CẦN THƠ
A2: KHOA NGOẠI CTCH-TK
A3: DANH SÁCH LÃNH TIỀN THÙ LAO THÁNG 3/2025
A4: (BÁC SĨ ĐIỀU TRỊ)
A6: STT | B6: HỌ TÊN | C6: chức vụ | D6: SỐ TIỀN | E6: KÝ NHẬN
A7: 1 | B7: Phạm Việt Triều | C7: Bác sĩ | D7: -
A8: 2 | B8: Nguyễn Thành Tấn | C8: Bác sĩ | D8: -
A9: 3 | B9: Nguyễn Lê Hoan | C9: Bác sĩ | D9: 0
A10: 4 | B10: Trần Quang Sơn | C10: Bác sĩ | D10: -
A11: 5 | B11: Nguyễn Chí Nguyện | C11: Bác sĩ | D11: =17600000*0.25 -> 4400000
A12: 6 | B12: Bùi Công Minh | C12: Bác sĩ | D12: -
A13: 7 | B13: Hồ Điền | C13: Bác sĩ | D13: =17600000*0.25 -> 4400000
A14: 8 | B14: Phạm Việt Tân | C14: Bác sĩ | D14: =17600000*0.0625 -> 1100000
A15: 9 | B15: Đặng Phước Giàu | C15: Bác sĩ | D15: =17600000*0.125 -> 2200000
A16: 10 | B16: Trần Quốc Toản | C16: Bác sĩ | D16: =17600000*0.0625 -> 1100000
A17: 11 | B17: Nguyễn Hữu Đạt | C17: Bác sĩ | D17: =17600000*0.125 -> 2200000
A18: 12 | B18: Nguyễn Giang Tử | C18: Bác sĩ | D18: =17600000*0.125 -> 2200000
B19: TỔNG CỘNG | D19: =SUM(D7:D18) -> 17600000
D21: Cần Thơ, ngày 22 tháng 02 năm 2024
A22: Người lập bảng | D22: Trưởng khoa

Sheet lanh tien PT1
A1: BV TRƯỜNG ĐHYD CẦN THƠ
A2: KHOA NGOẠI CTCH-TK
B3: DANH SÁCH LÃNH TIỀN THÙ LAO THÁNG 3/2025
C4: (Phẫu thuật)
A6: STT | B6: HỌ TÊN | C6: chức vụ | D6: SỐ TIỀN | E6: KÝ NHẬN
A7: 1 | B7: Phạm Việt Triều | C7: Bác sĩ | D7: -
A8: 2 | B8: Nguyễn Thành Tấn | C8: Bác sĩ | D8: -
A9: 3 | B9: Lê Dũng | C9: Bác sĩ | D9: -
A10: 4 | B10: Nguyễn Lê Hoan | C10: Bác sĩ | D10: -
A11: 5 | B11: Nguyễn Tâm Từ | C11: Bác sĩ | D11: -
A12: 6 | B12: Hoàng Minh Tú | C12: Bác sĩ | D12: -
A13: 7 | B13: Nguyễn Hữu Thuyết | C13: Bác sĩ | D13: -
A14: 8 | B14: Nguyễn Thanh Huy | C14: Bác sĩ | D14: -
A15: 9 | B15: Trần Mạnh Dũng | C15: Bác sĩ | D15: -
A16: 10 | B16: Trần Quang Sơn | C16: Bác sĩ (nt) | D16: -
A17: 11 | B17: Lê Thế Hiển | C17: Bác sĩ (nt) | D17: -
A18: 12 | B18: Lê Minh Dương | C18: Bác sĩ (nt) | D18: -
G19: =274748+3211497+202722+75000 -> 3763967
A20: 1 | B20: Phan Văn Hiếu | C20: Điều dưỡng | D20: =G22+7560 -> 3177216.4 | G20: =G19*8 -> 30111736
A21: 2 | B21: Võ Thị Yến Nhi | C21: Điều dưỡng | D21: =D20 -> 3177216.4 | G21: =G20/19 -> 1584828.2
A22: 3 | B22: Nguyễn Kim Ngân | C22: Điều dưỡng | D22: =D20 -> 3177216.4 | G22: =G21*2 -> 3169656.4
A23: 4 | B23: Võ Phương Duy | C23: Điều dưỡng | D23: =D20 -> 3177216.4
A24: 5 | B24: Lê Ngọc Diệu | C24: Điều dưỡng | D24: =D20 -> 3177216.4
A25: 6 | B25: Trần Quỳnh Minh Thư | C25: Điều dưỡng | D25: =D20 -> 3177216.4
A26: 7 | B26: Lê Thị Tuyết Đoan | C26: Điều dưỡng | D26: =D20 -> 3177216.4
A27: 8 | B27: Thạch Thị Thúy Đa | C27: Điều dưỡng | D27: =D20 -> 3177216.4
A28: 9 | B28: Nguyễn Lê Duy Anh | C28: Điều dưỡng | D28: =G21+7563 -> 1592391.2 | G28: ='TONG LANH'!E44/11 -> 0
A29: 10 | B29: Lê Kim Hoàn | C29: Điều dưỡng | D29: =D28 -> 1592391.2
A30: 11 | B30: Nguyễn Thị Như Ý | C30: Hộ Lí | D30: =D29 -> 1592391.2
B31: TỔNG CỘNG | D31: =SUM(D20:D30) -> 30194905
D34: Cần Thơ, ngày 25 tháng 09 năm 2017
A35: Người lập bảng | D35: Trưởng khoa

Sheet phauthuat_BHYT
A1: BV TRƯỜNG ĐHYD CẦN THƠ
A2: KHOA NGOẠI CTCH-TK
B3: BẢNG KÊ TIỀN PHẪU THUẬT BHYT
A4: (THÁNG 4/2025)
A7: STT | B7: Ngày | C7: Họ và tên | D7: Nam | E7: Nữ | F7: Phương pháp phẫu thuật | G7: loại pt - đối tượng | H7: PTV chính | I7: Số tiền | J7: Phụ mổ 1 | K7: Số tiền | L7: Phụ mổ 2 | M7: Số tiền | N7: Tổng số tiền được lãnh sau trừ khấu hao
A8: 1 | B8: 26/3/2025 | C8: Nguyễn Văn Hoàng | D8: 53 | F8: KHX trên màn hình tăng sáng | G8: DTDB | H8: TOẢN | I8: =IF(G8="DTDB",420000,IF(G8="TTDB",420000,IF(G8="DT1",187500,IF(G8="TT1",187500,IF(G8="DT2",97500,IF(G8="TT2",97500,IF(G8="DT3",75000,75000))))))) -> 420000 | J8: ĐẠT | K8: =IF(G8="DTDB",300000,IF(G8="TTDB",300000,IF(G8="DT1",135000,IF(G8="TT1",135000,IF(G8="DT2",75000,IF(G8="TT2",75000,IF(G8="DT3",45000,45000))))))) -> 300000 | L8: T.HƯỞNG | M8: =IF(L8="-",0,IF(G8="DTDB",300000,IF(G8="TTDB",300000,IF(G8="DT1",135000,IF(G8="TT1",135000,IF(G8="DT2",75000,IF(G8="TT2",75000,IF(G8="DT3",45000,45000)))))))) -> 300000 | N8: =I8+K8+M8 -> 1020000
A9: 2 | B9: 26/3/2025 | C9: Nguyễn Trí Nghiệp | D9: 59 | F9: KHX màn hình tăng sáng | G9: DTDB | H9: TOẢN | I9: =IF(G9="DTDB",420000,IF(G9="TTDB",420000,IF(G9="DT1",187500,IF(G9="TT1",187500,IF(G9="DT2",97500,IF(G9="TT2",97500,IF(G9="DT3",75000,75000))))))) -> 420000 | J9: T.HƯỞNG | K9: =IF(G9="DTDB",300000,IF(G9="TTDB",300000,IF(G9="DT1",135000,IF(G9="TT1",135000,IF(G9="DT2",75000,IF(G9="TT2",75000,IF(G9="DT3",45000,45000))))))) -> 300000 | L9: LUẬT | M9: =IF(L9="-",0,IF(G9="DTDB",300000,IF(G9="TTDB",300000,IF(G9="DT1",135000,IF(G9="TT1",135000,IF(G9="DT2",75000,IF(G9="TT2",75000,IF(G9="DT3",45000,45000)))))))) -> 300000 | N9: =I9+K9+M9 -> 1020000
A10: 3 | B10: 27/3/2025 | C10: Dương Văn Hiệp | D10: 44 | F10: Thay khớp háng toàn phần | G10: DTDB | H10: TẤN | I10: =IF(G10="DTDB",420000,IF(G10="TTDB",420000,IF(G10="DT1",187500,IF(G10="TT1",187500,IF(G10="DT2",97500,IF(G10="TT2",97500,IF(G10="DT3",75000,75000))))))) -> 420000 | J10: NGUYỆN | K10: =IF(G10="DTDB",300000,IF(G10="TTDB",300000,IF(G10="DT1",135000,IF(G10="TT1",135000,IF(G10="DT2",75000,IF(G10="TT2",75000,IF(G10="DT3",45000,45000))))))) -> 300000 | L10: TÙNG | M10: =IF(L10="-",0,IF(G10="DTDB",300000,IF(G10="TTDB",300000,IF(G10="DT1",135000,IF(G10="TT1",135000,IF(G10="DT2",75000,IF(G10="TT2",75000,IF(G10="DT3",45000,45000)))))))) -> 300000 | N10: =I10+K10+M10 -> 1020000
A11: 4 | B11: 28/3/2025 | C11: Nguyễn Văn Hai | D11: 71 | F11: PTNS cắt hoạt mạc viêm khớp gối | G11: DT1 | H11: TOẢN | I11: =IF(G11="DTDB",420000,IF(G11="TTDB",420000,IF(G11="DT1",187500,IF(G11="TT1",187500,IF(G11="DT2",97500,IF(G11="TT2",97500,IF(G11="DT3",75000,75000))))))) -> 187500 | J11: Đ.KHANG | K11: =IF(G11="DTDB",300000,IF(G11="TTDB",300000,IF(G11="DT1",135000,IF(G11="TT1",135000,IF(G11="DT2",75000,IF(G11="TT2",75000,IF(G11="DT3",45000,45000))))))) -> 135000 | L11: N.KHANG | M11: =IF(L11="-",0,IF(G11="DTDB",300000,IF(G11="TTDB",300000,IF(G11="DT1",135000,IF(G11="TT1",135000,IF(G11="DT2",75000,IF(G11="TT2",75000,IF(G11="DT3",45000,45000)))))))) -> 135000 | N11: =I11+K11+M11 -> 457500
A12: 5 | B12: 28/3/2025 | C12: Lê Ngọc Trúc | E12: 60 | F12: KHX trên màn hình tăng sáng | G12: TTDB | H12: TẤN | I12: =IF(G12="DTDB",420000,IF(G12="TTDB",420000,IF(G12="DT1",187500,IF(G12="TT1",187500,IF(G12="DT2",97500,IF(G12="TT2",97500,IF(G12="DT3",75000,75000))))))) -> 420000 | J12: V.TÂN | K12: =IF(G12="DTDB",300000,IF(G12="TTDB",300000,IF(G12="DT1",135000,IF(G12="TT1",135000,IF(G12="DT2",75000,IF(G12="TT2",75000,IF(G12="DT3",45000,45000))))))) -> 300000 | L12: ĐẠT | M12: =IF(L12="-",0,IF(G12="DTDB",300000,IF(G12="TTDB",300000,IF(G12="DT1",135000,IF(G12="TT1",135000,IF(G12="DT2",75000,IF(G12="TT2",75000,IF(G12="DT3",45000,45000)))))))) -> 300000 | N12: =I12+K12+M12 -> 1020000
A13: 6 | B13: 30/3/2025 | C13: Ngô Chí Tân | D13: 66 | F13: PT vết thương phần mềm phức tạp | G13: DT1 | H13: GIÀU | I13: =IF(G13="DTDB",420000,IF(G13="TTDB",420000,IF(G13="DT1",187500,IF(G13="TT1",187500,IF(G13="DT2",97500,IF(G13="TT2",97500,IF(G13="DT3",75000,75000))))))) -> 187500 | J13: ĐẠT | K13: =IF(G13="DTDB",300000,IF(G13="TTDB",300000,IF(G13="DT1",135000,IF(G13="TT1",135000,IF(G13="DT2",75000,IF(G13="TT2",75000,IF(G13="DT3",45000,45000))))))) -> 135000 | L13: T.HƯỞNG | M13: =IF(L13="-",0,IF(G13="DTDB",300000,IF(G13="TTDB",300000,IF(G13="DT1",135000,IF(G13="TT1",135000,IF(G13="DT2",75000,IF(G13="TT2",75000,IF(G13="DT3",45000,45000)))))))) -> 135000 | N13: =I13+K13+M13 -> 457500
A14: 7 | B14: 31/03/2025 | C14: Nguyễn Vũ Ca | D14: 42 | F14: PT vết thương phần mềm phức tạp | G14: DT1 | H14: GIÀU | I14: =IF(G14="DTDB",420000,IF(G14="TTDB",420000,IF(G14="DT1",187500,IF(G14="TT1",187500,IF(G14="DT2",97500,IF(G14="TT2",97500,IF(G14="DT3",75000,75000))))))) -> 187500 | J14: ĐẠT | K14: =IF(G14="DTDB",300000,IF(G14="TTDB",300000,IF(G14="DT1",135000,IF(G14="TT1",135000,IF(G14="DT2",75000,IF(G14="TT2",75000,IF(G14="DT3",45000,45000))))))) -> 135000 | L14: TUẤN | M14: =IF(L14="-",0,IF(G14="DTDB",300000,IF(G14="TTDB",300000,IF(G14="DT1",135000,IF(G14="TT1",135000,IF(G14="DT2",75000,IF(G14="TT2",75000,IF(G14="DT3",45000,45000)))))))) -> 135000 | N14: =I14+K14+M14 -> 457500
A15: 8 | B15: 31/03/2025 | C15: Võ Hoàng Quân | D15: 56 | F15: PT KHX trên màn hình tăng sáng | G15: TTDB | H15: ĐIỀN | I15: =IF(G15="DTDB",420000,IF(G15="TTDB",420000,IF(G15="DT1",187500,IF(G15="TT1",187500,IF(G15="DT2",97500,IF(G15="TT2",97500,IF(G15="DT3",75000,75000))))))) -> 420000 | J15: TÙNG | K15: =IF(G15="DTDB",300000,IF(G15="TTDB",300000,IF(G15="DT1",135000,IF(G15="TT1",135000,IF(G15="DT2",75000,IF(G15="TT2",75000,IF(G15="DT3",45000,45000))))))) -> 300000 | L15: KHÉN | M15: =IF(L15="-",0,IF(G15="DTDB",300000,IF(G15="TTDB",300000,IF(G15="DT1",135000,IF(G15="TT1",135000,IF(G15="DT2",75000,IF(G15="TT2",75000,IF(G15="DT3",45000,45000)))))))) -> 300000 | N15: =I15+K15+M15 -> 1020000
A16: 9 | B16: 31/03/2025 | C16: Nguyễn Văn Minh | D16: 59 | F16: PT KHX trên màn hình tăng sáng | G16: TTDB | H16: GIÀU | I16: =IF(G16="DTDB",420000,IF(G16="TTDB",420000,IF(G16="DT1",187500,IF(G16="TT1",187500,IF(G16="DT2",97500,IF(G16="TT2",97500,IF(G16="DT3",75000,75000))))))) -> 420000 | J16: TÙNG | K16: =IF(G16="DTDB",300000,IF(G16="TTDB",300000,IF(G16="DT1",135000,IF(G16="TT1",135000,IF(G16="DT2",75000,IF(G16="TT2",75000,IF(G16="DT3",45000,45000))))))) -> 300000 | L16: KHÉN | M16: =IF(L16="-",0,IF(G16="DTDB",300000,IF(G16="TTDB",300000,IF(G16="DT1",135000,IF(G16="TT1",135000,IF(G16="DT2",75000,IF(G16="TT2",75000,IF(G16="DT3",45000,45000)))))))) -> 300000 | N16: =I16+K16+M16 -> 1020000
A17: 10 | B17: 01/4/2025 | C17: Hồ Minh Tuấn | D17: 38 | F17: PT KHX trên màn hình tăng sáng | G17: TTDB | H17: GIÀU | I17: =IF(G17="DTDB",420000,IF(G17="TTDB",420000,IF(G17="DT1",187500,IF(G17="TT1",187500,IF(G17="DT2",97500,IF(G17="TT2",97500,IF(G17="DT3",75000,75000))))))) -> 420000 | J17: TUẤN | K17: =IF(G17="DTDB",300000,IF(G17="TTDB",300000,IF(G17="DT1",135000,IF(G17="TT1",135000,IF(G17="DT2",75000,IF(G17="TT2",75000,IF(G17="DT3",45000,45000))))))) -> 300000 | L17: T.HƯỞNG | M17: =IF(L17="-",0,IF(G17="DTDB",300000,IF(G17="TTDB",300000,IF(G17="DT1",135000,IF(G17="TT1",135000,IF(G17="DT2",75000,IF(G17="TT2",75000,IF(G17="DT3",45000,45000)))))))) -> 300000 | N17: =I17+K17+M17 -> 1020000
A18: 11 | B18: 01/4/2025 | C18: Hồ Minh Tuấn | D18: 38 | F18: PT KHX trên màn hình tăng sáng | G18: TTDB | H18: GIÀU | I18: =IF(G18="DTDB",420000,IF(G18="TTDB",420000,IF(G18="DT1",187500,IF(G18="TT1",187500,IF(G18="DT2",97500,IF(G18="TT2",97500,IF(G18="DT3",75000,75000))))))) -> 420000 | J18: TOẢN | K18: =IF(G18="DTDB",300000,IF(G18="TTDB",300000,IF(G18="DT1",135000,IF(G18="TT1",135000,IF(G18="DT2",75000,IF(G18="TT2",75000,IF(G18="DT3",45000,45000))))))) -> 300000 | L18: LUẬT | M18: =IF(L18="-",0,IF(G18="DTDB",300000,IF(G18="TTDB",300000,IF(G18="DT1",135000,IF(G18="TT1",135000,IF(G18="DT2",75000,IF(G18="TT2",75000,IF(G18="DT3",45000,45000)))))))) -> 300000 | N18: =I18+K18+M18 -> 1020000
A19: 12 | B19: 01/4/2025 | C19: Nguyễn Thanh Quang | D19: 45 | F19: PT vết thương phần mềm phức tạp | G19: TT1 | H19: V.TÂN | I19: =IF(G19="DTDB",420000,IF(G19="TTDB",420000,IF(G19="DT1",187500,IF(G19="TT1",187500,IF(G19="DT2",97500,IF(G19="TT2",97500,IF(G19="DT3",75000,75000))))))) -> 187500 | J19: ĐẠT | K19: =IF(G19="DTDB",300000,IF(G19="TTDB",300000,IF(G19="DT1",135000,IF(G19="TT1",135000,IF(G19="DT2",75000,IF(G19="TT2",75000,IF(G19="DT3",45000,45000))))))) -> 135000 | L19: TÙNG | M19: =IF(L19="-",0,IF(G19="DTDB",300000,IF(G19="TTDB",300000,IF(G19="DT1",135000,IF(G19="TT1",135000,IF(G19="DT2",75000,IF(G19="TT2",75000,IF(G19="DT3",45000,45000)))))))) -> 135000 | N19: =I19+K19+M19 -> 457500
A20: 13 | B20: 02/4/2025 | C20: Nguyễn Thị Thia | E20: 67 | F20: PT KHX trên màn hình tăng sáng | G20: TTDB | H20: V.TÂN | I20: =IF(G20="DTDB",420000,IF(G20="TTDB",420000,IF(G20="DT1",187500,IF(G20="TT1",187500,IF(G20="DT2",97500,IF(G20="TT2",97500,IF(G20="DT3",75000,75000))))))) -> 420000 | J20: GIÀU | K20: =IF(G20="DTDB",300000,IF(G20="TTDB",300000,IF(G20="DT1",135000,IF(G20="TT1",135000,IF(G20="DT2",75000,IF(G20="TT2",75000,IF(G20="DT3",45000,45000))))))) -> 300000 | L20: TUẤN | M20: =IF(L20="-",0,IF(G20="DTDB",300000,IF(G20="TTDB",300000,IF(G20="DT1",135000,IF(G20="TT1",135000,IF(G20="DT2",75000,IF(G20="TT2",75000,IF(G20="DT3",45000,45000)))))))) -> 300000 | N20: =I20+K20+M20 -> 1020000
A21: 14 | B21: 02/4/2025 | C21: Thị Đẹp | E21: 88 | F21: PT KHX trên màn hình tăng sáng | G21: TTDB | H21: ĐIỀN | I21: =IF(G21="DTDB",420000,IF(G21="TTDB",420000,IF(G21="DT1",187500,IF(G21="TT1",187500,IF(G21="DT2",97500,IF(G21="TT2",97500,IF(G21="DT3",75000,75000))))))) -> 420000 | J21: TUẤN | K21: =IF(G21="DTDB",300000,IF(G21="TTDB",300000,IF(G21="DT1",135000,IF(G21="TT1",135000,IF(G21="DT2",75000,IF(G21="TT2",75000,IF(G21="DT3",45000,45000))))))) -> 300000 | L21: T.HƯỞNG | M21: =IF(L21="-",0,IF(G21="DTDB",300000,IF(G21="TTDB",300000,IF(G21="DT1",135000,IF(G21="TT1",135000,IF(G21="DT2",75000,IF(G21="TT2",75000,IF(G21="DT3",45000,45000)))))))) -> 300000 | N21: =I21+K21+M21 -> 1020000
A22: 15 | B22: 03/4/2025 | C22: Nguyễn Vũ Ca | D22: 42 | F22: PT KHX trên màn hình tăng sáng | G22: TTDB | H22: GIÀU | I22: =IF(G22="DTDB",420000,IF(G22="TTDB",420000,IF(G22="DT1",187500,IF(G22="TT1",187500,IF(G22="DT2",97500,IF(G22="TT2",97500,IF(G22="DT3",75000,75000))))))) -> 420000 | J22: TUẤN | K22: =IF(G22="DTDB",300000,IF(G22="TTDB",300000,IF(G22="DT1",135000,IF(G22="TT1",135000,IF(G22="DT2",75000,IF(G22="TT2",75000,IF(G22="DT3",45000,45000))))))) -> 300000 | L22: TÙNG | M22: =IF(L22="-",0,IF(G22="DTDB",300000,IF(G22="TTDB",300000,IF(G22="DT1",135000,IF(G22="TT1",135000,IF(G22="DT2",75000,IF(G22="TT2",75000,IF(G22="DT3",45000,45000)))))))) -> 300000 | N22: =I22+K22+M22 -> 1020000
A23: 16 | B23: 03/4/2025 | C23: Nguyễn Văn Minh | D23: 59 | F23: PT KHX trên màn hình tăng sáng | G23: DTDB | H23: GIÀU | I23: =IF(G23="DTDB",420000,IF(G23="TTDB",420000,IF(G23="DT1",187500,IF(G23="TT1",187500,IF(G23="DT2",97500,IF(G23="TT2",97500,IF(G23="DT3",75000,75000))))))) -> 420000 | J23: TUẤN | K23: =IF(G23="DTDB",300000,IF(G23="TTDB",300000,IF(G23="DT1",135000,IF(G23="TT1",135000,IF(G23="DT2",75000,IF(G23="TT2",75000,IF(G23="DT3",45000,45000))))))) -> 300000 | L23: TÙNG | M23: =IF(L23="-",0,IF(G23="DTDB",300000,IF(G23="TTDB",300000,IF(G23="DT1",135000,IF(G23="TT1",135000,IF(G23="DT2",75000,IF(G23="TT2",75000,IF(G23="DT3",45000,45000)))))))) -> 300000 | N23: =I23+K23+M23 -> 1020000
A24: 17 | B24: 03/4/2025 | C24: Nguyễn Hữu Thanh Phong | D24: 46 | F24: PT KHX trên màn hình tăng sáng | G24: DTDB | H24: NGUYỆN | I24: =IF(G24="DTDB",420000,IF(G24="TTDB",420000,IF(G24="DT1",187500,IF(G24="TT1",187500,IF(G24="DT2",97500,IF(G24="TT2",97500,IF(G24="DT3",75000,75000))))))) -> 420000 | J24: TOẢN | K24: =IF(G24="DTDB",300000,IF(G24="TTDB",300000,IF(G24="DT1",135000,IF(G24="TT1",135000,IF(G24="DT2",75000,IF(G24="TT2",75000,IF(G24="DT3",45000,45000))))))) -> 300000 | L24: TUẤN | M24: =IF(L24="-",0,IF(G24="DTDB",300000,IF(G24="TTDB",300000,IF(G24="DT1",135000,IF(G24="TT1",135000,IF(G24="DT2",75000,IF(G24="TT2",75000,IF(G24="DT3",45000,45000)))))))) -> 300000 | N24: =I24+K24+M24 -> 1020000
A25: 18 | B25: 04/4/2025 | C25: Phan Văn Nghĩa | D25: 71 | F25: PT bệnh lý nhiễm trùng bàn tay | G25: DT1 | H25: V.TÂN | I25: =IF(G25="DTDB",420000,IF(G25="TTDB",420000,IF(G25="DT1",187500,IF(G25="TT1",187500,IF(G25="DT2",97500,IF(G25="TT2",97500,IF(G25="DT3",75000,75000))))))) -> 187500 | J25: TUẤN | K25: =IF(G25="DTDB",300000,IF(G25="TTDB",300000,IF(G25="DT1",135000,IF(G25="TT1",135000,IF(G25="DT2",75000,IF(G25="TT2",75000,IF(G25="DT3",45000,45000))))))) -> 135000 | L25: LUẬT | M25: =IF(L25="-",0,IF(G25="DTDB",300000,IF(G25="TTDB",300000,IF(G25="DT1",135000,IF(G25="TT1",135000,IF(G25="DT2",75000,IF(G25="TT2",75000,IF(G25="DT3",45000,45000)))))))) -> 135000 | N25: =I25+K25+M25 -> 457500
A26: 19 | B26: 05/04/2025 | C26: Nguyễn Thị Mỹ | E26: 88 | F26: PT thay khớp háng bán phần | G26: TT1 | H26: TẤN | I26: =IF(G26="DTDB",420000,IF(G26="TTDB",420000,IF(G26="DT1",187500,IF(G26="TT1",187500,IF(G26="DT2",97500,IF(G26="TT2",97500,IF(G26="DT3",75000,75000))))))) -> 187500 | J26: NGUYỆN | K26: =IF(G26="DTDB",300000,IF(G26="TTDB",300000,IF(G26="DT1",135000,IF(G26="TT1",135000,IF(G26="DT2",75000,IF(G26="TT2",75000,IF(G26="DT3",45000,45000))))))) -> 135000 | L26: TUẤN | M26: =IF(L26="-",0,IF(G26="DTDB",300000,IF(G26="TTDB",300000,IF(G26="DT1",135000,IF(G26="TT1",135000,IF(G26="DT2",75000,IF(G26="TT2",75000,IF(G26="DT3",45000,45000)))))))) -> 135000 | N26: =I26+K26+M26 -> 457500
A27: 20 | B27: 07/4/2025 | C27: Trương Bích Ngọc | E27: 72 | F27: Cắt u lành phần mềm > 10cm | G27: TT1 | H27: ĐIỀN | I27: =IF(G27="DTDB",420000,IF(G27="TTDB",420000,IF(G27="DT1",187500,IF(G27="TT1",187500,IF(G27="DT2",97500,IF(G27="TT2",97500,IF(G27="DT3",75000,75000))))))) -> 187500 | J27: T.HƯỞNG | K27: =IF(G27="DTDB",300000,IF(G27="TTDB",300000,IF(G27="DT1",135000,IF(G27="TT1",135000,IF(G27="DT2",75000,IF(G27="TT2",75000,IF(G27="DT3",45000,45000))))))) -> 135000 | L27: KHÉN | M27: =IF(L27="-",0,IF(G27="DTDB",300000,IF(G27="TTDB",300000,IF(G27="DT1",135000,IF(G27="TT1",135000,IF(G27="DT2",75000,IF(G27="TT2",75000,IF(G27="DT3",45000,45000)))))))) -> 135000 | N27: =I27+K27+M27 -> 457500
A28: 21 | B28: 08/04/2025 | C28: Nguyễn Thị Bé Thủy | E28: 57 | F28: Mở cung sau cột sống ngực | G28: DT1 | H28: NGUYỆN | I28: =IF(G28="DTDB",420000,IF(G28="TTDB",420000,IF(G28="DT1",187500,IF(G28="TT1",187500,IF(G28="DT2",97500,IF(G28="TT2",97500,IF(G28="DT3",75000,75000))))))) -> 187500 | J28: THÁI | K28: =IF(G28="DTDB",300000,IF(G28="TTDB",300000,IF(G28="DT1",135000,IF(G28="TT1",135000,IF(G28="DT2",75000,IF(G28="TT2",75000,IF(G28="DT3",45000,45000))))))) -> 135000 | L28: TÙNG | M28: =IF(L28="-",0,IF(G28="DTDB",300000,IF(G28="TTDB",300000,IF(G28="DT1",135000,IF(G28="TT1",135000,IF(G28="DT2",75000,IF(G28="TT2",75000,IF(G28="DT3",45000,45000)))))))) -> 135000 | N28: =I28+K28+M28 -> 457500
A29: 22 | B29: 08/04/2025 | C29: Trần Văn Thu | D29: 97 | F29: PT thay khớp háng bán phần | G29: TT1 | H29: NGUYỆN | I29: =IF(G29="DTDB",420000,IF(G29="TTDB",420000,IF(G29="DT1",187500,IF(G29="TT1",187500,IF(G29="DT2",97500,IF(G29="TT2",97500,IF(G29="DT3",75000,75000))))))) -> 187500 | J29: TÙNG | K29: =IF(G29="DTDB",300000,IF(G29="TTDB",300000,IF(G29="DT1",135000,IF(G29="TT1",135000,IF(G29="DT2",75000,IF(G29="TT2",75000,IF(G29="DT3",45000,45000))))))) -> 135000 | L29: Đ.KHANG | M29: =IF(L29="-",0,IF(G29="DTDB",300000,IF(G29="TTDB",300000,IF(G29="DT1",135000,IF(G29="TT1",135000,IF(G29="DT2",75000,IF(G29="TT2",75000,IF(G29="DT3",45000,45000)))))))) -> 135000 | N29: =I29+K29+M29 -> 457500
A30: 23 | B30: 08/04/2025 | C30: Võ Thị Thúy Kiều | E30: 32 | F30: KHX trên màn hình tăng sáng | G30: TTDB | H30: TOẢN | I30: =IF(G30="DTDB",420000,IF(G30="TTDB",420000,IF(G30="DT1",187500,IF(G30="TT1",187500,IF(G30="DT2",97500,IF(G30="TT2",97500,IF(G30="DT3",75000,75000))))))) -> 420000 | J30: Đ.KHANG | K30: =IF(G30="DTDB",300000,IF(G30="TTDB",300000,IF(G30="DT1",135000,IF(G30="TT1",135000,IF(G30="DT2",75000,IF(G30="TT2",75000,IF(G30="DT3",45000,45000))))))) -> 300000 | L30: TÙNG | M30: =IF(L30="-",0,IF(G30="DTDB",300000,IF(G30="TTDB",300000,IF(G30="DT1",135000,IF(G30="TT1",135000,IF(G30="DT2",75000,IF(G30="TT2",75000,IF(G30="DT3",45000,45000)))))))) -> 300000 | N30: =I30+K30+M30 -> 1020000
A31: 24 | B31: 09/04/2025 | C31: Trần Thị Hiến | E31: 73 | F31: Thay toàn bộ khớp gối | G31: TTDB | H31: TẤN | I31: =IF(G31="DTDB",420000,IF(G31="TTDB",420000,IF(G31="DT1",187500,IF(G31="TT1",187500,IF(G31="DT2",97500,IF(G31="TT2",97500,IF(G31="DT3",75000,75000))))))) -> 420000 | J31: TOẢN | K31: =IF(G31="DTDB",300000,IF(G31="TTDB",300000,IF(G31="DT1",135000,IF(G31="TT1",135000,IF(G31="DT2",75000,IF(G31="TT2",75000,IF(G31="DT3",45000,45000))))))) -> 300000 | L31: TUẤN | M31: =IF(L31="-",0,IF(G31="DTDB",300000,IF(G31="TTDB",300000,IF(G31="DT1",135000,IF(G31="TT1",135000,IF(G31="DT2",75000,IF(G31="TT2",75000,IF(G31="DT3",45000,45000)))))))) -> 300000 | N31: =I31+K31+M31 -> 1020000
A32: 25 | B32: 09/04/2025 | C32: Nguyễn Hoàng Ly | E32: 40 | F32: PT giải ép thần kinh | G32: TT1 | H32: TOẢN | I32: =IF(G32="DTDB",420000,IF(G32="TTDB",420000,IF(G32="DT1",187500,IF(G32="TT1",187500,IF(G32="DT2",97500,IF(G32="TT2",97500,IF(G32="DT3",75000,75000))))))) -> 187500 | J32: THÁI | K32: =IF(G32="DTDB",300000,IF(G32="TTDB",300000,IF(G32="DT1",135000,IF(G32="TT1",135000,IF(G32="DT2",75000,IF(G32="TT2",75000,IF(G32="DT3",45000,45000))))))) -> 135000 | L32: KHÉN | M32: =IF(L32="-",0,IF(G32="DTDB",300000,IF(G32="TTDB",300000,IF(G32="DT1",135000,IF(G32="TT1",135000,IF(G32="DT2",75000,IF(G32="TT2",75000,IF(G32="DT3",45000,45000)))))))) -> 135000 | N32: =I32+K32+M32 -> 457500
A33: 26 | B33: 09/04/2025 | C33: Nguyễn Văn Luôn | D33: 28 | F33: PT lấy nhân đệm CSTL qua da | G33: TT1 | H33: GIÀU | I33: =IF(G33="DTDB",420000,IF(G33="TTDB",420000,IF(G33="DT1",187500,IF(G33="TT1",187500,IF(G33="DT2",97500,IF(G33="TT2",97500,IF(G33="DT3",75000,75000))))))) -> 187500 | J33: TÙNG | K33: =IF(G33="DTDB",300000,IF(G33="TTDB",300000,IF(G33="DT1",135000,IF(G33="TT1",135000,IF(G33="DT2",75000,IF(G33="TT2",75000,IF(G33="DT3",45000,45000))))))) -> 135000 | L33: THÁI | M33: =IF(L33="-",0,IF(G33="DTDB",300000,IF(G33="TTDB",300000,IF(G33="DT1",135000,IF(G33="TT1",135000,IF(G33="DT2",75000,IF(G33="TT2",75000,IF(G33="DT3",45000,45000)))))))) -> 135000 | N33: =I33+K33+M33 -> 457500
A34: 27 | B34: 09/04/2025 | C34: Nguyễn Hoàng Lễ | D34: 54 | F34: KHX trên màn hình tăng sáng | G34: TTDB | H34: V.TÂN | I34: =IF(G34="DTDB",420000,IF(G34="TTDB",420000,IF(G34="DT1",187500,IF(G34="TT1",187500,IF(G34="DT2",97500,IF(G34="TT2",97500,IF(G34="DT3",75000,75000))))))) -> 420000 | J34: TUẤN | K34: =IF(G34="DTDB",300000,IF(G34="TTDB",300000,IF(G34="DT1",135000,IF(G34="TT1",135000,IF(G34="DT2",75000,IF(G34="TT2",75000,IF(G34="DT3",45000,45000))))))) -> 300000 | L34: TÙNG | M34: =IF(L34="-",0,IF(G34="DTDB",300000,IF(G34="TTDB",300000,IF(G34="DT1",135000,IF(G34="TT1",135000,IF(G34="DT2",75000,IF(G34="TT2",75000,IF(G34="DT3",45000,45000)))))))) -> 300000 | N34: =I34+K34+M34 -> 1020000
A35: 28 | B35: 09/04/2025 | C35: Nguyễn Văn Thọ | D35: 71 | F35: KHX trên màn hình tăng sáng | G35: TTDB | H35: NGUYỆN | I35: =IF(G35="DTDB",420000,IF(G35="TTDB",420000,IF(G35="DT1",187500,IF(G35="TT1",187500,IF(G35="DT2",97500,IF(G35="TT2",97500,IF(G35="DT3",75000,75000))))))) -> 420000 | J35: V.TÂN | K35: =IF(G35="DTDB",300000,IF(G35="TTDB",300000,IF(G35="DT1",135000,IF(G35="TT1",135000,IF(G35="DT2",75000,IF(G35="TT2",75000,IF(G35="DT3",45000,45000))))))) -> 300000 | L35: T.HƯỞNG | M35: =IF(L35="-",0,IF(G35="DTDB",300000,IF(G35="TTDB",300000,IF(G35="DT1",135000,IF(G35="TT1",135000,IF(G35="DT2",75000,IF(G35="TT2",75000,IF(G35="DT3",45000,45000)))))))) -> 300000 | N35: =I35+K35+M35 -> 1020000
A36: 29 | B36: 09/04/2025 | C36: Nguyễn Văn Thọ | D36: 71 | F36: KHX trên màn hình tăng sáng (80%) | G36: TTDB | H36: GIÀU | I36: =IF(G36="DTDB",420000,IF(G36="TTDB",420000,IF(G36="DT1",187500,IF(G36="TT1",187500,IF(G36="DT2",97500,IF(G36="TT2",97500,IF(G36="DT3",75000,75000))))))) -> 420000 | J36: TUẤN | K36: =IF(G36="DTDB",300000,IF(G36="TTDB",300000,IF(G36="DT1",135000,IF(G36="TT1",135000,IF(G36="DT2",75000,IF(G36="TT2",75000,IF(G36="DT3",45000,45000))))))) -> 300000 | L36: KHÉN | M36: =IF(L36="-",0,IF(G36="DTDB",300000,IF(G36="TTDB",300000,IF(G36="DT1",135000,IF(G36="TT1",135000,IF(G36="DT2",75000,IF(G36="TT2",75000,IF(G36="DT3",45000,45000)))))))) -> 300000 | N36: =I36+K36+M36 -> 1020000
A37: 30 | B37: 09/04/2025 | C37: Nguyễn Hà My | E37: 19 | F37: KHX trên màn hình tăng sáng | G37: TTDB | H37: GIÀU | I37: =IF(G37="DTDB",420000,IF(G37="TTDB",420000,IF(G37="DT1",187500,IF(G37="TT1",187500,IF(G37="DT2",97500,IF(G37="TT2",97500,IF(G37="DT3",75000,75000))))))) -> 420000 | J37: ĐẠT | K37: =IF(G37="DTDB",300000,IF(G37="TTDB",300000,IF(G37="DT1",135000,IF(G37="TT1",135000,IF(G37="DT2",75000,IF(G37="TT2",75000,IF(G37="DT3",45000,45000))))))) -> 300000 | L37: Đ.KHANG | M37: =IF(L37="-",0,IF(G37="DTDB",300000,IF(G37="TTDB",300000,IF(G37="DT1",135000,IF(G37="TT1",135000,IF(G37="DT2",75000,IF(G37="TT2",75000,IF(G37="DT3",45000,45000)))))))) -> 300000 | N37: =I37+K37+M37 -> 1020000
A38: 31 | B38: 10/04/2025 | C38: Nguyễn Kim Ngân | E38: 36 | F38: PT thay toàn bộ khớp háng | G38: DTDB | H38: NGUYỆN | I38: =IF(G38="DTDB",420000,IF(G38="TTDB",420000,IF(G38="DT1",187500,IF(G38="TT1",187500,IF(G38="DT2",97500,IF(G38="TT2",97500,IF(G38="DT3",75000,75000))))))) -> 420000 | J38: ĐIỀN | K38: =IF(G38="DTDB",300000,IF(G38="TTDB",300000,IF(G38="DT1",135000,IF(G38="TT1",135000,IF(G38="DT2",75000,IF(G38="TT2",75000,IF(G38="DT3",45000,45000))))))) -> 300000 | L38: TUẤN | M38: =IF(L38="-",0,IF(G38="DTDB",300000,IF(G38="TTDB",300000,IF(G38="DT1",135000,IF(G38="TT1",135000,IF(G38="DT2",75000,IF(G38="TT2",75000,IF(G38="DT3",45000,45000)))))))) -> 300000 | N38: =I38+K38+M38 -> 1020000
A39: 32 | B39: 10/04/2025 | C39: Nguyễn Thị Út Mót | E39: 72 | F39: KHX trên màn hình tăng sáng | G39: TTDB | H39: ĐIỀN | I39: =IF(G39="DTDB",420000,IF(G39="TTDB",420000,IF(G39="DT1",187500,IF(G39="TT1",187500,IF(G39="DT2",97500,IF(G39="TT2",97500,IF(G39="DT3",75000,75000))))))) -> 420000 | J39: TUẤN | K39: =IF(G39="DTDB",300000,IF(G39="TTDB",300000,IF(G39="DT1",135000,IF(G39="TT1",135000,IF(G39="DT2",75000,IF(G39="TT2",75000,IF(G39="DT3",45000,45000))))))) -> 300000 | L39: T.HƯỞNG | M39: =IF(L39="-",0,IF(G39="DTDB",300000,IF(G39="TTDB",300000,IF(G39="DT1",135000,IF(G39="TT1",135000,IF(G39="DT2",75000,IF(G39="TT2",75000,IF(G39="DT3",45000,45000)))))))) -> 300000 | N39: =I39+K39+M39 -> 1020000
A40: 33 | B40: 10/04/2025 | C40: Trịnh Văn Phú | D40: 42 | F40: PT vá da diện tích > 10cm2 | G40: DT1 | H40: TOẢN | I40: =IF(G40="DTDB",420000,IF(G40="TTDB",420000,IF(G40="DT1",187500,IF(G40="TT1",187500,IF(G40="DT2",97500,IF(G40="TT2",97500,IF(G40="DT3",75000,75000))))))) -> 187500 | J40: TUẤN | K40: =IF(G40="DTDB",300000,IF(G40="TTDB",300000,IF(G40="DT1",135000,IF(G40="TT1",135000,IF(G40="DT2",75000,IF(G40="TT2",75000,IF(G40="DT3",45000,45000))))))) -> 135000 | L40: T.HƯỞNG | M40: =IF(L40="-",0,IF(G40="DTDB",300000,IF(G40="TTDB",300000,IF(G40="DT1",135000,IF(G40="TT1",135000,IF(G40="DT2",75000,IF(G40="TT2",75000,IF(G40="DT3",45000,45000)))))))) -> 135000 | N40: =I40+K40+M40 -> 457500
A41: 34 | B41: 10/04/2025 | C41: Lê Hồng Khánh | D41: 43 | F41: PT vết thương phần mềm phức tạp | G41: TT1 | H41: TOẢN | I41: =IF(G41="DTDB",420000,IF(G41="TTDB",420000,IF(G41="DT1",187500,IF(G41="TT1",187500,IF(G41="DT2",97500,IF(G41="TT2",97500,IF(G41="DT3",75000,75000))))))) -> 187500 | J41: TÙNG | K41: =IF(G41="DTDB",300000,IF(G41="TTDB",300000,IF(G41="DT1",135000,IF(G41="TT1",135000,IF(G41="DT2",75000,IF(G41="TT2",75000,IF(G41="DT3",45000,45000))))))) -> 135000 | L41: THÁI | M41: =IF(L41="-",0,IF(G41="DTDB",300000,IF(G41="TTDB",300000,IF(G41="DT1",135000,IF(G41="TT1",135000,IF(G41="DT2",75000,IF(G41="TT2",75000,IF(G41="DT3",45000,45000)))))))) -> 135000 | N41: =I41+K41+M41 -> 457500
A42: 35 | B42: 12/4/2025 | C42: Võ Thị Niết | E42: 67 | F42: Thay toàn bộ khớp gối | G42: TTDB | H42: TẤN | I42: =IF(G42="DTDB",420000,IF(G42="TTDB",420000,IF(G42="DT1",187500,IF(G42="TT1",187500,IF(G42="DT2",97500,IF(G42="TT2",97500,IF(G42="DT3",75000,75000))))))) -> 420000 | J42: NGUYỆN | K42: =IF(G42="DTDB",300000,IF(G42="TTDB",300000,IF(G42="DT1",135000,IF(G42="TT1",135000,IF(G42="DT2",75000,IF(G42="TT2",75000,IF(G42="DT3",45000,45000))))))) -> 300000 | L42: Đ.KHANG | M42: =IF(L42="-",0,IF(G42="DTDB",300000,IF(G42="TTDB",300000,IF(G42="DT1",135000,IF(G42="TT1",135000,IF(G42="DT2",75000,IF(G42="TT2",75000,IF(G42="DT3",45000,45000)))))))) -> 300000 | N42: =I42+K42+M42 -> 1020000
A43: 36 | B43: 12/4/2025 | C43: Trần Minh Đức | D43: 45 | F43: PTNS tái tạo dây chằng | G43: TTDB | H43: TOẢN | I43: =IF(G43="DTDB",420000,IF(G43="TTDB",420000,IF(G43="DT1",187500,IF(G43="TT1",187500,IF(G43="DT2",97500,IF(G43="TT2",97500,IF(G43="DT3",75000,75000))))))) -> 420000 | J43: TUẤN | K43: =IF(G43="DTDB",300000,IF(G43="TTDB",300000,IF(G43="DT1",135000,IF(G43="TT1",135000,IF(G43="DT2",75000,IF(G43="TT2",75000,IF(G43="DT3",45000,45000))))))) -> 300000 | L43: ĐẠT | M43: =IF(L43="-",0,IF(G43="DTDB",300000,IF(G43="TTDB",300000,IF(G43="DT1",135000,IF(G43="TT1",135000,IF(G43="DT2",75000,IF(G43="TT2",75000,IF(G43="DT3",45000,45000)))))))) -> 300000 | N43: =I43+K43+M43 -> 1020000
A44: 37 | B44: 12/4/2025 | C44: Nguyễn Thị Danh | E44: 63 | F44: PTNS khâu chóp xoay | G44: TTDB | H44: TOẢN | I44: =IF(G44="DTDB",420000,IF(G44="TTDB",420000,IF(G44="DT1",187500,IF(G44="TT1",187500,IF(G44="DT2",97500,IF(G44="TT2",97500,IF(G44="DT3",75000,75000))))))) -> 420000 | J44: TUẤN | K44: =IF(G44="DTDB",300000,IF(G44="TTDB",300000,IF(G44="DT1",135000,IF(G44="TT1",135000,IF(G44="DT2",75000,IF(G44="TT2",75000,IF(G44="DT3",45000,45000))))))) -> 300000 | L44: ĐẠT | M44: =IF(L44="-",0,IF(G44="DTDB",300000,IF(G44="TTDB",300000,IF(G44="DT1",135000,IF(G44="TT1",135000,IF(G44="DT2",75000,IF(G44="TT2",75000,IF(G44="DT3",45000,45000)))))))) -> 300000 | N44: =I44+K44+M44 -> 1020000
A45: 38 | B45: 12/4/2025 | C45: Nguyễn Thị Diễm | E45: 55 | F45: PT KHX trên màn hình tăng sáng | G45: DTDB | H45: GIÀU | I45: =IF(G45="DTDB",420000,IF(G45="TTDB",420000,IF(G45="DT1",187500,IF(G45="TT1",187500,IF(G45="DT2",97500,IF(G45="TT2",97500,IF(G45="DT3",75000,75000))))))) -> 420000 | J45: T.HƯỞNG | K45: =IF(G45="DTDB",300000,IF(G45="TTDB",300000,IF(G45="DT1",135000,IF(G45="TT1",135000,IF(G45="DT2",75000,IF(G45="TT2",75000,IF(G45="DT3",45000,45000))))))) -> 300000 | L45: LUẬT | M45: =IF(L45="-",0,IF(G45="DTDB",300000,IF(G45="TTDB",300000,IF(G45="DT1",135000,IF(G45="TT1",135000,IF(G45="DT2",75000,IF(G45="TT2",75000,IF(G45="DT3",45000,45000)))))))) -> 300000 | N45: =I45+K45+M45 -> 1020000
A46: 39 | B46: 13/4/2025 | C46: Lê Phú Lợi | D46: 20 | F46: PT vết thương phần mềm phức tạp | G46: DT1 | H46: GIÀU | I46: =IF(G46="DTDB",420000,IF(G46="TTDB",420000,IF(G46="DT1",187500,IF(G46="TT1",187500,IF(G46="DT2",97500,IF(G46="TT2",97500,IF(G46="DT3",75000,75000))))))) -> 187500 | J46: ĐẠT | K46: =IF(G46="DTDB",300000,IF(G46="TTDB",300000,IF(G46="DT1",135000,IF(G46="TT1",135000,IF(G46="DT2",75000,IF(G46="TT2",75000,IF(G46="DT3",45000,45000))))))) -> 135000 | L46: TUẤN | M46: =IF(L46="-",0,IF(G46="DTDB",300000,IF(G46="TTDB",300000,IF(G46="DT1",135000,IF(G46="TT1",135000,IF(G46="DT2",75000,IF(G46="TT2",75000,IF(G46="DT3",45000,45000)))))))) -> 135000 | N46: =I46+K46+M46 -> 457500
A47: 40 | B47: 14/4/2025 | C47: Phạm Thị Phỉ | E47: 45 | F47: KHX trên màn hình tăng sáng | G47: DTDB | H47: TOẢN | I47: =IF(G47="DTDB",420000,IF(G47="TTDB",420000,IF(G47="DT1",187500,IF(G47="TT1",187500,IF(G47="DT2",97500,IF(G47="TT2",97500,IF(G47="DT3",75000,75000))))))) -> 420000 | J47: TUẤN | K47: =IF(G47="DTDB",300000,IF(G47="TTDB",300000,IF(G47="DT1",135000,IF(G47="TT1",135000,IF(G47="DT2",75000,IF(G47="TT2",75000,IF(G47="DT3",45000,45000))))))) -> 300000 | L47: TÙNG | M47: =IF(L47="-",0,IF(G47="DTDB",300000,IF(G47="TTDB",300000,IF(G47="DT1",135000,IF(G47="TT1",135000,IF(G47="DT2",75000,IF(G47="TT2",75000,IF(G47="DT3",45000,45000)))))))) -> 300000 | N47: =I47+K47+M47 -> 1020000
A48: 41 | B48: 14/4/2025 | C48: Huỳnh Văn Cường | D48: 29 | F48: Khâu phục hồi tổn thương gân duỗi | G48: TT1 | H48: GIÀU | I48: =IF(G48="DTDB",420000,IF(G48="TTDB",420000,IF(G48="DT1",187500,IF(G48="TT1",187500,IF(G48="DT2",97500,IF(G48="TT2",97500,IF(G48="DT3",75000,75000))))))) -> 187500 | J48: ĐẠT | K48: =IF(G48="DTDB",300000,IF(G48="TTDB",300000,IF(G48="DT1",135000,IF(G48="TT1",135000,IF(G48="DT2",75000,IF(G48="TT2",75000,IF(G48="DT3",45000,45000))))))) -> 135000 | L48: THÁI | M48: =IF(L48="-",0,IF(G48="DTDB",300000,IF(G48="TTDB",300000,IF(G48="DT1",135000,IF(G48="TT1",135000,IF(G48="DT2",75000,IF(G48="TT2",75000,IF(G48="DT3",45000,45000)))))))) -> 135000 | N48: =I48+K48+M48 -> 457500
A49: 42 | B49: 14/4/2025 | C49: Trần Nguyễn Bảo Trân | E49: 22 | F49: KHX trên màn hình tăng sáng | G49: DTDB | H49: GIÀU | I49: =IF(G49="DTDB",420000,IF(G49="TTDB",420000,IF(G49="DT1",187500,IF(G49="TT1",187500,IF(G49="DT2",97500,IF(G49="TT2",97500,IF(G49="DT3",75000,75000))))))) -> 420000 | J49: KHÉN | K49: =IF(G49="DTDB",300000,IF(G49="TTDB",300000,IF(G49="DT1",135000,IF(G49="TT1",135000,IF(G49="DT2",75000,IF(G49="TT2",75000,IF(G49="DT3",45000,45000))))))) -> 300000 | L49: V.HƯỞNG | M49: =IF(L49="-",0,IF(G49="DTDB",300000,IF(G49="TTDB",300000,IF(G49="DT1",135000,IF(G49="TT1",135000,IF(G49="DT2",75000,IF(G49="TT2",75000,IF(G49="DT3",45000,45000)))))))) -> 300000 | N49: =I49+K49+M49 -> 1020000
A50: 43 | B50: 15/4/2025 | C50: Lê Phước Đời | D50: 42 | F50: Thay toàn bộ khớp háng | G50: TTDB | H50: TẤN | I50: =IF(G50="DTDB",420000,IF(G50="TTDB",420000,IF(G50="DT1",187500,IF(G50="TT1",187500,IF(G50="DT2",97500,IF(G50="TT2",97500,IF(G50="DT3",75000,75000))))))) -> 420000 | J50: TOẢN | K50: =IF(G50="DTDB",300000,IF(G50="TTDB",300000,IF(G50="DT1",135000,IF(G50="TT1",135000,IF(G50="DT2",75000,IF(G50="TT2",75000,IF(G50="DT3",45000,45000))))))) -> 300000 | L50: TUẤN | M50: =IF(L50="-",0,IF(G50="DTDB",300000,IF(G50="TTDB",300000,IF(G50="DT1",135000,IF(G50="TT1",135000,IF(G50="DT2",75000,IF(G50="TT2",75000,IF(G50="DT3",45000,45000)))))))) -> 300000 | N50: =I50+K50+M50 -> 1020000
A51: 44 | B51: 15/4/2025 | C51: Lê Phước Đời | D51: 42 | F51: Thay toàn bộ khớp háng (50%) | G51: TTDB | H51: TẤN | I51: =IF(G51="DTDB",420000,IF(G51="TTDB",420000,IF(G51="DT1",187500,IF(G51="TT1",187500,IF(G51="DT2",97500,IF(G51="TT2",97500,IF(G51="DT3",75000,75000))))))) -> 420000 | J51: TOẢN | K51: =IF(G51="DTDB",300000,IF(G51="TTDB",300000,IF(G51="DT1",135000,IF(G51="TT1",135000,IF(G51="DT2",75000,IF(G51="TT2",75000,IF(G51="DT3",45000,45000))))))) -> 300000 | L51: TUẤN | M51: =IF(L51="-",0,IF(G51="DTDB",300000,IF(G51="TTDB",300000,IF(G51="DT1",135000,IF(G51="TT1",135000,IF(G51="DT2",75000,IF(G51="TT2",75000,IF(G51="DT3",45000,45000)))))))) -> 300000 | N51: =I51+K51+M51 -> 1020000
A52: 45 | B52: 15/4/2025 | C52: Bùi Vĩnh Thái | D52: 23 | F52: KHX trên màn hình tăng sáng | G52: TTDB | H52: GIÀU | I52: =IF(G52="DTDB",420000,IF(G52="TTDB",420000,IF(G52="DT1",187500,IF(G52="TT1",187500,IF(G52="DT2",97500,IF(G52="TT2",97500,IF(G52="DT3",75000,75000))))))) -> 420000 | J52: TUẤN | K52: =IF(G52="DTDB",300000,IF(G52="TTDB",300000,IF(G52="DT1",135000,IF(G52="TT1",135000,IF(G52="DT2",75000,IF(G52="TT2",75000,IF(G52="DT3",45000,45000))))))) -> 300000 | L52: T.HƯỞNG | M52: =IF(L52="-",0,IF(G52="DTDB",300000,IF(G52="TTDB",300000,IF(G52="DT1",135000,IF(G52="TT1",135000,IF(G52="DT2",75000,IF(G52="TT2",75000,IF(G52="DT3",45000,45000)))))))) -> 300000 | N52: =I52+K52+M52 -> 1020000
A53: 46 | B53: 15/4/2025 | C53: Hà Văn Bin | D53: 18 | F53: KHX trên màn hình tăng sáng | G53: DTDB | H53: V.TÂN | I53: =IF(G53="DTDB",420000,IF(G53="TTDB",420000,IF(G53="DT1",187500,IF(G53="TT1",187500,IF(G53="DT2",97500,IF(G53="TT2",97500,IF(G53="DT3",75000,75000))))))) -> 420000 | J53: GIÀU | K53: =IF(G53="DTDB",300000,IF(G53="TTDB",300000,IF(G53="DT1",135000,IF(G53="TT1",135000,IF(G53="DT2",75000,IF(G53="TT2",75000,IF(G53="DT3",45000,45000))))))) -> 300000 | L53: Đ.KHANG | M53: =IF(L53="-",0,IF(G53="DTDB",300000,IF(G53="TTDB",300000,IF(G53="DT1",135000,IF(G53="TT1",135000,IF(G53="DT2",75000,IF(G53="TT2",75000,IF(G53="DT3",45000,45000)))))))) -> 300000 | N53: =I53+K53+M53 -> 1020000
A54: 47 | B54: 16/4/2025 | C54: NGUYỄN MINH HIỀN | D54: 44 | F54: Khâu phục hồi tổn thương gân duỗi | G54: TT1 | H54: GIÀU | I54: =IF(G54="DTDB",420000,IF(G54="TTDB",420000,IF(G54="DT1",187500,IF(G54="TT1",187500,IF(G54="DT2",97500,IF(G54="TT2",97500,IF(G54="DT3",75000,75000))))))) -> 187500 | J54: TUẤN | K54: =IF(G54="DTDB",300000,IF(G54="TTDB",300000,IF(G54="DT1",135000,IF(G54="TT1",135000,IF(G54="DT2",75000,IF(G54="TT2",75000,IF(G54="DT3",45000,45000))))))) -> 135000 | L54: TÙNG | M54: =IF(L54="-",0,IF(G54="DTDB",300000,IF(G54="TTDB",300000,IF(G54="DT1",135000,IF(G54="TT1",135000,IF(G54="DT2",75000,IF(G54="TT2",75000,IF(G54="DT3",45000,45000)))))))) -> 135000 | N54: =I54+K54+M54 -> 457500
A55: 48 | B55: 18/04/2025 | C55: Dương Trung Tuấn | D55: 28 | F55: PT vết thương phần mềm tổn thương thần kinh trụ, thần kinh quay | G55: TTDB | H55: NGUYỆN | I55: =IF(G55="DTDB",420000,IF(G55="TTDB",420000,IF(G55="DT1",187500,IF(G55="TT1",187500,IF(G55="DT2",97500,IF(G55="TT2",97500,IF(G55="DT3",75000,75000))))))) -> 420000 | J55: TUẤN | K55: =IF(G55="DTDB",300000,IF(G55="TTDB",300000,IF(G55="DT1",135000,IF(G55="TT1",135000,IF(G55="DT2",75000,IF(G55="TT2",75000,IF(G55="DT3",45000,45000))))))) -> 300000 | L55: TÙNG | M55: =IF(L55="-",0,IF(G55="DTDB",300000,IF(G55="TTDB",300000,IF(G55="DT1",135000,IF(G55="TT1",135000,IF(G55="DT2",75000,IF(G55="TT2",75000,IF(G55="DT3",45000,45000)))))))) -> 300000 | N55: =I55+K55+M55 -> 1020000
A56: 49 | B56: 19/04/2025 | C56: Nguyễn Hoàng Mau | D56: 37 | F56: PT KHX trên màn hình tăng sáng | G56: TTDB | H56: NGUYỆN | I56: =IF(G56="DTDB",420000,IF(G56="TTDB",420000,IF(G56="DT1",187500,IF(G56="TT1",187500,IF(G56="DT2",97500,IF(G56="TT2",97500,IF(G56="DT3",75000,75000))))))) -> 420000 | J56: TUẤN | K56: =IF(G56="DTDB",300000,IF(G56="TTDB",300000,IF(G56="DT1",135000,IF(G56="TT1",135000,IF(G56="DT2",75000,IF(G56="TT2",75000,IF(G56="DT3",45000,45000))))))) -> 300000 | L56: TÙNG | M56: =IF(L56="-",0,IF(G56="DTDB",300000,IF(G56="TTDB",300000,IF(G56="DT1",135000,IF(G56="TT1",135000,IF(G56="DT2",75000,IF(G56="TT2",75000,IF(G56="DT3",45000,45000)))))))) -> 300000 | N56: =I56+K56+M56 -> 1020000
A57: 50 | B57: 20/04/2025 | C57: Nguyễn Thành Sơn | D57: 53 | F57: KHX trên màn hình tăng sáng | G57: DTDB | H57: TOẢN | I57: =IF(G57="DTDB",420000,IF(G57="TTDB",420000,IF(G57="DT1",187500,IF(G57="TT1",187500,IF(G57="DT2",97500,IF(G57="TT2",97500,IF(G57="DT3",75000,75000))))))) -> 420000 | J57: T.HƯỞNG | K57: =IF(G57="DTDB",300000,IF(G57="TTDB",300000,IF(G57="DT1",135000,IF(G57="TT1",135000,IF(G57="DT2",75000,IF(G57="TT2",75000,IF(G57="DT3",45000,45000))))))) -> 300000 | L57: KHÉN | M57: =IF(L57="-",0,IF(G57="DTDB",300000,IF(G57="TTDB",300000,IF(G57="DT1",135000,IF(G57="TT1",135000,IF(G57="DT2",75000,IF(G57="TT2",75000,IF(G57="DT3",45000,45000)))))))) -> 300000 | N57: =I57+K57+M57 -> 1020000
A58: 51 | B58: 22/4/2025 | C58: Nguyễn Thị Lang | E58: 88 | F58: Thay khớp háng bán phần | G58: TT1 | H58: NGUYỆN | I58: =IF(G58="DTDB",420000,IF(G58="TTDB",420000,IF(G58="DT1",187500,IF(G58="TT1",187500,IF(G58="DT2",97500,IF(G58="TT2",97500,IF(G58="DT3",75000,75000))))))) -> 187500 | J58: TUẤN | K58: =IF(G58="DTDB",300000,IF(G58="TTDB",300000,IF(G58="DT1",135000,IF(G58="TT1",135000,IF(G58="DT2",75000,IF(G58="TT2",75000,IF(G58="DT3",45000,45000))))))) -> 135000 | L58: T.HƯỞNG | M58: =IF(L58="-",0,IF(G58="DTDB",300000,IF(G58="TTDB",300000,IF(G58="DT1",135000,IF(G58="TT1",135000,IF(G58="DT2",75000,IF(G58="TT2",75000,IF(G58="DT3",45000,45000)))))))) -> 135000 | N58: =I58+K58+M58 -> 457500
A59: 52 | B59: 22/4/2025 | C59: Trần Thị Mai | E59: 61 | F59: KHX trên màn hình tăng sáng | G59: TTDB | H59: TOẢN | I59: =IF(G59="DTDB",420000,IF(G59="TTDB",420000,IF(G59="DT1",187500,IF(G59="TT1",187500,IF(G59="DT2",97500,IF(G59="TT2",97500,IF(G59="DT3",75000,75000))))))) -> 420000 | J59: TUẤN | K59: =IF(G59="DTDB",300000,IF(G59="TTDB",300000,IF(G59="DT1",135000,IF(G59="TT1",135000,IF(G59="DT2",75000,IF(G59="TT2",75000,IF(G59="DT3",45000,45000))))))) -> 300000 | L59: ĐẠT | M59: =IF(L59="-",0,IF(G59="DTDB",300000,IF(G59="TTDB",300000,IF(G59="DT1",135000,IF(G59="TT1",135000,IF(G59="DT2",75000,IF(G59="TT2",75000,IF(G59="DT3",45000,45000)))))))) -> 300000 | N59: =I59+K59+M59 -> 1020000
A60: 53 | B60: 22/4/2025 | C60: Tiêu Xái Hía | E60: 60 | F60: PT tổn thương gân Achille | G60: TT1 | H60: GIÀU | I60: =IF(G60="DTDB",420000,IF(G60="TTDB",420000,IF(G60="DT1",187500,IF(G60="TT1",187500,IF(G60="DT2",97500,IF(G60="TT2",97500,IF(G60="DT3",75000,75000))))))) -> 187500 | J60: KHÉN | K60: =IF(G60="DTDB",300000,IF(G60="TTDB",300000,IF(G60="DT1",135000,IF(G60="TT1",135000,IF(G60="DT2",75000,IF(G60="TT2",75000,IF(G60="DT3",45000,45000))))))) -> 135000 | L60: NGHĨA | M60: =IF(L60="-",0,IF(G60="DTDB",300000,IF(G60="TTDB",300000,IF(G60="DT1",135000,IF(G60="TT1",135000,IF(G60="DT2",75000,IF(G60="TT2",75000,IF(G60="DT3",45000,45000)))))))) -> 135000 | N60: =I60+K60+M60 -> 457500
A61: 54 | B61: 22/4/2025 | C61: Danh Thị Thủy | E61: 51 | F61: Cố định cột sống | G61: TTDB | H61: NGUYỆN | I61: =IF(G61="DTDB",420000,IF(G61="TTDB",420000,IF(G61="DT1",187500,IF(G61="TT1",187500,IF(G61="DT2",97500,IF(G61="TT2",97500,IF(G61="DT3",75000,75000))))))) -> 420000 | J61: TUẤN | K61: =IF(G61="DTDB",300000,IF(G61="TTDB",300000,IF(G61="DT1",135000,IF(G61="TT1",135000,IF(G61="DT2",75000,IF(G61="TT2",75000,IF(G61="DT3",45000,45000))))))) -> 300000 | L61: THÁI | M61: =IF(L61="-",0,IF(G61="DTDB",300000,IF(G61="TTDB",300000,IF(G61="DT1",135000,IF(G61="TT1",135000,IF(G61="DT2",75000,IF(G61="TT2",75000,IF(G61="DT3",45000,45000)))))))) -> 300000 | N61: =I61+K61+M61 -> 1020000
A62: 55 | B62: 23/4/2025 | C62: NGUYỄN PHƯỚC VỊ | D62: 48 | F62: PT thay khớp háng toàn phần | G62: DTDB | H62: NGUYỆN | I62: =IF(G62="DTDB",420000,IF(G62="TTDB",420000,IF(G62="DT1",187500,IF(G62="TT1",187500,IF(G62="DT2",97500,IF(G62="TT2",97500,IF(G62="DT3",75000,75000))))))) -> 420000 | J62: ĐIỀN | K62: =IF(G62="DTDB",300000,IF(G62="TTDB",300000,IF(G62="DT1",135000,IF(G62="TT1",135000,IF(G62="DT2",75000,IF(G62="TT2",75000,IF(G62="DT3",45000,45000))))))) -> 300000 | L62: KHÉN | M62: =IF(L62="-",0,IF(G62="DTDB",300000,IF(G62="TTDB",300000,IF(G62="DT1",135000,IF(G62="TT1",135000,IF(G62="DT2",75000,IF(G62="TT2",75000,IF(G62="DT3",45000,45000)))))))) -> 300000 | N62: =I62+K62+M62 -> 1020000
A63: 56 | B63: 23/4/2025 | C63: Đỗ Trung Hiền | D63: 31 | F63: PTNS sụn chêm | G63: DTDB | H63: TOẢN | I63: =IF(G63="DTDB",420000,IF(G63="TTDB",420000,IF(G63="DT1",187500,IF(G63="TT1",187500,IF(G63="DT2",97500,IF(G63="TT2",97500,IF(G63="DT3",75000,75000))))))) -> 420000 | J63: ĐẠT | K63: =IF(G63="DTDB",300000,IF(G63="TTDB",300000,IF(G63="DT1",135000,IF(G63="TT1",135000,IF(G63="DT2",75000,IF(G63="TT2",75000,IF(G63="DT3",45000,45000))))))) -> 300000 | L63: T.HƯỞNG | M63: =IF(L63="-",0,IF(G63="DTDB",300000,IF(G63="TTDB",300000,IF(G63="DT1",135000,IF(G63="TT1",135000,IF(G63="DT2",75000,IF(G63="TT2",75000,IF(G63="DT3",45000,45000)))))))) -> 300000 | N63: =I63+K63+M63 -> 1020000
A64: 57 | B64: 23/4/2025 | C64: Nguyễn Thị Đậm | E64: 70 | F64: Thay khớp gối toàn phần | G64: TTDB | H64: TẤN | I64: =IF(G64="DTDB",420000,IF(G64="TTDB",420000,IF(G64="DT1",187500,IF(G64="TT1",187500,IF(G64="DT2",97500,IF(G64="TT2",97500,IF(G64="DT3",75000,75000))))))) -> 420000 | J64: TOẢN | K64: =IF(G64="DTDB",300000,IF(G64="TTDB",300000,IF(G64="DT1",135000,IF(G64="TT1",135000,IF(G64="DT2",75000,IF(G64="TT2",75000,IF(G64="DT3",45000,45000))))))) -> 300000 | L64: TUẤN | M64: =IF(L64="-",0,IF(G64="DTDB",300000,IF(G64="TTDB",300000,IF(G64="DT1",135000,IF(G64="TT1",135000,IF(G64="DT2",75000,IF(G64="TT2",75000,IF(G64="DT3",45000,45000)))))))) -> 300000 | N64: =I64+K64+M64 -> 1020000
A65: 58 | B65: 24/4/2025 | C65: Trần Kim Quỳnh | E65: 38 | F65: KHX trên màn hình tăng sáng | G65: DTDB | H65: NGUYỆN | I65: =IF(G65="DTDB",420000,IF(G65="TTDB",420000,IF(G65="DT1",187500,IF(G65="TT1",187500,IF(G65="DT2",97500,IF(G65="TT2",97500,IF(G65="DT3",75000,75000))))))) -> 420000 | J65: TUẤN | K65: =IF(G65="DTDB",300000,IF(G65="TTDB",300000,IF(G65="DT1",135000,IF(G65="TT1",135000,IF(G65="DT2",75000,IF(G65="TT2",75000,IF(G65="DT3",45000,45000))))))) -> 300000 | L65: TÙNG | M65: =IF(L65="-",0,IF(G65="DTDB",300000,IF(G65="TTDB",300000,IF(G65="DT1",135000,IF(G65="TT1",135000,IF(G65="DT2",75000,IF(G65="TT2",75000,IF(G65="DT3",45000,45000)))))))) -> 300000 | N65: =I65+K65+M65 -> 1020000
A66: 59 | B66: 25/4/2025 | C66: Hà Nhựt Khương | D66: 50 | F66: PT khâu tổn thương thần kinh | G66: TTDB | H66: TOẢN | I66: =IF(G66="DTDB",420000,IF(G66="TTDB",420000,IF(G66="DT1",187500,IF(G66="TT1",187500,IF(G66="DT2",97500,IF(G66="TT2",97500,IF(G66="DT3",75000,75000))))))) -> 420000 | J66: T.HƯỞNG | K66: =IF(G66="DTDB",300000,IF(G66="TTDB",300000,IF(G66="DT1",135000,IF(G66="TT1",135000,IF(G66="DT2",75000,IF(G66="TT2",75000,IF(G66="DT3",45000,45000))))))) -> 300000 | L66: LUẬT | M66: =IF(L66="-",0,IF(G66="DTDB",300000,IF(G66="TTDB",300000,IF(G66="DT1",135000,IF(G66="TT1",135000,IF(G66="DT2",75000,IF(G66="TT2",75000,IF(G66="DT3",45000,45000)))))))) -> 300000 | N66: =I66+K66+M66 -> 1020000
A67: 60 | B67: 26/4/2025 | C67: Ngô Bình An | D67: 26 | F67: NS tái tạo dây chằng | G67: TTDB | H67: TOẢN | I67: =IF(G67="DTDB",420000,IF(G67="TTDB",420000,IF(G67="DT1",187500,IF(G67="TT1",187500,IF(G67="DT2",97500,IF(G67="TT2",97500,IF(G67="DT3",75000,75000))))))) -> 420000 | J67: TUẤN | K67: =IF(G67="DTDB",300000,IF(G67="TTDB",300000,IF(G67="DT1",135000,IF(G67="TT1",135000,IF(G67="DT2",75000,IF(G67="TT2",75000,IF(G67="DT3",45000,45000))))))) -> 300000 | L67: KHÉN | M67: =IF(L67="-",0,IF(G67="DTDB",300000,IF(G67="TTDB",300000,IF(G67="DT1",135000,IF(G67="TT1",135000,IF(G67="DT2",75000,IF(G67="TT2",75000,IF(G67="DT3",45000,45000)))))))) -> 300000 | N67: =I67+K67+M67 -> 1020000
A68: 61 | B68: 26/4/2025 | C68: Võ Bảo Vinh | D68: 28 | F68: PTNS cắt sụn chêm | G68: TT1 | H68: TOẢN | I68: =IF(G68="DTDB",420000,IF(G68="TTDB",420000,IF(G68="DT1",187500,IF(G68="TT1",187500,IF(G68="DT2",97500,IF(G68="TT2",97500,IF(G68="DT3",75000,75000))))))) -> 187500 | J68: GIÀU | K68: =IF(G68="DTDB",300000,IF(G68="TTDB",300000,IF(G68="DT1",135000,IF(G68="TT1",135000,IF(G68="DT2",75000,IF(G68="TT2",75000,IF(G68="DT3",45000,45000))))))) -> 135000 | L68: TUẤN | M68: =IF(L68="-",0,IF(G68="DTDB",300000,IF(G68="TTDB",300000,IF(G68="DT1",135000,IF(G68="TT1",135000,IF(G68="DT2",75000,IF(G68="TT2",75000,IF(G68="DT3",45000,45000)))))))) -> 135000 | N68: =I68+K68+M68 -> 457500
A69: 62 | B69: 26/4/2025 | C69: Võ Hoàng Anh | D69: 28 | F69: NS tái tạo dây chằng | G69: TTDB | H69: TOẢN | I69: =IF(G69="DTDB",420000,IF(G69="TTDB",420000,IF(G69="DT1",187500,IF(G69="TT1",187500,IF(G69="DT2",97500,IF(G69="TT2",97500,IF(G69="DT3",75000,75000))))))) -> 420000 | J69: TUẤN | K69: =IF(G69="DTDB",300000,IF(G69="TTDB",300000,IF(G69="DT1",135000,IF(G69="TT1",135000,IF(G69="DT2",75000,IF(G69="TT2",75000,IF(G69="DT3",45000,45000))))))) -> 300000 | L69: KHÉN | M69: =IF(L69="-",0,IF(G69="DTDB",300000,IF(G69="TTDB",300000,IF(G69="DT1",135000,IF(G69="TT1",135000,IF(G69="DT2",75000,IF(G69="TT2",75000,IF(G69="DT3",45000,45000)))))))) -> 300000 | N69: =I69+K69+M69 -> 1020000
A70: 63 | B70: 18/3/2025 | C70: Trương Quốc Sách | D70: 51 | F70: Cắt lọc hoại tử ổ loét mạn tính | G70: TT2 | H70: GIÀU | I70: =IF(G70="DTDB",420000,IF(G70="TTDB",420000,IF(G70="DT1",187500,IF(G70="TT1",187500,IF(G70="DT2",97500,IF(G70="TT2",97500,IF(G70="DT3",75000,75000))))))) -> 97500 | J70: Đ.KHANG | K70: =IF(G70="DTDB",300000,IF(G70="TTDB",300000,IF(G70="DT1",135000,IF(G70="TT1",135000,IF(G70="DT2",75000,IF(G70="TT2",75000,IF(G70="DT3",45000,45000))))))) -> 75000 | L70: - | M70: =IF(L70="-",0,IF(G70="DTDB",300000,IF(G70="TTDB",300000,IF(G70="DT1",135000,IF(G70="TT1",135000,IF(G70="DT2",75000,IF(G70="TT2",75000,IF(G70="DT3",45000,45000)))))))) -> 0 | N70: =I70+K70+M70 -> 172500
A71: 64 | B71: 22/3/2025 | C71: Trương Quốc Sách | D71: 51 | F71: Cắt lọc hoại tử ổ loét mạn tính | G71: TT2 | H71: GIÀU | I71: =IF(G71="DTDB",420000,IF(G71="TTDB",420000,IF(G71="DT1",187500,IF(G71="TT1",187500,IF(G71="DT2",97500,IF(G71="TT2",97500,IF(G71="DT3",75000,75000))))))) -> 97500 | J71: Đ.KHANG | K71: =IF(G71="DTDB",300000,IF(G71="TTDB",300000,IF(G71="DT1",135000,IF(G71="TT1",135000,IF(G71="DT2",75000,IF(G71="TT2",75000,IF(G71="DT3",45000,45000))))))) -> 75000 | L71: - | M71: =IF(L71="-",0,IF(G71="DTDB",300000,IF(G71="TTDB",300000,IF(G71="DT1",135000,IF(G71="TT1",135000,IF(G71="DT2",75000,IF(G71="TT2",75000,IF(G71="DT3",45000,45000)))))))) -> 0 | N71: =I71+K71+M71 -> 172500
A72: 65 | B72: 25/3/2025 | C72: Nguyễn Văn Beo | D72: 72 | F72: PT viêm xương | G72: TT2 | H72: NGUYỆN | I72: =IF(G72="DTDB",420000,IF(G72="TTDB",420000,IF(G72="DT1",187500,IF(G72="TT1",187500,IF(G72="DT2",97500,IF(G72="TT2",97500,IF(G72="DT3",75000,75000))))))) -> 97500 | J72: TUẤN | K72: =IF(G72="DTDB",300000,IF(G72="TTDB",300000,IF(G72="DT1",135000,IF(G72="TT1",135000,IF(G72="DT2",75000,IF(G72="TT2",75000,IF(G72="DT3",45000,45000))))))) -> 75000 | L72: - | M72: =IF(L72="-",0,IF(G72="DTDB",300000,IF(G72="TTDB",300000,IF(G72="DT1",135000,IF(G72="TT1",135000,IF(G72="DT2",75000,IF(G72="TT2",75000,IF(G72="DT3",45000,45000)))))))) -> 0 | N72: =I72+K72+M72 -> 172500
A73: 66 | B73: 26/3/2025 | C73: Trương Quốc Sách | D73: 51 | F73: Cắt lọc hoại tử ổ loét mạn tính | G73: DT2 | H73: V.TÂN | I73: =IF(G73="DTDB",420000,IF(G73="TTDB",420000,IF(G73="DT1",187500,IF(G73="TT1",187500,IF(G73="DT2",97500,IF(G73="TT2",97500,IF(G73="DT3",75000,75000))))))) -> 97500 | J73: Đ.KHANG | K73: =IF(G73="DTDB",300000,IF(G73="TTDB",300000,IF(G73="DT1",135000,IF(G73="TT1",135000,IF(G73="DT2",75000,IF(G73="TT2",75000,IF(G73="DT3",45000,45000))))))) -> 75000 | L73: - | M73: =IF(L73="-",0,IF(G73="DTDB",300000,IF(G73="TTDB",300000,IF(G73="DT1",135000,IF(G73="TT1",135000,IF(G73="DT2",75000,IF(G73="TT2",75000,IF(G73="DT3",45000,45000)))))))) -> 0 | N73: =I73+K73+M73 -> 172500
A74: 67 | B74: 30/3/2025 | C74: Phan Văn Nghĩa | D74: 71 | F74: Cắt lọc hoại tử ổ loét mạn tính | G74: DT2 | H74: GIÀU | I74: =IF(G74="DTDB",420000,IF(G74="TTDB",420000,IF(G74="DT1",187500,IF(G74="TT1",187500,IF(G74="DT2",97500,IF(G74="TT2",97500,IF(G74="DT3",75000,75000))))))) -> 97500 | J74: ĐẠT | K74: =IF(G74="DTDB",300000,IF(G74="TTDB",300000,IF(G74="DT1",135000,IF(G74="TT1",135000,IF(G74="DT2",75000,IF(G74="TT2",75000,IF(G74="DT3",45000,45000))))))) -> 75000 | L74: - | M74: =IF(L74="-",0,IF(G74="DTDB",300000,IF(G74="TTDB",300000,IF(G74="DT1",135000,IF(G74="TT1",135000,IF(G74="DT2",75000,IF(G74="TT2",75000,IF(G74="DT3",45000,45000)))))))) -> 0 | N74: =I74+K74+M74 -> 172500
A75: 68 | B75: 31/03/2025 | C75: Dương Hoàng Thiện | D75: 40 | F75: Cắt lọc hoại tử ổ loét vết thương mạn tính | G75: TT2 | H75: TOẢN | I75: =IF(G75="DTDB",420000,IF(G75="TTDB",420000,IF(G75="DT1",187500,IF(G75="TT1",187500,IF(G75="DT2",97500,IF(G75="TT2",97500,IF(G75="DT3",75000,75000))))))) -> 97500 | J75: TUẤN | K75: =IF(G75="DTDB",300000,IF(G75="TTDB",300000,IF(G75="DT1",135000,IF(G75="TT1",135000,IF(G75="DT2",75000,IF(G75="TT2",75000,IF(G75="DT3",45000,45000))))))) -> 75000 | L75: - | M75: =IF(L75="-",0,IF(G75="DTDB",300000,IF(G75="TTDB",300000,IF(G75="DT1",135000,IF(G75="TT1",135000,IF(G75="DT2",75000,IF(G75="TT2",75000,IF(G75="DT3",45000,45000)))))))) -> 0 | N75: =I75+K75+M75 -> 172500
A76: 69 | B76: 31/03/2025 | C76: LÊ TẤN KHANH | D76: 62 | F76: Cắt lọc hoại tử ổ loét vết thương mạn tính | G76: TT2 | H76: V.TÂN | I76: =IF(G76="DTDB",420000,IF(G76="TTDB",420000,IF(G76="DT1",187500,IF(G76="TT1",187500,IF(G76="DT2",97500,IF(G76="TT2",97500,IF(G76="DT3",75000,75000))))))) -> 97500 | J76: KHÉN | K76: =IF(G76="DTDB",300000,IF(G76="TTDB",300000,IF(G76="DT1",135000,IF(G76="TT1",135000,IF(G76="DT2",75000,IF(G76="TT2",75000,IF(G76="DT3",45000,45000))))))) -> 75000 | L76: - | M76: =IF(L76="-",0,IF(G76="DTDB",300000,IF(G76="TTDB",300000,IF(G76="DT1",135000,IF(G76="TT1",135000,IF(G76="DT2",75000,IF(G76="TT2",75000,IF(G76="DT3",45000,45000)))))))) -> 0 | N76: =I76+K76+M76 -> 172500
A77: 70 | B77: 31/03/2025 | C77: Trương Quốc Sách | D77: 51 | F77: Ghép da | G77: TT2 | H77: GIÀU | I77: =IF(G77="DTDB",420000,IF(G77="TTDB",420000,IF(G77="DT1",187500,IF(G77="TT1",187500,IF(G77="DT2",97500,IF(G77="TT2",97500,IF(G77="DT3",75000,75000))))))) -> 97500 | J77: LUẬT | K77: =IF(G77="DTDB",300000,IF(G77="TTDB",300000,IF(G77="DT1",135000,IF(G77="TT1",135000,IF(G77="DT2",75000,IF(G77="TT2",75000,IF(G77="DT3",45000,45000))))))) -> 75000 | L77: - | M77: =IF(L77="-",0,IF(G77="DTDB",300000,IF(G77="TTDB",300000,IF(G77="DT1",135000,IF(G77="TT1",135000,IF(G77="DT2",75000,IF(G77="TT2",75000,IF(G77="DT3",45000,45000)))))))) -> 0 | N77: =I77+K77+M77 -> 172500
A78: 71 | B78: 01/4/2025 | C78: Huỳnh Thị Nhung | E78: 73 | F78: PT cắt cụt chi | G78: TT2 | H78: V.TÂN | I78: =IF(G78="DTDB",420000,IF(G78="TTDB",420000,IF(G78="DT1",187500,IF(G78="TT1",187500,IF(G78="DT2",97500,IF(G78="TT2",97500,IF(G78="DT3",75000,75000))))))) -> 97500 | J78: THÁI | K78: =IF(G78="DTDB",300000,IF(G78="TTDB",300000,IF(G78="DT1",135000,IF(G78="TT1",135000,IF(G78="DT2",75000,IF(G78="TT2",75000,IF(G78="DT3",45000,45000))))))) -> 75000 | L78: - | M78: =IF(L78="-",0,IF(G78="DTDB",300000,IF(G78="TTDB",300000,IF(G78="DT1",135000,IF(G78="TT1",135000,IF(G78="DT2",75000,IF(G78="TT2",75000,IF(G78="DT3",45000,45000)))))))) -> 0 | N78: =I78+K78+M78 -> 172500
A79: 72 | B79: 01/4/2025 | C79: Nguyễn Hữu Thọ | D79: 24 | F79: Lấy DC KHX | G79: TT2 | H79: V.TÂN | I79: =IF(G79="DTDB",420000,IF(G79="TTDB",420000,IF(G79="DT1",187500,IF(G79="TT1",187500,IF(G79="DT2",97500,IF(G79="TT2",97500,IF(G79="DT3",75000,75000))))))) -> 97500 | J79: KHÉN | K79: =IF(G79="DTDB",300000,IF(G79="TTDB",300000,IF(G79="DT1",135000,IF(G79="TT1",135000,IF(G79="DT2",75000,IF(G79="TT2",75000,IF(G79="DT3",45000,45000))))))) -> 75000 | L79: - | M79: =IF(L79="-",0,IF(G79="DTDB",300000,IF(G79="TTDB",300000,IF(G79="DT1",135000,IF(G79="TT1",135000,IF(G79="DT2",75000,IF(G79="TT2",75000,IF(G79="DT3",45000,45000)))))))) -> 0 | N79: =I79+K79+M79 -> 172500
A80: 73 | B80: 01/4/2025 | C80: Trần Thị Mỹ Hạnh | E80: 31 | F80: Lấy DC KHX | G80: DT2 | H80: ĐIỀN | I80: =IF(G80="DTDB",420000,IF(G80="TTDB",420000,IF(G80="DT1",187500,IF(G80="TT1",187500,IF(G80="DT2",97500,IF(G80="TT2",97500,IF(G80="DT3",75000,75000))))))) -> 97500 | J80: THÁI | K80: =IF(G80="DTDB",300000,IF(G80="TTDB",300000,IF(G80="DT1",135000,IF(G80="TT1",135000,IF(G80="DT2",75000,IF(G80="TT2",75000,IF(G80="DT3",45000,45000))))))) -> 75000 | L80: - | M80: =IF(L80="-",0,IF(G80="DTDB",300000,IF(G80="TTDB",300000,IF(G80="DT1",135000,IF(G80="TT1",135000,IF(G80="DT2",75000,IF(G80="TT2",75000,IF(G80="DT3",45000,45000)))))))) -> 0 | N80: =I80+K80+M80 -> 172500
A81: 74 | B81: 01/4/2025 | C81: Trần Thị Hồng Gấm | E81: 22 | F81: Lấy DC KHX | G81: TT2 | H81: GIÀU | I81: =IF(G81="DTDB",420000,IF(G81="TTDB",420000,IF(G81="DT1",187500,IF(G81="TT1",187500,IF(G81="DT2",97500,IF(G81="TT2",97500,IF(G81="DT3",75000,75000))))))) -> 97500 | J81: TUẤN | K81: =IF(G81="DTDB",300000,IF(G81="TTDB",300000,IF(G81="DT1",135000,IF(G81="TT1",135000,IF(G81="DT2",75000,IF(G81="TT2",75000,IF(G81="DT3",45000,45000))))))) -> 75000 | L81: - | M81: =IF(L81="-",0,IF(G81="DTDB",300000,IF(G81="TTDB",300000,IF(G81="DT1",135000,IF(G81="TT1",135000,IF(G81="DT2",75000,IF(G81="TT2",75000,IF(G81="DT3",45000,45000)))))))) -> 0 | N81: =I81+K81+M81 -> 172500
A82: 75 | B82: 01/4/2025 | C82: Lê Thị Phước | E82: 74 | F82: Cắt lọc hoại tử ổ loét vết thương mạn tính | G82: TT2 | H82: ĐIỀN | I82: =IF(G82="DTDB",420000,IF(G82="TTDB",420000,IF(G82="DT1",187500,IF(G82="TT1",187500,IF(G82="DT2",97500,IF(G82="TT2",97500,IF(G82="DT3",75000,75000))))))) -> 97500 | J82: KHÉN | K82: =IF(G82="DTDB",300000,IF(G82="TTDB",300000,IF(G82="DT1",135000,IF(G82="TT1",135000,IF(G82="DT2",75000,IF(G82="TT2",75000,IF(G82="DT3",45000,45000))))))) -> 75000 | L82: - | M82: =IF(L82="-",0,IF(G82="DTDB",300000,IF(G82="TTDB",300000,IF(G82="DT1",135000,IF(G82="TT1",135000,IF(G82="DT2",75000,IF(G82="TT2",75000,IF(G82="DT3",45000,45000)))))))) -> 0 | N82: =I82+K82+M82 -> 172500
A83: 76 | B83: 02/4/2025 | C83: Nguyễn Văn Tùng | D83: 49 | F83: Cắt lọc hoại tử ổ loét vết thương mạn tính | G83: TT2 | H83: TOẢN | I83: =IF(G83="DTDB",420000,IF(G83="TTDB",420000,IF(G83="DT1",187500,IF(G83="TT1",187500,IF(G83="DT2",97500,IF(G83="TT2",97500,IF(G83="DT3",75000,75000))))))) -> 97500 | J83: TUẤN | K83: =IF(G83="DTDB",300000,IF(G83="TTDB",300000,IF(G83="DT1",135000,IF(G83="TT1",135000,IF(G83="DT2",75000,IF(G83="TT2",75000,IF(G83="DT3",45000,45000))))))) -> 75000 | L83: - | M83: =IF(L83="-",0,IF(G83="DTDB",300000,IF(G83="TTDB",300000,IF(G83="DT1",135000,IF(G83="TT1",135000,IF(G83="DT2",75000,IF(G83="TT2",75000,IF(G83="DT3",45000,45000)))))))) -> 0 | N83: =I83+K83+M83 -> 172500
A84: 77 | B84: 02/4/2025 | C84: Lê Hữu Trí | E84: 31 | F84: Rút nẹp, dụng cụ KHX | G84: TT2 | H84: GIÀU | I84: =IF(G84="DTDB",420000,IF(G84="TTDB",420000,IF(G84="DT1",187500,IF(G84="TT1",187500,IF(G84="DT2",97500,IF(G84="TT2",97500,IF(G84="DT3",75000,75000))))))) -> 97500 | J84: TUẤN | K84: =IF(G84="DTDB",300000,IF(G84="TTDB",300000,IF(G84="DT1",135000,IF(G84="TT1",135000,IF(G84="DT2",75000,IF(G84="TT2",75000,IF(G84="DT3",45000,45000))))))) -> 75000 | L84: - | M84: =IF(L84="-",0,IF(G84="DTDB",300000,IF(G84="TTDB",300000,IF(G84="DT1",135000,IF(G84="TT1",135000,IF(G84="DT2",75000,IF(G84="TT2",75000,IF(G84="DT3",45000,45000)))))))) -> 0 | N84: =I84+K84+M84 -> 172500
A85: 78 | B85: 03/4/2025 | C85: Lý Minh Quyền | D85: 27 | F85: Lấy DC KHX | G85: TT2 | H85: ĐIỀN | I85: =IF(G85="DTDB",420000,IF(G85="TTDB",420000,IF(G85="DT1",187500,IF(G85="TT1",187500,IF(G85="DT2",97500,IF(G85="TT2",97500,IF(G85="DT3",75000,75000))))))) -> 97500 | J85: LUẬT | K85: =IF(G85="DTDB",300000,IF(G85="TTDB",300000,IF(G85="DT1",135000,IF(G85="TT1",135000,IF(G85="DT2",75000,IF(G85="TT2",75000,IF(G85="DT3",45000,45000))))))) -> 75000 | L85: - | M85: =IF(L85="-",0,IF(G85="DTDB",300000,IF(G85="TTDB",300000,IF(G85="DT1",135000,IF(G85="TT1",135000,IF(G85="DT2",75000,IF(G85="TT2",75000,IF(G85="DT3",45000,45000)))))))) -> 0 | N85: =I85+K85+M85 -> 172500
A86: 79 | B86: 04/4/2025 | C86: Lê Thị Phước | E86: 74 | F86: Cắt lọc hoại tử ổ loét vết thương mạn tính | G86: TT2 | H86: V.TÂN | I86: =IF(G86="DTDB",420000,IF(G86="TTDB",420000,IF(G86="DT1",187500,IF(G86="TT1",187500,IF(G86="DT2",97500,IF(G86="TT2",97500,IF(G86="DT3",75000,75000))))))) -> 97500 | J86: KHÉN | K86: =IF(G86="DTDB",300000,IF(G86="TTDB",300000,IF(G86="DT1",135000,IF(G86="TT1",135000,IF(G86="DT2",75000,IF(G86="TT2",75000,IF(G86="DT3",45000,45000))))))) -> 75000 | L86: - | M86: =IF(L86="-",0,IF(G86="DTDB",300000,IF(G86="TTDB",300000,IF(G86="DT1",135000,IF(G86="TT1",135000,IF(G86="DT2",75000,IF(G86="TT2",75000,IF(G86="DT3",45000,45000)))))))) -> 0 | N86: =I86+K86+M86 -> 172500
A87: 80 | B87: 08/04/2025 | C87: Phan Văn Nghĩa | D87: 71 | F87: Cắt lọc hoại tử ổ loét vết thương mạn tính | G87: DT2 | H87: V.TÂN | I87: =IF(G87="DTDB",420000,IF(G87="TTDB",420000,IF(G87="DT1",187500,IF(G87="TT1",187500,IF(G87="DT2",97500,IF(G87="TT2",97500,IF(G87="DT3",75000,75000))))))) -> 97500 | J87: THÁI | K87: =IF(G87="DTDB",300000,IF(G87="TTDB",300000,IF(G87="DT1",135000,IF(G87="TT1",135000,IF(G87="DT2",75000,IF(G87="TT2",75000,IF(G87="DT3",45000,45000))))))) -> 75000 | L87: - | M87: =IF(L87="-",0,IF(G87="DTDB",300000,IF(G87="TTDB",300000,IF(G87="DT1",135000,IF(G87="TT1",135000,IF(G87="DT2",75000,IF(G87="TT2",75000,IF(G87="DT3",45000,45000)))))))) -> 0 | N87: =I87+K87+M87 -> 172500
A88: 81 | B88: 09/04/2025 | C88: Hồ Hoàng Anh | D88: 44 | F88: Cắt lọc hoại tử ổ loét vết thương mạn tính | G88: TT2 | H88: V.TÂN | I88: =IF(G88="DTDB",420000,IF(G88="TTDB",420000,IF(G88="DT1",187500,IF(G88="TT1",187500,IF(G88="DT2",97500,IF(G88="TT2",97500,IF(G88="DT3",75000,75000))))))) -> 97500 | J88: Đ.KHANG | K88: =IF(G88="DTDB",300000,IF(G88="TTDB",300000,IF(G88="DT1",135000,IF(G88="TT1",135000,IF(G88="DT2",75000,IF(G88="TT2",75000,IF(G88="DT3",45000,45000))))))) -> 75000 | L88: - | M88: =IF(L88="-",0,IF(G88="DTDB",300000,IF(G88="TTDB",300000,IF(G88="DT1",135000,IF(G88="TT1",135000,IF(G88="DT2",75000,IF(G88="TT2",75000,IF(G88="DT3",45000,45000)))))))) -> 0 | N88: =I88+K88+M88 -> 172500
A89: 82 | B89: 10/04/2025 | C89: Đặng Thị Mùi | E89: 83 | F89: Làm mõm cụt | G89: TT2 | H89: ĐIỀN | I89: =IF(G89="DTDB",420000,IF(G89="TTDB",420000,IF(G89="DT1",187500,IF(G89="TT1",187500,IF(G89="DT2",97500,IF(G89="TT2",97500,IF(G89="DT3",75000,75000))))))) -> 97500 | J89: LUẬT | K89: =IF(G89="DTDB",300000,IF(G89="TTDB",300000,IF(G89="DT1",135000,IF(G89="TT1",135000,IF(G89="DT2",75000,IF(G89="TT2",75000,IF(G89="DT3",45000,45000))))))) -> 75000 | L89: - | M89: =IF(L89="-",0,IF(G89="DTDB",300000,IF(G89="TTDB",300000,IF(G89="DT1",135000,IF(G89="TT1",135000,IF(G89="DT2",75000,IF(G89="TT2",75000,IF(G89="DT3",45000,45000)))))))) -> 0 | N89: =I89+K89+M89 -> 172500
A90: 83 | B90: 11/4/2025 | C90: Tô Văn Giỏi | D90: 86 | F90: PT cắt cụt chi | G90: TT2 | H90: V.TÂN | I90: =IF(G90="DTDB",420000,IF(G90="TTDB",420000,IF(G90="DT1",187500,IF(G90="TT1",187500,IF(G90="DT2",97500,IF(G90="TT2",97500,IF(G90="DT3",75000,75000))))))) -> 97500 | J90: TUẤN | K90: =IF(G90="DTDB",300000,IF(G90="TTDB",300000,IF(G90="DT1",135000,IF(G90="TT1",135000,IF(G90="DT2",75000,IF(G90="TT2",75000,IF(G90="DT3",45000,45000))))))) -> 75000 | L90: - | M90: =IF(L90="-",0,IF(G90="DTDB",300000,IF(G90="TTDB",300000,IF(G90="DT1",135000,IF(G90="TT1",135000,IF(G90="DT2",75000,IF(G90="TT2",75000,IF(G90="DT3",45000,45000)))))))) -> 0 | N90: =I90+K90+M90 -> 172500
A91: 84 | B91: 11/4/2025 | C91: Nguyễn Thị Tím | E91: 21 | F91: Lấy DC KHX | G91: TT2 | H91: V.TÂN | I91: =IF(G91="DTDB",420000,IF(G91="TTDB",420000,IF(G91="DT1",187500,IF(G91="TT1",187500,IF(G91="DT2",97500,IF(G91="TT2",97500,IF(G91="DT3",75000,75000))))))) -> 97500 | J91: Đ.KHANG | K91: =IF(G91="DTDB",300000,IF(G91="TTDB",300000,IF(G91="DT1",135000,IF(G91="TT1",135000,IF(G91="DT2",75000,IF(G91="TT2",75000,IF(G91="DT3",45000,45000))))))) -> 75000 | L91: - | M91: =IF(L91="-",0,IF(G91="DTDB",300000,IF(G91="TTDB",300000,IF(G91="DT1",135000,IF(G91="TT1",135000,IF(G91="DT2",75000,IF(G91="TT2",75000,IF(G91="DT3",45000,45000)))))))) -> 0 | N91: =I91+K91+M91 -> 172500
A92: 85 | B92: 12/4/2025 | C92: Hồng Phước Khánh | D92: 22 | F92: PT cắt u máu nhỏ | G92: TT2 | H92: GIÀU | I92: =IF(G92="DTDB",420000,IF(G92="TTDB",420000,IF(G92="DT1",187500,IF(G92="TT1",187500,IF(G92="DT2",97500,IF(G92="TT2",97500,IF(G92="DT3",75000,75000))))))) -> 97500 | J92: TÙNG | K92: =IF(G92="DTDB",300000,IF(G92="TTDB",300000,IF(G92="DT1",135000,IF(G92="TT1",135000,IF(G92="DT2",75000,IF(G92="TT2",75000,IF(G92="DT3",45000,45000))))))) -> 75000 | L92: - | M92: =IF(L92="-",0,IF(G92="DTDB",300000,IF(G92="TTDB",300000,IF(G92="DT1",135000,IF(G92="TT1",135000,IF(G92="DT2",75000,IF(G92="TT2",75000,IF(G92="DT3",45000,45000)))))))) -> 0 | N92: =I92+K92+M92 -> 172500
A93: 86 | B93: 12/4/2025 | C93: Tô Văn Giỏi | D93: 86 | F93: Cắt lọc hoại tử ổ loét vết thương mạn tính | G93: TT2 | H93: ĐIỀN | I93: =IF(G93="DTDB",420000,IF(G93="TTDB",420000,IF(G93="DT1",187500,IF(G93="TT1",187500,IF(G93="DT2",97500,IF(G93="TT2",97500,IF(G93="DT3",75000,75000))))))) -> 97500 | J93: T.HƯỞNG | K93: =IF(G93="DTDB",300000,IF(G93="TTDB",300000,IF(G93="DT1",135000,IF(G93="TT1",135000,IF(G93="DT2",75000,IF(G93="TT2",75000,IF(G93="DT3",45000,45000))))))) -> 75000 | L93: - | M93: =IF(L93="-",0,IF(G93="DTDB",300000,IF(G93="TTDB",300000,IF(G93="DT1",135000,IF(G93="TT1",135000,IF(G93="DT2",75000,IF(G93="TT2",75000,IF(G93="DT3",45000,45000)))))))) -> 0 | N93: =I93+K93+M93 -> 172500
A94: 87 | B94: 14/4/2025 | C94: Tô Văn Giỏi | D94: 86 | F94: Cắt lọc, cầm máu | G94: DT2 | H94: GIÀU | I94: =IF(G94="DTDB",420000,IF(G94="TTDB",420000,IF(G94="DT1",187500,IF(G94="TT1",187500,IF(G94="DT2",97500,IF(G94="TT2",97500,IF(G94="DT3",75000,75000))))))) -> 97500 | J94: KHÉN | K94: =IF(G94="DTDB",300000,IF(G94="TTDB",300000,IF(G94="DT1",135000,IF(G94="TT1",135000,IF(G94="DT2",75000,IF(G94="TT2",75000,IF(G94="DT3",45000,45000))))))) -> 75000 | L94: - | M94: =IF(L94="-",0,IF(G94="DTDB",300000,IF(G94="TTDB",300000,IF(G94="DT1",135000,IF(G94="TT1",135000,IF(G94="DT2",75000,IF(G94="TT2",75000,IF(G94="DT3",45000,45000)))))))) -> 0 | N94: =I94+K94+M94 -> 172500
A95: 88 | B95: 14/4/2025 | C95: Phan Văn Nghĩa | D95: 71 | F95: Cắt lọc hoại tử ổ loét vết thương mạn tính | G95: DT2 | H95: V.TÂN | I95: =IF(G95="DTDB",420000,IF(G95="TTDB",420000,IF(G95="DT1",187500,IF(G95="TT1",187500,IF(G95="DT2",97500,IF(G95="TT2",97500,IF(G95="DT3",75000,75000))))))) -> 97500 | J95: ĐẠT | K95: =IF(G95="DTDB",300000,IF(G95="TTDB",300000,IF(G95="DT1",135000,IF(G95="TT1",135000,IF(G95="DT2",75000,IF(G95="TT2",75000,IF(G95="DT3",45000,45000))))))) -> 75000 | L95: - | M95: =IF(L95="-",0,IF(G95="DTDB",300000,IF(G95="TTDB",300000,IF(G95="DT1",135000,IF(G95="TT1",135000,IF(G95="DT2",75000,IF(G95="TT2",75000,IF(G95="DT3",45000,45000)))))))) -> 0 | N95: =I95+K95+M95 -> 172500
A96: 89 | B96: 14/4/2025 | C96: Dương Phúc Ngọ | D96: 71 | F96: Cắt lọc hoại tử ổ loét vết thương mạn tính | G96: TT2 | H96: TRIỀU | I96: =IF(G96="DTDB",420000,IF(G96="TTDB",420000,IF(G96="DT1",187500,IF(G96="TT1",187500,IF(G96="DT2",97500,IF(G96="TT2",97500,IF(G96="DT3",75000,75000))))))) -> 97500 | J96: V.TÂN | K96: =IF(G96="DTDB",300000,IF(G96="TTDB",300000,IF(G96="DT1",135000,IF(G96="TT1",135000,IF(G96="DT2",75000,IF(G96="TT2",75000,IF(G96="DT3",45000,45000))))))) -> 75000 | L96: - | M96: =IF(L96="-",0,IF(G96="DTDB",300000,IF(G96="TTDB",300000,IF(G96="DT1",135000,IF(G96="TT1",135000,IF(G96="DT2",75000,IF(G96="TT2",75000,IF(G96="DT3",45000,45000)))))))) -> 0 | N96: =I96+K96+M96 -> 172500
A97: 90 | B97: 14/4/2025 | C97: Hồ Hoàng Anh | D97: 44 | F97: Ghép da < 50% | G97: TT2 | H97: V.TÂN | I97: =IF(G97="DTDB",420000,IF(G97="TTDB",420000,IF(G97="DT1",187500,IF(G97="TT1",187500,IF(G97="DT2",97500,IF(G97="TT2",97500,IF(G97="DT3",75000,75000))))))) -> 97500 | J97: T.HƯỞNG | K97: =IF(G97="DTDB",300000,IF(G97="TTDB",300000,IF(G97="DT1",135000,IF(G97="TT1",135000,IF(G97="DT2",75000,IF(G97="TT2",75000,IF(G97="DT3",45000,45000))))))) -> 75000 | L97: - | M97: =IF(L97="-",0,IF(G97="DTDB",300000,IF(G97="TTDB",300000,IF(G97="DT1",135000,IF(G97="TT1",135000,IF(G97="DT2",75000,IF(G97="TT2",75000,IF(G97="DT3",45000,45000)))))))) -> 0 | N97: =I97+K97+M97 -> 172500
A98: 91 | B98: 15/4/2025 | C98: Phạm Thành Tài | D98: 20 | F98: Cắt lọc hoại tử ổ loét vết thương mạn tính | G98: DT2 | H98: TOẢN | I98: =IF(G98="DTDB",420000,IF(G98="TTDB",420000,IF(G98="DT1",187500,IF(G98="TT1",187500,IF(G98="DT2",97500,IF(G98="TT2",97500,IF(G98="DT3",75000,75000))))))) -> 97500 | J98: TÙNG | K98: =IF(G98="DTDB",300000,IF(G98="TTDB",300000,IF(G98="DT1",135000,IF(G98="TT1",135000,IF(G98="DT2",75000,IF(G98="TT2",75000,IF(G98="DT3",45000,45000))))))) -> 75000 | L98: - | M98: =IF(L98="-",0,IF(G98="DTDB",300000,IF(G98="TTDB",300000,IF(G98="DT1",135000,IF(G98="TT1",135000,IF(G98="DT2",75000,IF(G98="TT2",75000,IF(G98="DT3",45000,45000)))))))) -> 0 | N98: =I98+K98+M98 -> 172500
A99: 92 | B99: 15/4/2025 | C99: Nguyễn Văn Cường | D99: 60 | F99: Lấy DC KHX | G99: TT2 | H99: V.TÂN | I99: =IF(G99="DTDB",420000,IF(G99="TTDB",420000,IF(G99="DT1",187500,IF(G99="TT1",187500,IF(G99="DT2",97500,IF(G99="TT2",97500,IF(G99="DT3",75000,75000))))))) -> 97500 | J99: ĐẠT | K99: =IF(G99="DTDB",300000,IF(G99="TTDB",300000,IF(G99="DT1",135000,IF(G99="TT1",135000,IF(G99="DT2",75000,IF(G99="TT2",75000,IF(G99="DT3",45000,45000))))))) -> 75000 | L99: - | M99: =IF(L99="-",0,IF(G99="DTDB",300000,IF(G99="TTDB",300000,IF(G99="DT1",135000,IF(G99="TT1",135000,IF(G99="DT2",75000,IF(G99="TT2",75000,IF(G99="DT3",45000,45000)))))))) -> 0 | N99: =I99+K99+M99 -> 172500
A100: 93 | B100: 15/4/2025 | C100: Lê Thị Kiều Thu | E100: 39 | F100: Lấy DC KHX | G100: TT2 | H100: ĐIỀN | I100: =IF(G100="DTDB",420000,IF(G100="TTDB",420000,IF(G100="DT1",187500,IF(G100="TT1",187500,IF(G100="DT2",97500,IF(G100="TT2",97500,IF(G100="DT3",75000,75000))))))) -> 97500 | J100: ĐẠT | K100: =IF(G100="DTDB",300000,IF(G100="TTDB",300000,IF(G100="DT1",135000,IF(G100="TT1",135000,IF(G100="DT2",75000,IF(G100="TT2",75000,IF(G100="DT3",45000,45000))))))) -> 75000 | L100: - | M100: =IF(L100="-",0,IF(G100="DTDB",300000,IF(G100="TTDB",300000,IF(G100="DT1",135000,IF(G100="TT1",135000,IF(G100="DT2",75000,IF(G100="TT2",75000,IF(G100="DT3",45000,45000)))))))) -> 0 | N100: =I100+K100+M100 -> 172500
A101: 94 | B101: 15/4/2025 | C101: Nguyễn Thị Nàng | E101: 60 | F101: Lấy DC KHX | G101: TT2 | H101: V.TÂN | I101: =IF(G101="DTDB",420000,IF(G101="TTDB",420000,IF(G101="DT1",187500,IF(G101="TT1",187500,IF(G101="DT2",97500,IF(G101="TT2",97500,IF(G101="DT3",75000,75000))))))) -> 97500 | J101: LUẬT | K101: =IF(G101="DTDB",300000,IF(G101="TTDB",300000,IF(G101="DT1",135000,IF(G101="TT1",135000,IF(G101="DT2",75000,IF(G101="TT2",75000,IF(G101="DT3",45000,45000))))))) -> 75000 | L101: - | M101: =IF(L101="-",0,IF(G101="DTDB",300000,IF(G101="TTDB",300000,IF(G101="DT1",135000,IF(G101="TT1",135000,IF(G101="DT2",75000,IF(G101="TT2",75000,IF(G101="DT3",45000,45000)))))))) -> 0 | N101: =I101+K101+M101 -> 172500
A102: 95 | B102: 16/4/2025 | C102: HUỲNH HỬU KỲ | D102: 70 | F102: Cắt ngón | G102: TT2 | H102: ĐIỀN | I102: =IF(G102="DTDB",420000,IF(G102="TTDB",420000,IF(G102="DT1",187500,IF(G102="TT1",187500,IF(G102="DT2",97500,IF(G102="TT2",97500,IF(G102="DT3",75000,75000))))))) -> 97500 | J102: ĐẠT | K102: =IF(G102="DTDB",300000,IF(G102="TTDB",300000,IF(G102="DT1",135000,IF(G102="TT1",135000,IF(G102="DT2",75000,IF(G102="TT2",75000,IF(G102="DT3",45000,45000))))))) -> 75000 | L102: - | M102: =IF(L102="-",0,IF(G102="DTDB",300000,IF(G102="TTDB",300000,IF(G102="DT1",135000,IF(G102="TT1",135000,IF(G102="DT2",75000,IF(G102="TT2",75000,IF(G102="DT3",45000,45000)))))))) -> 0 | N102: =I102+K102+M102 -> 172500
...

Sheet lanh tien PT_BHYT
A1: BV TRƯỜNG ĐHYD CẦN THƠ
A2: KHOA NGOẠI CTCH-TK
A3: DANH SÁCH LÃNH TIỀN THÙ LAO THÁNG 4/2025
A4: (BHYT)
A6: STT | B6: HỌ TÊN | C6: CHỨC VỤ | D6: SỐ TÀI KHOẢN | E6: SỐ TIỀN | F6: Thuế 10%
A7: 1 | B7: Phạm Việt Triều | C7: Bác sĩ | D7: 102006610216 | E7: =SUM(SUMIF(phauthuat_BHYT!$H$8:$H$126,"TRIỀU",phauthuat_BHYT!$I$8:$I$126),SUMIF(phauthuat_BHYT!$J$8:$J$126,"TRIỀU",phauthuat_BHYT!$K$8:$K$126),SUMIF(phauthuat_BHYT!$L$8:$L$126,"TRIỀU",phauthuat_BHYT!$M$8:$M$126)) -> 97500
A8: 2 | B8: Nguyễn Thành Tấn | C8: Bác sĩ | D8: 103006610215 | E8: =SUM(SUMIF(phauthuat_BHYT!$H$8:$H$126,"TẤN",phauthuat_BHYT!$I$8:$I$126),SUMIF(phauthuat_BHYT!$J$8:$J$126,"TẤN",phauthuat_BHYT!$K$8:$K$126),SUMIF(phauthuat_BHYT!$L$8:$L$126,"TẤN",phauthuat_BHYT!$M$8:$M$126)) -> 3322500
A9: 3 | B9: Nguyễn Lê Hoan | C9: Bác sĩ | D9: 100006610218 | E9: =SUM(SUMIF(phauthuat_BHYT!$H$8:$H$126,"HOAN",phauthuat_BHYT!$I$8:$I$126),SUMIF(phauthuat_BHYT!$J$8:$J$126,"HOAN",phauthuat_BHYT!$K$8:$K$126),SUMIF(phauthuat_BHYT!$L$8:$L$126,"HOAN",phauthuat_BHYT!$M$8:$M$126)) -> 0
A10: 4 | B10: Nguyễn Chí Nguyện | C10: Bác sĩ | D10: 105001159195 | E10: =SUM(SUMIF(phauthuat_BHYT!$H$8:$H$126,"NGUYỆN",phauthuat_BHYT!$I$8:$I$126),SUMIF(phauthuat_BHYT!$J$8:$J$126,"NGUYỆN",phauthuat_BHYT!$K$8:$K$126),SUMIF(phauthuat_BHYT!$L$8:$L$126,"NGUYỆN",phauthuat_BHYT!$M$8:$M$126)) -> 4905000
A11: 5 | B11: Hồ Điền | C11: Bác sĩ | D11: 105001225232 | E11: =SUM(SUMIF(phauthuat_BHYT!$H$8:$H$126,"ĐIỀN",phauthuat_BHYT!$I$8:$I$126),SUMIF(phauthuat_BHYT!$J$8:$J$126,"ĐIỀN",phauthuat_BHYT!$K$8:$K$126),SUMIF(phauthuat_BHYT!$L$8:$L$126,"ĐIỀN",phauthuat_BHYT!$M$8:$M$126)) -> 3217500
A12: 6 | B12: Trần Quốc Toản | C12: Bác sĩ | D12: 107868829237 | E12: =SUM(SUMIF(phauthuat_BHYT!$H$8:$H$126,"TOẢN",phauthuat_BHYT!$I$8:$I$126),SUMIF(phauthuat_BHYT!$J$8:$J$126,"TOẢN",phauthuat_BHYT!$K$8:$K$126),SUMIF(phauthuat_BHYT!$L$8:$L$126,"TOẢN",phauthuat_BHYT!$M$8:$M$126)) -> 8265000
A13: 7 | B13: Đặng Phước Giàu | C13: Bác sĩ | D13: 105867664283 | E13: =SUM(SUMIF(phauthuat_BHYT!$H$8:$H$126,"giàu",phauthuat_BHYT!$I$8:$I$126),SUMIF(phauthuat_BHYT!$J$8:$J$126,"giàu",phauthuat_BHYT!$K$8:$K$126),SUMIF(phauthuat_BHYT!$L$8:$L$126,"giàu",phauthuat_BHYT!$M$8:$M$126)) -> 7395000
A14: 8 | B14: Phạm Việt Tân | C14: Bác sĩ | D14: 104000362303 | E14: =SUM(SUMIF(phauthuat_BHYT!$H$8:$H$126,"v.tân",phauthuat_BHYT!$I$8:$I$126),SUMIF(phauthuat_BHYT!$J$8:$J$126,"v.tân",phauthuat_BHYT!$K$8:$K$126),SUMIF(phauthuat_BHYT!$L$8:$L$126,"v.tân",phauthuat_BHYT!$M$8:$M$126)) -> 4065000
A15: 9 | B15: Bùi Công Minh | C15: Bác sĩ | D15: 105003414654 | E15: =SUM(SUMIF(phauthuat_BHYT!$H$8:$H$126,"minh",phauthuat_BHYT!$I$8:$I$126),SUMIF(phauthuat_BHYT!$J$8:$J$126,"minh",phauthuat_BHYT!$K$8:$K$126),SUMIF(phauthuat_BHYT!$L$8:$L$126,"minh",phauthuat_BHYT!$M$8:$M$126)) -> 0
A16: 10 | B16: Phan Văn Tuấn | C16: Bác sĩ | D16: 105872433048 | E16: =SUM(SUMIF(phauthuat_BHYT!$H$8:$H$126,"TUẤN",phauthuat_BHYT!$I$8:$I$126),SUMIF(phauthuat_BHYT!$J$8:$J$126,"TUẤN",phauthuat_BHYT!$K$8:$K$126),SUMIF(phauthuat_BHYT!$L$8:$L$126,"TUẤN",phauthuat_BHYT!$M$8:$M$126)) -> 9255000
A17: 11 | B17: Nguyễn Hữu Đạt | C17: Bác sĩ | D17: 103876067585 | E17: =SUM(SUMIF(phauthuat_BHYT!$H$8:$H$126,"đạt",phauthuat_BHYT!$I$8:$I$126),SUMIF(phauthuat_BHYT!$J$8:$J$126,"đạt",phauthuat_BHYT!$K$8:$K$126),SUMIF(phauthuat_BHYT!$L$8:$L$126,"đạt",phauthuat_BHYT!$M$8:$M$126)) -> 3450000
A18: 14 | B18: Võ Dương Thành Thái | C18: Bác sĩ (nt) | E18: =SUM(SUMIF(phauthuat_BHYT!$H$8:$H$126,"thái",phauthuat_BHYT!$I$8:$I$126),SUMIF(phauthuat_BHYT!$J$8:$J$126,"thái",phauthuat_BHYT!$K$8:$K$126),SUMIF(phauthuat_BHYT!$L$8:$L$126,"thái",phauthuat_BHYT!$M$8:$M$126)) -> 1425000
A19: 15 | B19: Lê Đình Tùng | C19: Bác sĩ (nt) | E19: =SUM(SUMIF(phauthuat_BHYT!$H$8:$H$126,"tùng",phauthuat_BHYT!$I$8:$I$126),SUMIF(phauthuat_BHYT!$J$8:$J$126,"tùng",phauthuat_BHYT!$K$8:$K$126),SUMIF(phauthuat_BHYT!$L$8:$L$126,"tùng",phauthuat_BHYT!$M$8:$M$126)) -> 4335000
A20: 16 | B20: Văn Minh Khén | C20: Bác sĩ (nt) | E20: =SUM(SUMIF(phauthuat_BHYT!$H$8:$H$126,"khén",phauthuat_BHYT!$I$8:$I$126),SUMIF(phauthuat_BHYT!$J$8:$J$126,"khén",phauthuat_BHYT!$K$8:$K$126),SUMIF(phauthuat_BHYT!$L$8:$L$126,"khén",phauthuat_BHYT!$M$8:$M$126)) -> 3300000
A21: 17 | B21: Phạm Tấn Hưởng | C21: Bác sĩ (nt) | E21: =SUM(SUMIF(phauthuat_BHYT!$H$8:$H$126,"T.hưởng",phauthuat_BHYT!$I$8:$I$126),SUMIF(phauthuat_BHYT!$J$8:$J$126,"T.hưởng",phauthuat_BHYT!$K$8:$K$126),SUMIF(phauthuat_BHYT!$L$8:$L$126,"T.hưởng",phauthuat_BHYT!$M$8:$M$126)) -> 4065000
A22: 18 | B22: Nguyễn Đông Khang | C22: Bác sĩ (nt) | E22: =SUM(SUMIF(phauthuat_BHYT!$H$8:$H$126,"Đ.khang",phauthuat_BHYT!$I$8:$I$126),SUMIF(phauthuat_BHYT!$J$8:$J$126,"Đ.khang",phauthuat_BHYT!$K$8:$K$126),SUMIF(phauthuat_BHYT!$L$8:$L$126,"Đ.khang",phauthuat_BHYT!$M$8:$M$126)) -> 1845000
A23: 19 | B23: Nguyễn Đình Luật | C23: Bác sĩ (nt) | E23: =SUM(SUMIF(phauthuat_BHYT!$H$8:$H$126,"luật",phauthuat_BHYT!$I$8:$I$126),SUMIF(phauthuat_BHYT!$J$8:$J$126,"luật",phauthuat_BHYT!$K$8:$K$126),SUMIF(phauthuat_BHYT!$L$8:$L$126,"luật",phauthuat_BHYT!$M$8:$M$126)) -> 1710000
A24: 20 | B24: Lê Nhỉ Khang | C24: Bác sĩ (nt) | E24: =SUM(SUMIF(phauthuat_BHYT!$H$8:$H$126,"N.KHANG",phauthuat_BHYT!$I$8:$I$126),SUMIF(phauthuat_BHYT!$J$8:$J$126,"N.KHANG",phauthuat_BHYT!$K$8:$K$126),SUMIF(phauthuat_BHYT!$L$8:$L$126,"N.KHANG",phauthuat_BHYT!$M$8:$M$126)) -> 210000
A25: 21 | B25: Phạm Văn Hưởng | C25: Bác sĩ (nt) | E25: =SUM(SUMIF(phauthuat_BHYT!$H$8:$H$126,"v.hưởng",phauthuat_BHYT!$I$8:$I$126),SUMIF(phauthuat_BHYT!$J$8:$J$126,"v.hưởng",phauthuat_BHYT!$K$8:$K$126),SUMIF(phauthuat_BHYT!$L$8:$L$126,"v.hưởng",phauthuat_BHYT!$M$8:$M$126)) -> 300000
A26: 22 | B26: Trần Trung Nghĩa | C26: Bác sĩ (nt) | E26: =SUM(SUMIF(phauthuat_BHYT!$H$8:$H$126,"nghĩa",phauthuat_BHYT!$I$8:$I$126),SUMIF(phauthuat_BHYT!$J$8:$J$126,"nghĩa",phauthuat_BHYT!$K$8:$K$126),SUMIF(phauthuat_BHYT!$L$8:$L$126,"nghĩa",phauthuat_BHYT!$M$8:$M$126)) -> 135000
B27: TỔNG CỘNG | E27: =SUM(E7:E26) -> 61297500
D29: Cần Thơ, ngày 18 tháng 12 năm 2024
A30: Người lập bảng | D30: Trưởng khoa
A34: ĐD. Phan Văn Hiếu | D34: ThS.Bs.CKII. Nguyễn Lê Hoan

Sheet Thực lãnh
A1: BV TRƯỜNG ĐHYD CẦN THƠ
A2: KHOA NGOẠI CTCH-TK
A3: DANH SÁCH LÃNH TIỀN THÙ LAO THÁNG 4/2025
A4: (BHYT)
A6: STT | B6: HỌ TÊN | C6: CHỨC VỤ | D6: SỐ TÀI KHOẢN | E6: SỐ TIỀN | F6: SỐ TIỀN | G6: KÝ NHẬN
A7: 1 | B7: Phạm Việt Triều | C7: Bác sĩ | D7: 102006610216 | E7: =SUM(SUMIF(phauthuat_BHYT!$H$8:$H$126,"TRIỀU",phauthuat_BHYT!$I$8:$I$126),SUMIF(phauthuat_BHYT!$J$8:$J$126,"TRIỀU",phauthuat_BHYT!$K$8:$K$126),SUMIF(phauthuat_BHYT!$L$8:$L$126,"TRIỀU",phauthuat_BHYT!$M$8:$M$126)) -> 97500 | F7: =E7 -> 97500
A8: 2 | B8: Nguyễn Thành Tấn | C8: Bác sĩ | D8: 103006610215 | E8: =SUM(SUMIF(phauthuat_BHYT!$H$8:$H$126,"TẤN",phauthuat_BHYT!$I$8:$I$126),SUMIF(phauthuat_BHYT!$J$8:$J$126,"TẤN",phauthuat_BHYT!$K$8:$K$126),SUMIF(phauthuat_BHYT!$L$8:$L$126,"TẤN",phauthuat_BHYT!$M$8:$M$126)) -> 3322500 | F8: =E8 -> 3322500
A9: 3 | B9: Nguyễn Lê Hoan | C9: Bác sĩ | D9: 100006610218 | E9: =SUM(SUMIF(phauthuat_BHYT!$H$8:$H$126,"HOAN",phauthuat_BHYT!$I$8:$I$126),SUMIF(phauthuat_BHYT!$J$8:$J$126,"HOAN",phauthuat_BHYT!$K$8:$K$126),SUMIF(phauthuat_BHYT!$L$8:$L$126,"HOAN",phauthuat_BHYT!$M$8:$M$126)) -> 0 | F9: =E9 -> 0
A10: 4 | B10: Nguyễn Chí Nguyện | C10: Bác sĩ | D10: 105001159195 | E10: =SUM(SUMIF(phauthuat_BHYT!$H$8:$H$126,"NGUYỆN",phauthuat_BHYT!$I$8:$I$126),SUMIF(phauthuat_BHYT!$J$8:$J$126,"NGUYỆN",phauthuat_BHYT!$K$8:$K$126),SUMIF(phauthuat_BHYT!$L$8:$L$126,"NGUYỆN",phauthuat_BHYT!$M$8:$M$126)) -> 4905000 | F10: =E10 -> 4905000
A11: 5 | B11: Hồ Điền | C11: Bác sĩ | D11: 105001225232 | E11: =SUM(SUMIF(phauthuat_BHYT!$H$8:$H$126,"ĐIỀN",phauthuat_BHYT!$I$8:$I$126),SUMIF(phauthuat_BHYT!$J$8:$J$126,"ĐIỀN",phauthuat_BHYT!$K$8:$K$126),SUMIF(phauthuat_BHYT!$L$8:$L$126,"ĐIỀN",phauthuat_BHYT!$M$8:$M$126)) -> 3217500 | F11: =E11+I18 -> 12277500
A12: 6 | B12: Trần Quốc Toản | C12: Bác sĩ | D12: 107868829237 | E12: =SUM(SUMIF(phauthuat_BHYT!$H$8:$H$126,"TOẢN",phauthuat_BHYT!$I$8:$I$126),SUMIF(phauthuat_BHYT!$J$8:$J$126,"TOẢN",phauthuat_BHYT!$K$8:$K$126),SUMIF(phauthuat_BHYT!$L$8:$L$126,"TOẢN",phauthuat_BHYT!$M$8:$M$126)) -> 8265000 | F12: =E12 -> 8265000
A13: 7 | B13: Đặng Phước Giàu | C13: Bác sĩ | D13: 105867664283 | E13: =SUM(SUMIF(phauthuat_BHYT!$H$8:$H$126,"giàu",phauthuat_BHYT!$I$8:$I$126),SUMIF(phauthuat_BHYT!$J$8:$J$126,"giàu",phauthuat_BHYT!$K$8:$K$126),SUMIF(phauthuat_BHYT!$L$8:$L$126,"giàu",phauthuat_BHYT!$M$8:$M$126)) -> 7395000 | F13: =E13+I24 -> 15660000
A14: 8 | B14: Phạm Việt Tân | C14: Bác sĩ | D14: 104000362303 | F14: ='lanh tien PT_BHYT'!E14 -> 4065000
A15: 9 | B15: Bùi Công Minh | C15: Bác sĩ | D15: 105003414654 | F15: ='lanh tien PT_BHYT'!E15 -> 0
A16: 10 | B16: Phan Văn Tuấn | C16: Bác sĩ | D16: 105872433048 | F16: ='lanh tien PT_BHYT'!E16 -> 9255000
A17: 11 | B17: Nguyễn Hữu Đạt | C17: Bác sĩ | D17: 103876067585 | F17: ='lanh tien PT_BHYT'!E17 -> 3450000
A18: 14 | B18: Võ Dương Thành Thái | C18: Bác sĩ (nt) | H18: BS.ĐIỀN | I18: =SUM('lanh tien PT_BHYT'!E18:E20) -> 9060000
A19: 15 | B19: Lê Đình Tùng | C19: Bác sĩ (nt)
A20: 16 | B20: Văn Minh Khén | C20: Bác sĩ (nt)
A21: 17 | B21: Phạm Tấn Hưởng | C21: Bác sĩ (nt)
A22: 18 | B22: Nguyễn Đông Khang | C22: Bác sĩ (nt)
A23: 19 | B23: Nguyễn Đình Luật | C23: Bác sĩ (nt)
A24: 21 | B24: Phạm Văn Hưởng | C24: Bác sĩ (nt) | H24: BS.GIÀU | I24: =SUM('lanh tien PT_BHYT'!E21:E26) -> 8265000
B25: TỔNG CỘNG | E25: =SUM(E7:E16) -> 27202500 | F25: =SUM(F7:F24) -> 61297500
D27: Cần Thơ, ngày 21 tháng 5 năm 2025
A28: Người lập bảng | D28: Trưởng khoa
A32: ĐD. Phan Văn Hiếu | D32: ThS.Bs.Nguyễn Chí Nguyện

Sheet thu thuat
B1: BV TRƯỜNG ĐHYD CẦN THƠ
B2: KHOA NGOẠI CTCH-TK
B3: BẢNG KÊ TIỀN TIỂU THỦ THUẬT
B4: (THÁNG 4/2025)
B5: STT | C5: NGÀY | D5: TÊN BỆNH NHÂN | E5: TUỔI | F5: PHƯƠNG PHÁP THỦ THUẬT | G5: SỐ LẦN | H5: TỔNG THU | I5: THỰC LÃNH
B7: 1 | C7: 18/04/2025 | D7: NGUYỄN THỊ KIM NGỌC | E7: 26 Tuổi | F7: Thay băng, cắt chỉ vết mổ [chiều dài ≤ 15cm] | G7: 6 | H7: 600000 | I7: =H7*25%*75% -> 112500
B8: 2 | C8: 17/04/2025 | D8: TRƯƠNG BÍCH NGỌC | E8: 72 Tuổi | F8: Truyền tĩnh mạch | G8: 6 | H8: 600000 | I8: =H8*25%*75% -> 112500
B9: 3 | C9: 08/04/2025 | D9: BÙI THỊ MỸ KIM | E9: 23 Tuổi | F9: Thay băng, cắt chỉ vết mổ | G9: 1 | H9: 40300 | I9: =H9*25%*75% -> 7556.25
B10: 4 | C10: 18/04/2025 | D10: NGUYỄN VĂN MINH | E10: 59 Tuổi | F10: Cắt chỉ sau phẫu thuật | G10: 1 | H10: 40300 | I10: =H10*25%*75% -> 7556.25
B11: 5 | C11: 29/04/2025 | D11: PHẠM THÀNH TÀI | E11: 20 Tuổi | F11: Thay băng, cắt chỉ vết mổ | G11: 1 | H11: 100000 | I11: =H11*25%*75% -> 18750
B12: 6 | C12: 14/04/2025 | D12: THỊ ĐẸP | E12: 88 Tuổi | F12: Cắt chỉ sau phẫu thuật | G12: 1 | H12: 100000 | I12: =H12*25%*75% -> 18750
B13: 7 | C13: 26/04/2025 | D13: NGÔ CÔNG VĂN | E13: 60 Tuổi | F13: Thay băng, cắt chỉ vết mổ [chiều dài ≤ 15cm] | G13: 6 | H13: 600000 | I13: =H13*25%*75% -> 112500
B14: 8 | C14: 17/04/2025 | D14: NGUYỄN THỊ NÀNG | E14: 60 Tuổi | F14: Truyền tĩnh mạch | G14: 1 | H14: 100000 | I14: =H14*25%*75% -> 18750
B15: 9 | C15: 16/04/2025 | D15: NGUYỄN THỊ MỸ | E15: 88 Tuổi | F15: Thay băng, cắt chỉ vết mổ | G15: 1 | H15: 100000 | I15: =H15*25%*75% -> 18750
B16: 10 | C16: 01/04/2025 | D16: DƯƠNG VĂN HIỆP | E16: 44 Tuổi | F16: Thay băng, cắt chỉ vết mổ [chiều dài ≤ 15cm] | G16: 3 | H16: 300000 | I16: =H16*25%*75% -> 56250
B17: 11 | C17: 26/04/2025 | D17: ĐỖ TRUNG HIỀN | E17: 31 Tuổi | F17: Đặt sonde bàng quang | G17: 1 | H17: 101800 | I17: =H17*25%*75% -> 19087.5
B18: 12 | C18: 29/04/2025 | D18: NGÔ BÌNH AN | E18: 26 Tuổi | F18: Thay băng, cắt chỉ vết mổ [chiều dài ≤ 15cm] | G18: 3 | H18: 300000 | I18: =H18*25%*75% -> 56250
... B404: 398 | C404: 30/04/2025 | D404: HÀ VĂN NĂM | E404: 57 Tuổi | F404: Nẹp bột các loại, không nắn (loại 1) | G404: 1 | H404: 200000 | I404: =H404*25%*75% -> 37500
B405: 399 | C405: 23/04/2025 | D405: PHAN VĂN NGHĨA | E405: 71 Tuổi | F405: Xét nghiệm đường máu mao mạch tại giường (một lần) | G405: 3 | H405: 48000 | I405: =H405*21.25% -> 10200
B406: 400 | C406: 23/04/2025 | D406: PHAN VĂN NGHĨA | E406: 71 Tuổi | F406: Xét nghiệm đường máu mao mạch tại giường (một lần) | G406: 2 | H406: 32000 | I406: =H406*21.25% -> 6800
B407: 401 | C407: 30/04/2025 | D407: TRƯƠNG THỊ THỐ | E407: 77 Tuổi | F407: Xét nghiệm đường máu mao mạch tại giường (một lần) | G407: 3 | H407: 48000 | I407: =H407*21.25% -> 10200
B408: 402 | C408: 29/04/2025 | D408: DANH THỊ THỦY | E408: 51 Tuổi | F408: Xét nghiệm đường máu mao mạch tại giường (một lần) | G408: 1 | H408: 16000 | I408: =H408*21.25% -> 3400
B409: 403 | C409: 23/04/2025 | D409: PHAN VĂN NGHĨA | E409: 71 Tuổi | F409: Xét nghiệm đường máu mao mạch tại giường (một lần) | G409: 3 | H409: 48000 | I409: =H409*21.25% -> 10200
B410: 404 | C410: 30/04/2025 | D410: TRƯƠNG THỊ THỐ | E410: 77 Tuổi | F410: Xét nghiệm đường máu mao mạch tại giường (một lần) | G410: 1 | H410: 16000 | I410: =H410*21.25% -> 3400
B411: 405 | C411: 29/04/2025 | D411: DANH THỊ THỦY | E411: 51 Tuổi | F411: Xét nghiệm đường máu mao mạch tại giường (một lần) | G411: 2 | H411: 32000 | I411: =H411*21.25% -> 6800
B412: 406 | C412: 14/04/2025 | D412: NGUYỄN THỊ ÚT MÓT | E412: 72 Tuổi | F412: Xét nghiệm đường máu mao mạch tại giường (một lần) | G412: 1 | H412: 16000 | I412: =H412*21.25% -> 3400
B413: 407 | C413: 04/04/2025 | D413: DƯƠNG HOÀNG THIỆN | E413: 40 Tuổi | F413: Xét nghiệm đường máu mao mạch tại giường (một lần) | G413: 2 | H413: 32000 | I413: =H413*21.25% -> 6800
B414: 408 | C414: 28/04/2025 | D414: NGUYỄN VĂN SÀNG | E414: 69 Tuổi | F414: Xét nghiệm đường máu mao mạch tại giường (một lần) | G414: 2 | H414: 32000 | I414: =H414*21.25% -> 6800
B415: 409 | C415: 29/04/2025 | D415: DANH THỊ THỦY | E415: 51 Tuổi | F415: Xét nghiệm đường máu mao mạch tại giường (một lần) | G415: 3 | H415: 48000 | I415: =H415*21.25% -> 10200
B416: 410 | C416: 30/04/2025 | D416: TRƯƠNG THỊ THỐ | E416: 77 Tuổi | F416: Xét nghiệm đường máu mao mạch tại giường (một lần) | G416: 2 | H416: 32000 | I416: =H416*21.25% -> 6800
... B574: 568 | C574: 25/04/2025 | D574: TIÊU XÁI HÍA | E574: 60 Tuổi | F574: Xét nghiệm đường máu mao mạch tại giường (một lần) | G574: 2 | H574: 70000 | I574: =H574*21.25% -> 14875
D575: Tổng Cộng | G575: =SUBTOTAL(9,G7:G574) -> 1571 | H575: =SUBTOTAL(9,H7:H574) -> 135620000 | I575: =SUBTOTAL(9,I7:I574) -> 25691975
F576: Cần Thơ, ngày 21 tháng 5 năm 2025
B577: Lập bảng | F577: Trưởng Khoa
B581: ĐD. Phan Văn Hiếu | F581: ThS. Bs. Nguyễn Chí Nguyện

Sheet lanh tien thu thuat
A1: BV TRƯỜNG ĐHYD CẦN THƠ
A2: KHOA NGOẠI CTCH-TK
B3: DANH SÁCH LÃNH TIỀN THÙ LAO THÁNG 4/2025
C4: (thủ thuật)
A6: STT | B6: HỌ TÊN | C6: chức vụ | D6: SỐ TIỀN | E6: KÝ NHẬN
A7: 1 | B7: Phan Văn Hiếu | C7: Điều dưỡng | D7: ='thu thuat'!I575/8 -> 3211496.9 | F7: 19.5
A8: 2 | B8: Võ Thị Yến Nhi | C8: Điều dưỡng | D8: =D7 -> 3211496.9 | F8: 19.5
A9: 3 | B9: Võ Phương Duy | C9: Điều dưỡng | D9: =D8 -> 3211496.9
A10: 4 | B10: Nguyễn Kim Ngân | C10: Điều dưỡng | D10: =D9 -> 3211496.9
A11: 5 | B11: Lê Ngọc Diệu | C11: Điều dưỡng | D11: =D10 -> 3211496.9
A12: 6 | B12: Trần Quỳnh Minh Thư | C12: Điều dưỡng | D12: =D11 -> 3211496.9
A13: 7 | B13: Lê Thị Tuyết Đoan | C13: Điều dưỡng | D13: =D12 -> 3211496.9
A14: 8 | B14: Thạch Thị Thúy Đa | C14: Điều dưỡng | D14: =D13 -> 3211496.9
B15: TỔNG CỘNG | D15: =SUM(D7:D14) -> 25691975 | F15: =SUM(F7:F8) -> 39
D17: Cần Thơ, ngày 25 tháng 4 năm 2025
A18: Người lập bảng | D18: Trưởng khoa

Sheet tieuphau
A1: BV TRƯỜNG ĐHYD CẦN THƠ
A2: KHOA NGOẠI CTCH - TK
A3: BẢNG KÊ TIỀN TIỂU PHẪU
A4: THÁNG 4 NĂM 2025
A6: STT | B6: Ngày | C6: Họ Tên BN | D6: Tuổi | E6: Phương pháp PT | F6: Giá Tiền | G6: Bác Sĩ | H6: Số Tiền | I6: Điều Dưỡng | J6: Số Tiền | K6: Thực Lãnh
A7: 1 | B7: 01/04/2025 | C7: LÊ THỊ THANH HUỆ | D7: 51 Tuổi | E7: Hút ổ viêm/áp xe phần mềm | F7: 418000 | G7: NGUYỆN | H7: =K7-J7 -> 57475 | I7: ĐD | J7: =F7*0.05 -> 20900 | K7: =IF(G7="NGUYỆN",F7*25%*75%,IF(G7="TOẢN",F7*25%*75%,IF(G7="V.TÂN",F7*25%*75%,F7*0.25))) -> 78375
A8: 2 | B8: 01/04/2025 | C8: THƯỢNG THỊ TÁM | D8: 54 Tuổi | E8: Phẫu thuật điều trị hội chứng ống cổ tay | F8: 4000000 | G8: TOẢN | H8: =K8-J8 -> 550000 | I8: ĐD | J8: =F8*0.05 -> 200000 | K8: =IF(G8="NGUYỆN",F8*25%*75%,IF(G8="TOẢN",F8*25%*75%,IF(G8="V.TÂN",F8*25%*75%,F8*0.25))) -> 750000
A9: 3 | B9: 01/04/2025 | C9: NGUYỄN THỊ THU YẾN | D9: 66 Tuổi | E9: Phẫu thuật cắt bỏ u phần mềm <5cm | F9: 1000000 | G9: TOẢN | H9: =K9-J9 -> 137500 | I9: ĐD | J9: =F9*0.05 -> 50000 | K9: =IF(G9="NGUYỆN",F9*25%*75%,IF(G9="TOẢN",F9*25%*75%,IF(G9="V.TÂN",F9*25%*75%,F9*0.25))) -> 187500
A10: 4 | B10: 02/04/2025 | C10: HUỲNH CÔNG KHANH | D10: 54 Tuổi | E10: Tiêm gân gấp ngón tay | F10: 104400 | G10: TOẢN | H10: =K10-J10 -> 14355 | I10: ĐD | J10: =F10*0.05 -> 5220 | K10: =IF(G10="NGUYỆN",F10*25%*75%,IF(G10="TOẢN",F10*25%*75%,IF(G10="V.TÂN",F10*25%*75%,F10*0.25))) -> 19575
A11: 5 | B11: 03/04/2025 | C11: ĐỖ THỊ DIỂM | D11: 53 Tuổi | E11: Tiêm gân Dequervein | F11: 300000 | G11: V.TÂN | H11: =K11-J11 -> 41250 | I11: ĐD | J11: =F11*0.05 -> 15000 | K11: =IF(G11="NGUYỆN",F11*25%*75%,IF(G11="TOẢN",F11*25%*75%,IF(G11="V.TÂN",F11*25%*75%,F11*0.25))) -> 56250
A12: 6 | B12: 04/04/2025 | C12: PHẠM THỊ HÒA | D12: 70 Tuổi | E12: Hút ổ viêm/áp xe phần mềm | F12: 126700 | G12: V.TÂN | H12: =K12-J12 -> 17421.25 | I12: ĐD | J12: =F12*0.05 -> 6335 | K12: =IF(G12="NGUYỆN",F12*25%*75%,IF(G12="TOẢN",F12*25%*75%,IF(G12="V.TÂN",F12*25%*75%,F12*0.25))) -> 23756.25
A13: 7 | B13: 04/04/2025 | C13: HUỲNH CÔNG THOẢNG | D13: 37 Tuổi | E13: Tiêm gân Dequervein | F13: 300000 | G13: GIÀU | H13: =K13-J13 -> 60000 | I13: ĐD | J13: =F13*0.05 -> 15000 | K13: =IF(G13="NGUYỆN",F13*25%*75%,IF(G13="TOẢN",F13*25%*75%,IF(G13="V.TÂN",F13*25%*75%,F13*0.25))) -> 75000
A14: 8 | B14: 04/04/2025 | C14: VĂN ĐẮC THÀNH | D14: 67 Tuổi | E14: Tiêm gân Dequervein | F14: 300000 | G14: V.TÂN | H14: =K14-J14 -> 41250 | I14: ĐD | J14: =F14*0.05 -> 15000 | K14: =IF(G14="NGUYỆN",F14*25%*75%,IF(G14="TOẢN",F14*25%*75%,IF(G14="V.TÂN",F14*25%*75%,F14*0.25))) -> 56250
A15: 9 | B15: 08/04/2025 | C15: TRẦN THỊ HỒNG LẮM | D15: 32 Tuổi | E15: Mắt cá 1-2 thương tổn | F15: 500000 | G15: NGUYỆN | H15: =K15-J15 -> 68750 | I15: ĐD | J15: =F15*0.05 -> 25000 | K15: =IF(G15="NGUYỆN",F15*25%*75%,IF(G15="TOẢN",F15*25%*75%,IF(G15="V.TÂN",F15*25%*75%,F15*0.25))) -> 93750
A16: 10 | B16: 08/04/2025 | C16: CHU GIA BẢO | D16: 21 Tuổi | E16: Cắt móng quặm 1 ngón | F16: 800000 | G16: TOẢN | H16: =K16-J16 -> 110000 | I16: ĐD | J16: =F16*0.05 -> 40000 | K16: =IF(G16="NGUYỆN",F16*25%*75%,IF(G16="TOẢN",F16*25%*75%,IF(G16="V.TÂN",F16*25%*75%,F16*0.25))) -> 150000
A17: 11 | B17: 09/04/2025 | C17: NGUYỄN THỊ KIM XUYẾN | D17: 58 Tuổi | E17: Hút dịch khớp gối | F17: 400000 | G17: TÚ | H17: =K17-J17 -> 80000 | I17: ĐD | J17: =F17*0.05 -> 20000 | K17: =IF(G17="NGUYỆN",F17*25%*75%,IF(G17="TOẢN",F17*25%*75%,IF(G17="V.TÂN",F17*25%*75%,F17*0.25))) -> 100000
A18: 12 | B18: 09/04/2025 | C18: TRẦN HỮU PHÚC | D18: 19 Tuổi | E18: Cắt móng quặm 1 ngón | F18: 800000 | G18: NGUYỆN | H18: =K18-J18 -> 110000 | I18: ĐD | J18: =F18*0.05 -> 40000 | K18: =IF(G18="NGUYỆN",F18*25%*75%,IF(G18="TOẢN",F18*25%*75%,IF(G18="V.TÂN",F18*25%*75%,F18*0.25))) -> 150000
... A63: 57 | B63: 30/04/2025 | C63: NGUYỄN KIM NGÂN | D63: 36 Tuổi | E63: Nắn, cố định trật khớp háng không chỉ định phẫu thuật [bột liền] | F63: 667000 | G63: GIÀU | H63: =K63-J63 -> 133400 | I63: ĐD | J63: =F63*0.05 -> 33350 | K63: =IF(G63="NGUYỆN",F63*25%*75%,IF(G63="TOẢN",F63*25%*75%,IF(G63="V.TÂN",F63*25%*75%,F63*0.25))) -> 166750
C64: Tổng Cộng | F64: =SUBTOTAL(9,F7:F63) -> 43959700 | H64: =SUBTOTAL(9,H7:H63) -> 7388365 | J64: =SUBTOTAL(9,J7:J63) -> 2197985 | K64: =SUBTOTAL(9,K7:K63) -> 9586350
G65: Cần Thơ, Ngày 21 tháng 5 năm 2025
A66: Lập bảng | H66: Trưởng khoa
A70: ĐD. Phan Văn Hiếu | H70: Ths.Bs.Nguyễn Chí Nguyện

Sheet lanh tien tphau
A1: BV TRƯỜNG ĐHYD CẦN THƠ
A2: KHOA NGOẠI CTCH - TK
A3: DANH SÁCH LÃNH TIỀN THÙ LAO THÁNG 4/2025
A4: (Tiểu phẫu)
A6: stt | B6: Họ và tên | C6: Chức vụ | D6: Số tiền | E6: Ký nhận
A7: 1 | B7: Phạm Việt Triều | C7: Bác sĩ | D7: =SUM(SUMIF(tieuphau!$G$7:$G$73,"TRIỀU",tieuphau!$H$7:$H$73),SUMIF(tieuphau!$I$7:$I$72,"TRIỀU",tieuphau!$J$7:$J$72)) -> 2660000
A8: 2 | B8: Nguyễn Thành Tấn | C8: Bác sĩ | D8: =SUM(SUMIF(tieuphau!$G$7:$G$63,"TẤN",tieuphau!$H$7:$H$63),SUMIF(tieuphau!$I$7:$I$63,"TẤN",tieuphau!$J$7:$J$63)) -> 0
A9: 3 | B9: Nguyễn Lê Hoan | C9: Bác sĩ | D9: =SUM(SUMIF(tieuphau!$G$7:$G$73,"HOAN",tieuphau!$H$7:$H$73),SUMIF(tieuphau!$I$7:$I$72,"HOAN",tieuphau!$J$7:$J$72)) -> 0
A10: 4 | B10: Hoàng Minh Tú | C10: Bác sĩ | D10: =SUM(SUMIF(tieuphau!$G$7:$G$73,"TÚ",tieuphau!$H$7:$H$73),SUMIF(tieuphau!$I$7:$I$72,"TÚ",tieuphau!$J$7:$J$72)) -> 680000
A11: 5 | B11: Nguyễn Chí Nguyện | C11: Bác sĩ | D11: =SUM(SUMIF(tieuphau!$G$7:$G$73,"NGUYỆN",tieuphau!$H$7:$H$73),SUMIF(tieuphau!$I$7:$I$72,"NGUYỆN",tieuphau!$J$7:$J$72)) -> 1136121.2
A12: 6 | B12: Phạm Việt Tân | C12: Bác sĩ | D12: =SUM(SUMIF(tieuphau!$G$7:$G$73,"v.tân",tieuphau!$H$7:$H$73),SUMIF(tieuphau!$I$7:$I$72,"v.tân",tieuphau!$J$7:$J$72)) -> 554963.75
A13: 7 | B13: Trần Quốc Toản | C13: Bác sĩ | D13: =SUM(SUMIF(tieuphau!$G$7:$G$73,"TOẢN",tieuphau!$H$7:$H$73),SUMIF(tieuphau!$I$7:$I$72,"TOẢN",tieuphau!$J$7:$J$72)) -> 1396780
A14: 8 | B14: Đặng Phước Giàu | C14: Bác sĩ | D14: =SUM(SUMIF(tieuphau!$G$7:$G$73,"GIÀU",tieuphau!$H$7:$H$73),SUMIF(tieuphau!$I$7:$I$72,"GIÀU",tieuphau!$J$7:$J$72)) -> 935160
A15: 9 | B15: Hồ Điền | C15: Bác sĩ | D15: =SUM(SUMIF(tieuphau!$G$7:$G$73,"Điền",tieuphau!$H$7:$H$73),SUMIF(tieuphau!$I$7:$I$72,"điền",tieuphau!$J$7:$J$72)) -> 25340
A16: 10 | B16: Bùi Công Minh | C16: Bác sĩ | D16: =SUM(SUMIF(tieuphau!$G$7:$G$73,"minh",tieuphau!$H$7:$H$73),SUMIF(tieuphau!$I$7:$I$72,"minh",tieuphau!$J$7:$J$72)) -> 0
A17: 11 | B17: Vũ Văn Kim Long | C17: Bác sĩ | D17: =SUM(SUMIF(tieuphau!$G$7:$G$63,"Long",tieuphau!$H$7:$H$63),SUMIF(tieuphau!$I$7:$I$63,"Long",tieuphau!$J$7:$J$63)) -> 0
A18: 12 | B18: Phan Văn Hiếu | C18: Điều dưỡng | D18: =tieuphau!J64/8 -> 274748.12
A19: 13 | B19: Võ Thị Yến Nhi | C19: Điều dưỡng | D19: =D18 -> 274748.12
A20: 15 | B20: Võ Phương Duy | C20: Điều dưỡng | D20: =D19 -> 274748.12
A21: 17 | B21: Lê Ngọc Diệu | C21: Điều dưỡng | D21: =D20 -> 274748.12
A22: 18 | B22: Nguyễn Kim Ngân | C22: Điều dưỡng | D22: =D21 -> 274748.12
A23: 19 | B23: Trần Quỳnh Minh Thư | C23: Điều dưỡng | D23: =D22 -> 274748.12
A24: 20 | B24: Lê Thị Tuyết Đoan | C24: Điều dưỡng | D24: =D23 -> 274748.12
A25: 21 | B25: Thạch Thị Thúy Đa | C25: Điều dưỡng | D25: =D24 -> 274748.12
B26: TỔNG CỘNG | D26: =SUM(D7:D25) -> 9586350
D28: Cần Thơ, ngày 21 tháng 5 năm 2025
A29: Người lập bảng | D29: Trưởng khoa

Sheet TIỀN GIƯỜNG
A1: BV TRƯỜNG ĐHYD CẦN THƠ
A2: KHOA NGOẠI CTCH-TK
A3: DANH SÁCH LÃNH TIỀN THÙ LAO THÁNG 04/2025
C4: (Tiền giường)
A6: STT | B6: HỌ TÊN | C6: Chức Danh | D6: SỐ TIỀN | E6: KÝ NHẬN
A7: 1 | B7: Phan Văn Hiếu | C7: Điều dưỡng | D7: =600000/8 -> 75000 | E7: =F7/19.5 -> 1 | F7: 19.5
A8: 2 | B8: Võ Thị Yến Nhi | C8: Điều dưỡng | D8: =600000/8 -> 75000 | E8: =F8/19.5 -> 1 | F8: 19.5
A9: 3 | B9: Nguyễn Kim Ngân | C9: Điều dưỡng | D9: =600000/8 -> 75000
A10: 4 | B10: Thạch Thị Thúy Đa | C10: Điều dưỡng | D10: =600000/8 -> 75000
A11: 5 | B11: Võ Phương Duy | C11: Điều dưỡng | D11: =600000/8 -> 75000
A12: 6 | B12: Lê Thị Tuyết Đoan | C12: Điều dưỡng | D12: =600000/8 -> 75000
A13: 7 | B13: Lê Ngọc Diệu | C13: Điều dưỡng | D13: =600000/8 -> 75000
A14: 8 | B14: Trần Quỳnh Minh Thư | C14: Điều dưỡng | D14: =600000/8 -> 75000
B15: TỔNG CỘNG | D15: =SUM(D7:D14) -> 600000
D18: Cần Thơ, ngày 13 tháng 09 năm 2024
B19: Người lập bảng | D19: Trưởng khoa

Sheet TONG LANH
A1: BV TRƯỜNG ĐHYD CẦN THƠ
A2: KHOA NGOẠI CTCH-TK
A3: DANH SÁCH LÃNH TIỀN THÙ LAO THÁNG 4/2025
A4: (Dịch Vụ)
A6: STT | B6: HỌ TÊN | C6: CHỨC VỤ | D6: SỐ TÀI KHOẢN | E6: SỐ TIỀN | F6: THUẾ 10% | G6: THỰC LÃNH | H6: KÝ NHẬN
A7: 1 | B7: Phạm Việt Triều | C7: Bác sĩ | D7: 102006610216 | E7: ='lanh tien tphau'!D7+'lanh tien PT'!D7+1 -> 2883378 | F7: =E7-G7 -> 288337.8 | G7: =E7*0.9 -> 2595040.2
A8: 2 | B8: Nguyễn Thành Tấn | C8: Bác sĩ | D8: 103006610215 | E8: ='lanh tien tphau'!D8+'lanh tien PT'!D8 -> 4152870.8 | F8: =E8-G8 -> 415287.07 | G8: =E8*0.9 -> 3737583.7
A9: 3 | B9: Nguyễn Lê Hoan | C9: Bác sĩ | D9: 100006610218 | E9: ='lanh tien tphau'!D9+'lanh tien PT'!D9+'Bác sĩ điều trị'!D9 -> 0 | F9: =E9-G9 -> 0 | G9: =E9 -> 0
A10: 4 | B10: Hoàng Minh Tú | C10: Bác sĩ | D10: 100006610162 | E10: ='lanh tien tphau'!D10 -> 680000 | F10: =E10-G10 -> 0 | G10: =E10 -> 680000
A11: 5 | B11: Nguyễn Chí Nguyện | C11: Bác sĩ | D11: 105001159195 | E11: ='lanh tien tphau'!D11+'lanh tien PT'!D10+'Bác sĩ điều trị'!D11 -> 9643638.8 | F11: =E11-G11 -> 0 | G11: =E11 -> 9643638.8
A12: 6 | B12: Đặng Phước Giàu | C12: Bác sĩ | D12: 105867664283 | E12: ='lanh tien PT'!D11+'lanh tien tphau'!D14+'Bác sĩ điều trị'!D15+'Lãnh tiền PTYC'!E17 -> 13736430 | F12: =E12-G12 -> 1373643 | G12: =E12*0.9 -> 12362787
A13: 7 | B13: Hồ Điền | C13: Bác sĩ | D13: 105001225232 | E13: ='lanh tien PT'!D12+'Bác sĩ điều trị'!D13+'lanh tien tphau'!D15 -> 9835529.5 | F13: =E13-G13 -> 983552.95 | G13: =E13*0.9 -> 8851976.6
A14: 8 | B14: Trần Quốc Toản | C14: Bác sĩ | D14: 107868829237 | E14: ='lanh tien tphau'!D13+'lanh tien PT'!D13+'Bác sĩ điều trị'!D16 -> 7594953.8 | F14: =E14-G14 -> 0 | G14: =E14 -> 7594953.8
A15: 9 | B15: Phạm Việt Tân | C15: Bác sĩ | D15: 104000362303 | E15: ='lanh tien tphau'!D12+'lanh tien PT'!D14+'Bác sĩ điều trị'!D14 -> 6272108.2 | F15: =E15-G15 -> 0 | G15: =E15 -> 6272108.2
A16: 10 | B16: Bùi Công Minh | C16: Bác sĩ | D16: 105003414654 | E16: ='lanh tien tphau'!D16+'lanh tien PT'!D15 -> 0 | F16: =E16-G16 -> 0 | G16: =E16*0.9 -> 0
A17: 11 | B17: Phan Văn Tuấn | C17: Bác sĩ | D17: 105872433048 | E17: ='lanh tien PT'!D16 -> 4184653 | F17: =E17-G17 -> 0 | G17: =E17 -> 4184653
A18: 12 | B18: Nguyễn Hữu Đạt | C18: Bác sĩ | D18: 103876067585 | E18: ='lanh tien PT'!D17+'Bác sĩ điều trị'!D17 -> 3610245 | F18: =E18-G18 -> 361024.5 | G18: =E18*0.9 -> 3249220.5
A19: 13 | B19: Võ Dương Thành Thái | C19: Bác sĩ (nt) | D19: 102881115539 | E19: ='lanh tien PT'!D18 -> 1356722 | F19: =E19-G19 -> 0 | G19: =E19 -> 1356722
A20: 14 | B20: Lê Đình Tùng | C20: Bác sĩ (nt) | D20: 101881130087 | E20: ='lanh tien PT'!D19 -> 1558429 | F20: =E20-G20 -> 0 | G20: =E20 -> 1558429
A21: 15 | B21: Văn Minh Khén | C21: Bác sĩ (nt) | D21: 106881106486 | E21: ='lanh tien PT'!D20 -> 1522623 | F21: =E21-G21 -> 0 | G21: =E21 -> 1522623
A22: 16 | B22: Phạm Tấn Hưởng | C22: Bác sĩ (nt) | D22: 108881113738 | E22: ='lanh tien PT'!D21 -> 1699823 | F22: =E22-G22 -> 0 | G22: =E22 -> 1699823
A23: 17 | B23: Nguyễn Đông Khang | C23: Bác sĩ (nt) | D23: 105881179249 | E23: ='lanh tien PT'!D22 -> 1531328.5 | F23: =E23-G23 -> 0 | G23: =E23 -> 1531328.5
A24: 18 | B24: Nguyễn Đình Luật | C24: Bác sĩ (nt) | D24: 101881053043 | E24: ='lanh tien PT'!D23 -> 704481 | F24: =E24-G24 -> 0 | G24: =E24 -> 704481
A25: 19 | B25: Nguyễn Trung Nhị | C25: Bác sĩ (nt) | D25: 109883164818 | E25: ='lanh tien PT'!D24 -> 239961 | F25: =E25-G25 -> 0 | G25: =E25 -> 239961
A26: 20 | B26: Trần Trung Nghĩa | C26: Bác sĩ (nt) | E26: ='lanh tien PT'!D25 -> 358409 | F26: =E26-G26 -> 0 | G26: =E26 -> 358409 | H26: Nhị
A27: 21 | B27: Lê Nhỉ Khang | C27: Bác sĩ (nt) | E27: ='lanh tien PT'!D26 -> 337791 | F27: =E27-G27 -> 0 | G27: =E27 -> 337791
A28: 22 | B28: Phạm Văn Hưởng | C28: Bác sĩ (nt) | E28: ='lanh tien PT'!D27 -> 388432 | F28: =E28-G28 -> 0 | G28: =E28 -> 388432
A29: 23 | B29: Phan Văn Hiếu | C29: Điều dưỡng | D29: 106006773860 | E29: ='lanh tien PT1'!D20 -> 3177216.4 | F29: - | G29: =E29 -> 3177216.4
A30: 24 | B30: Võ Thị Yến Nhi | C30: Điều dưỡng | D30: 105866700129 | E30: ='lanh tien PT1'!D21 -> 3177216.4 | F30: - | G30: =E30 -> 3177216.4
A31: 25 | B31: Võ Phương Duy | C31: Điều dưỡng | D31: 108869864215 | E31: ='lanh tien PT1'!D23 -> 3177216.4 | F31: - | G31: =E31 -> 3177216.4
A32: 26 | B32: Lê Ngọc Diệu | C32: Điều dưỡng | D32: 106002699376 | E32: ='lanh tien PT1'!D24+'Bác sĩ điều trị'!D18 -> 5377216.4 | F32: - | G32: =E32 -> 5377216.4
A33: 27 | B33: Nguyễn Kim Ngân | C33: Điều dưỡng | D33: 104869864258 | E33: ='lanh tien PT1'!D22 -> 3177216.4 | F33: - | G33: =E33 -> 3177216.4
A34: 28 | B34: Trần Quỳnh Minh Thư | C34: Điều dưỡng | D34: 102877256973 | E34: ='lanh tien PT1'!D25 -> 3177216.4 | F34: - | G34: =E34 -> 3177216.4
A35: 29 | B35: Lê Thị Tuyết Đoan | C35: Điều dưỡng | D35: 108872473096 | E35: ='lanh tien PT1'!D26 -> 3177216.4 | F35: - | G35: =E35 -> 3177216.4
A36: 30 | B36: Thạch Thị Thúy Đa | C36: Điều dưỡng | D36: 109869939394 | E36: ='lanh tien PT1'!D27 -> 3177216.4 | F36: - | G36: =E36 -> 3177216.4
A37: 31 | B37: Nguyễn Lê Duy Anh | C37: Điều dưỡng | D37: 104882438347 | E37: ='lanh tien PT1'!D28 -> 1592391.2 | F37: - | G37: =E37 -> 1592391.2
A38: 32 | B38: Lê Kim Hoàn | C38: Điều dưỡng | D38: 100883540104 | E38: ='lanh tien PT1'!D29 -> 1592391.2 | F38: - | G38: =E38 -> 1592391.2
A39: 33 | B39: Nguyễn Thị Như Ý | C39: Hộ Lý | D39: 108002699374 | E39: ='lanh tien PT1'!D30 -> 1592391.2 | F39: - | G39: =E39 -> 1592391.2
B40: TỔNG CỘNG | E40: =SUM(E7:E39) -> 1.0468671e+08 | F40: =SUM(F7:F39) -> 3421845.3 | G40: =SUM(G7:G39) -> 1.0126487e+08
F42: Cần Thơ, ngày 21 tháng 5 năm 2025
A43: Người lập bảng | F43: Trưởng khoa
A47: ĐD. Phan Văn Hiếu | F47: ThS. Bs.Nguyễn Chí Nguyện

Sheet Thực lãnh dv
A1: BV TRƯỜNG ĐHYD CẦN THƠ
A2: KHOA NGOẠI CTCH-TK
A3: DANH SÁCH LÃNH TIỀN THÙ LAO THÁNG 4/2025
A4: (Dịch Vụ)
A6: STT | B6: HỌ TÊN | C6: CHỨC VỤ | D6: SỐ TÀI KHOẢN | E6: SỐ TIỀN | F6: THUẾ 10% | G6: THỰC LÃNH | H6: KÝ NHẬN
A7: 1 | B7: Phạm Việt Triều | C7: Bác sĩ | D7: 102006610216 | E7: ='lanh tien tphau'!D7+'lanh tien PT'!D7 -> 2883377 | F7: =E7-G7 -> 288337.7 | G7: =E7*0.9 -> 2595039.3
A8: 2 | B8: Nguyễn Thành Tấn | C8: Bác sĩ | D8: 103006610215 | E8: ='lanh tien tphau'!D8+'lanh tien PT'!D8 -> 4152870.8 | F8: =E8-G8 -> 415287.07 | G8: =E8*0.9 -> 3737583.7
A9: 3 | B9: Nguyễn Lê Hoan | C9: Bác sĩ | D9: 100006610218 | E9: ='lanh tien tphau'!D9+'lanh tien PT'!D9+'Bác sĩ điều trị'!D9 -> 0 | F9: =E9-G9 -> 0 | G9: =E9 -> 0
A10: 4 | B10: Hoàng Minh Tú | C10: Bác sĩ | D10: 100006610162 | E10: ='lanh tien tphau'!D10 -> 680000 | F10: =E10-G10 -> 0 | G10: =E10 -> 680000
A11: 5 | B11: Nguyễn Chí Nguyện | C11: Bác sĩ | D11: 105001159195 | E11: ='lanh tien tphau'!D11+'lanh tien PT'!D10+'Bác sĩ điều trị'!D11 -> 9643638.8 | F11: =E11-G11 -> 0 | G11: =E11 -> 9643638.8
A12: 6 | B12: Đặng Phước Giàu | C12: Bác sĩ | D12: 105867664283 | E12: ='lanh tien PT'!D11+'lanh tien tphau'!D14+'Bác sĩ điều trị'!D15-'Thực lãnh'!I24+'Lãnh tiền PTYC'!E17 -> 5471429.8 | F12: =E12-G12 -> 547142.97 | G12: =E12*0.9 -> 4924286.8
A13: 7 | B13: Hồ Điền | C13: Bác sĩ | D13: 105001225232 | E13: ='lanh tien PT'!D12+'Bác sĩ điều trị'!D13+'lanh tien tphau'!D15-'Thực lãnh'!I18 -> 775529.5 | F13: =E13-G13 -> 0 | G13: =E13 -> 775529.5
A14: 8 | B14: Trần Quốc Toản | C14: Bác sĩ | D14: 107868829237 | E14: ='lanh tien tphau'!D13+'lanh tien PT'!D13+'Bác sĩ điều trị'!D16 -> 7594953.8 | F14: =E14-G14 -> 0 | G14: =E14 -> 7594953.8
A15: 9 | B15: Phạm Việt Tân | C15: Bác sĩ | D15: 104000362303 | E15: ='lanh tien tphau'!D12+'lanh tien PT'!D14+'Bác sĩ điều trị'!D14 -> 6272108.2 | F15: =E15-G15 -> 0 | G15: =E15 -> 6272108.2
A16: 10 | B16: Bùi Công Minh | C16: Bác sĩ | D16: 105003414654 | E16: ='lanh tien tphau'!D16+'lanh tien PT'!D15 -> 0 | F16: =E16-G16 -> 0 | G16: =E16*0.9 -> 0
A17: 11 | B17: Phan Văn Tuấn | C17: Bác sĩ | D17: 105872433048 | E17: ='lanh tien PT'!D16 -> 4184653 | F17: =E17-G17 -> 0 | G17: =E17 -> 4184653
A18: 12 | B18: Nguyễn Hữu Đạt | C18: Bác sĩ | D18: 103876067585 | E18: ='lanh tien PT'!D17+'Bác sĩ điều trị'!D17 -> 3610245 | F18: =E18-G18 -> 361024.5 | G18: =E18*0.9 -> 3249220.5
A19: 13 | B19: Võ Dương Thành Thái | C19: Bác sĩ (nt) | D19: 102881115539 | E19: ='lanh tien PT'!D18+'lanh tien PT_BHYT'!E18 -> 2781722 | F19: =E19-G19 -> 0 | G19: =E19 -> 2781722
A20: 14 | B20: Lê Đình Tùng | C20: Bác sĩ (nt) | D20: 101881130087 | E20: ='lanh tien PT'!D19+'lanh tien PT_BHYT'!E19 -> 5893429 | F20: =E20-G20 -> 589342.9 | G20: =E20*0.9 -> 5304086.1
A21: 15 | B21: Văn Minh Khén | C21: Bác sĩ (nt) | D21: 106881106486 | E21: ='lanh tien PT_BHYT'!E20+'lanh tien PT'!D20 -> 4822623 | F21: =E21-G21 -> 482262.3 | G21: =E21*0.9 -> 4340360.7
A22: 16 | B22: Phạm Tấn Hưởng | C22: Bác sĩ (nt) | D22: 108881113738 | E22: ='lanh tien PT_BHYT'!E21+'lanh tien PT'!D21 -> 5764823 | F22: =E22-G22 -> 576482.3 | G22: =E22*0.9 -> 5188340.7
A23: 17 | B23: Nguyễn Đông Khang | C23: Bác sĩ (nt) | D23: 105881179249 | E23: ='lanh tien PT_BHYT'!E22+'lanh tien PT'!D22 -> 3376328.5 | F23: =E23-G23 -> 0 | G23: =E23 -> 3376328.5
A24: 18 | B24: Nguyễn Đình Luật | C24: Bác sĩ (nt) | D24: 101881053043 | E24: ='lanh tien PT_BHYT'!E23+'lanh tien PT'!D23 -> 2414481 | F24: =E24-G24 -> 0 | G24: =E24 -> 2414481
A25: 19 | B25: Nguyễn Trung Nhị | C25: Bác sĩ (nt) | D25: 109883164818 | E25: ='lanh tien PT'!D24+'lanh tien PT'!D25+'lanh tien PT'!D26+'lanh tien PT'!D27+'lanh tien PT_BHYT'!E24+'lanh tien PT_BHYT'!E25+'lanh tien PT_BHYT'!E26 -> 1969593 | F25: =E25-G25 -> 0 | G25: =E25 -> 1969593
A26: 20 | B26: Phan Văn Hiếu | C26: Điều dưỡng | D26: 106006773860 | E26: ='lanh tien PT1'!D20 -> 3177216.4 | F26: - | G26: =E26 -> 3177216.4
A27: 21 | B27: Võ Thị Yến Nhi | C27: Điều dưỡng | D27: 105866700129 | E27: ='lanh tien PT1'!D21 -> 3177216.4 | F27: - | G27: =E27 -> 3177216.4
A28: 22 | B28: Võ Phương Duy | C28: Điều dưỡng | D28: 108869864215 | E28: ='lanh tien PT1'!D23 -> 3177216.4 | F28: - | G28: =E28 -> 3177216.4
A29: 23 | B29: Lê Ngọc Diệu | C29: Điều dưỡng | D29: 106002699376 | E29: ='lanh tien PT1'!D24+'Bác sĩ điều trị'!D18 -> 5377216.4 | F29: - | G29: =E29 -> 5377216.4
A30: 24 | B30: Nguyễn Kim Ngân | C30: Điều dưỡng | D30: 104869864258 | E30: ='lanh tien PT1'!D22 -> 3177216.4 | F30: - | G30: =E30 -> 3177216.4
A31: 25 | B31: Trần Quỳnh Minh Thư | C31: Điều dưỡng | D31: 102877256973 | E31: ='lanh tien PT1'!D25 -> 3177216.4 | F31: - | G31: =E31 -> 3177216.4
A32: 26 | B32: Lê Thị Tuyết Đoan | C32: Điều dưỡng | D32: 108872473096 | E32: ='lanh tien PT1'!D26 -> 3177216.4 | F32: - | G32: =E32 -> 3177216.4
A33: 27 | B33: Thạch Thị Thúy Đa | C33: Điều dưỡng | D33: 109869939394 | E33: ='lanh tien PT1'!D27 -> 3177216.4 | F33: - | G33: =E33 -> 3177216.4
A34: 28 | B34: Nguyễn Lê Duy Anh | C34: Điều dưỡng | D34: 104882438347 | E34: ='lanh tien PT1'!D28 -> 1592391.2 | F34: - | G34: =E34 -> 1592391.2
A35: 29 | B35: Lê Kim Hoàn | C35: Điều dưỡng | D35: 100883540104 | E35: ='lanh tien PT1'!D29 -> 1592391.2 | F35: - | G35: =E35 -> 1592391.2
A36: 30 | B36: Nguyễn Thị Như Ý | C36: Hộ Lý | D36: 108002699374 | E36: ='lanh tien PT1'!D30 -> 1592391.2 | F36: - | G36: =E36 -> 1592391.2
B37: TỔNG CỘNG | E37: =SUM(E7:E36) -> 1.0468671e+08 | F37: =SUM(F7:F36) -> 3259879.7 | G37: =SUM(G7:G36) -> 1.0142683e+08
F39: Cần Thơ, ngày 21 tháng 5 năm 2025
A40: Người lập bảng | F40: Trưởng khoa
A44: ĐD. Phan Văn Hiếu | F44: ThS. Bs. Nguyễn Chí Nguyện

Sheet GIƯỜNG GỬI
A1: BV TRƯỜNG ĐHYD CẦN THƠ
A2: KHOA NGOẠI CTCH-TK
A3: DANH SÁCH LÃNH TIỀN GIƯỜNG VƯỢT ĐỊNH MỨC THÁNG 03/2024
A6: STT | B6: HỌ TÊN | C6: CHỨC VỤ | D6: SỐ TÀI KHOẢN | E6: SỐ TIỀN | F6: KÝ NHẬN
A7: 1 | B7: Ngô Thị Thủy | C7: Điều dưỡng (Niệu) | D7: 109869879863 | E7: 0 | G7: 19.5
B8: TỔNG CỘNG | E8: =SUM(E7:E7) -> 0 | G8: =SUM(G7:G7) -> 19.5
D10: Cần Thơ, ngày 15 tháng 1 năm 2024
A11: Người lập bảng | D11: Trưởng khoa
B16: ĐD. Phan Văn Hiếu | D16: Ths.Bs.CKII.Nguyễn Lê Hoan

Sheet PT YÊU CẦU
A1: BV TRƯỜNG ĐHYD CẦN THƠ
A2: KHOA NGOẠI CTCH-TK
A3: DANH SÁCH LÃNH TIỀN PHẪU THUẬT THEO YÊU CẦU THÁNG 4/2025
A5: STT | B5: NGÀY | C5: HỌ TÊN BỆNH | D5: NĂM SINH | E5: TÊN CLS | F5: BÁC SĨ PT | G5: SỐ TIỀN | H5: THÙ LAO
A6: 1 | B6: 03/04/2025 | C6: LÊ HỮU TRÍ | D6: 31 Tuổi | E6: Chọn bác sĩ phẫu thuật theo yêu cầu | F6: BS.GIÀU | G6: 1000000 | H6: =G6*0.9 -> 900000
A7: TỔNG CỘNG | G7: =SUM(G6:G6) -> 1000000 | H7: =SUM(H6:H6) -> 900000
F8: Cần Thơ, ngày 21 tháng 5 năm 2025
A9: Người lập bảng | F9: Trưởng khoa
A14: ĐD.Phan Văn Hiếu | F14: Ths.Bs.Nguyễn Chí Nguyện

Sheet Lãnh tiền PTYC
A1: BV TRƯỜNG ĐHYD CẦN THƠ
A2: KHOA NGOẠI CTCH-TK
A3: DANH SÁCH LÃNH TIỀN THÙ LAO THÁNG 4/2025
A4: (BHYT)
A6: STT | B6: HỌ TÊN | C6: CHỨC VỤ | D6: SỐ TÀI KHOẢN | E6: SỐ TIỀN
A7: 1 | B7: Phạm Việt Triều | C7: Bác sĩ | D7: 102006610216 | E7: -
A8: 2 | B8: Nguyễn Thành Tấn | C8: Bác sĩ | D8: 103006610215 | E8: -
A9: 3 | B9: Nguyễn Lê Hoan | C9: Bác sĩ | D9: 100006610218 | E9: -
A10: 4 | B10: Nguyễn Chí Nguyện | C10: Bác sĩ | D10: 105001159195 | E10: -
A11: 5 | B11: Hồ Điền | C11: Bác sĩ | D11: 105001225232 | E11: -
A12: 6 | B12: Trần Quốc Toản | C12: Bác sĩ | D12: 107868829237 | E12: -
A13: 1 | B13: Nguyễn Chí Nguyện | C13: Bác sĩ | D13: 105867664283 | E13: -
A14: 8 | B14: Nguyễn Tâm Từ | C14: Bác sĩ | D14: 107003444634 | E14: -
A15: 9 | B15: Nguyễn Hữu Thuyết | C15: Bác sĩ | D15: 109875250610 | E15: -
A16: 10 | B16: Phạm Việt Tân | C16: Bác sĩ | D16: 104000362303 | E16: -
A17: 1 | B17: Đặng Phước Giàu | C17: Bác sĩ | D17: 103006610215 | E17: ='PT YÊU CẦU'!H6 -> 900000
B18: TỔNG CỘNG | E18: =SUM(E7:E17) -> 900000
D20: Cần Thơ, ngày 25 tháng 04 năm 2025
A21: Người lập bảng | D21: Trưởng khoa
A25: ĐD. Phan Văn Hiếu | D25: ThS.Bs.CKII. Nguyễn Lê Hoan
