Workbook

Sheet phauthuat
A1: BV TRƯỜNG ĐHYD CẦN THƠ
A2: KHOA NGOẠI CTCH - TK
A3: BẢNG KÊ TIỀN PHẪU THUẬT
A4: (THÁNG 7/2025)
A6: STT | B6: Ngày | C6: Họ Tên | D6: Nam | E6: Nữ | F6: Phương pháp phẫu thuật | G6: Loại PT | H6: Giá Phẫu thuật thực tính | I6: PTV chính | J6: Số tiền | K6: Phụ mổ 1 | L6: Số tiền | M6: Phụ mổ 2 | N6: Số tiền | O6: Phụ mổ 3 | P6: Số tiền | Q6: ĐD + HL | R6: Thực lãnh
A7: 1 | B7: 20/6/2025 | C7: Lâm Chriêu | D7: 86 | F7: PT cắt cụt chi | G7: TT2 | H7: 1947600 | I7: ĐIỀN | J7: =R7-L7-N7-P7-Q7 -> 223974 | K7: ĐẠT | L7: =IF(K7="-",0,H7*0.03) -> 58428 | M7: ĐAN | N7: =IF(M7="-",0,H7*0.02) -> 38952 | O7: - | P7: =IF(O7="-",0,H7*0.01) -> 0 | Q7: =H7*0.005 -> 9738 | R7: =IF(I7="V.Tân",H7*0.1375,IF(I7="nguyện",H7*0.1375,IF(I7="TOẢN",H7*0.1375,H7*0.17))) -> 331092
A8: 2 | B8: 20/6/2025 | C8: Nguyễn Thị Nuôi | E8: 62 | F8: Cố định cột sống | G8: TTDB | H8: 4201900 | I8: HOAN | J8: =R8-L8-N8-P8-Q8 -> 441199.5 | K8: ĐIỀN | L8: =IF(K8="-",0,H8*0.03) -> 126057 | M8: ĐAN | N8: =IF(M8="-",0,H8*0.02) -> 84038 | O8: VINH | P8: =IF(O8="-",0,H8*0.01) -> 42019 | Q8: =H8*0.005 -> 21009.5 | R8: =IF(I8="V.Tân",H8*0.1375,IF(I8="nguyện",H8*0.1375,IF(I8="TOẢN",H8*0.1375,H8*0.17))) -> 714323
A9: 3 | B9: 24/6/2025 | C9: Nguyễn Thanh Hải | D9: 61 | F9: Ghép da tự thân | G9: TT2 | H9: 2934400 | I9: V.TÂN | J9: =R9-L9-N9-P9-Q9 -> 388808 | K9: - | L9: =IF(K9="-",0,H9*0.03) -> 0 | M9: - | N9: =IF(M9="-",0,H9*0.02) -> 0 | O9: - | P9: =IF(O9="-",0,H9*0.01) -> 0 | Q9: =H9*0.005 -> 14672 | R9: =IF(I9="V.Tân",H9*0.1375,IF(I9="nguyện",H9*0.1375,IF(I9="TOẢN",H9*0.1375,H9*0.17))) -> 403480
A10: 4 | B10: 24/6/2025 | C10: Nguyễn Văn Hùng | D10: 55 | F10: PT làm mỏm cụt | G10: TT2 | H10: 1773300 | I10: V.TÂN | J10: =R10-L10-N10-P10-Q10 -> 128564.25 | K10: GIÀU | L10: =IF(K10="-",0,H10*0.03) -> 53199 | M10: ĐAN | N10: =IF(M10="-",0,H10*0.02) -> 35466 | O10: HẬU | P10: =IF(O10="-",0,H10*0.01) -> 17733 | Q10: =H10*0.005 -> 8866.5 | R10: =IF(I10="V.Tân",H10*0.1375,IF(I10="nguyện",H10*0.1375,IF(I10="TOẢN",H10*0.1375,H10*0.17))) -> 243828.75
A11: 5 | B11: 25/6/2025 | C11: Lê Thị Phan | E11: 76 | F11: Cắt lọc | G11: TT2 | H11: 2128200 | I11: V.TÂN | J11: =R11-L11-N11-P11-Q11 -> 281986.5 | K11: - | L11: =IF(K11="-",0,H11*0.03) -> 0 | M11: - | N11: =IF(M11="-",0,H11*0.02) -> 0 | O11: - | P11: =IF(O11="-",0,H11*0.01) -> 0 | Q11: =H11*0.005 -> 10641 | R11: =IF(I11="V.Tân",H11*0.1375,IF(I11="nguyện",H11*0.1375,IF(I11="TOẢN",H11*0.1375,H11*0.17))) -> 292627.5
A12: 6 | B12: 26/6/2025 | C12: Nguyễn Thị Bé Tư | E12: 70 | F12: Bơm cement tạo hình thân sống | G12: TTDB | H12: 4578000 | I12: HOAN | J12: =R12-L12-N12-P12-Q12 -> 480690 | K12: NGHĨA | L12: =IF(K12="-",0,H12*0.03) -> 137340 | M12: ĐAN | N12: =IF(M12="-",0,H12*0.02) -> 91560 | O12: NGUYÊN | P12: =IF(O12="-",0,H12*0.01) -> 45780 | Q12: =H12*0.005 -> 22890 | R12: =IF(I12="V.Tân",H12*0.1375,IF(I12="nguyện",H12*0.1375,IF(I12="TOẢN",H12*0.1375,H12*0.17))) -> 778260
A13: 7 | B13: 26/6/2025 | C13: Bùi Kim Ngoạt | D13: 77 | F13: PT thay toàn bộ khớp gối | G13: TTDB | H13: 3525500 | I13: HOAN | J13: =R13-L13-N13-P13-Q13 -> 370177.5 | K13: V.TÂN | L13: =IF(K13="-",0,H13*0.03) -> 105765 | M13: ĐAN | N13: =IF(M13="-",0,H13*0.02) -> 70510 | O13: NGUYÊN | P13: =IF(O13="-",0,H13*0.01) -> 35255 | Q13: =H13*0.005 -> 17627.5 | R13: =IF(I13="V.Tân",H13*0.1375,IF(I13="nguyện",H13*0.1375,IF(I13="TOẢN",H13*0.1375,H13*0.17))) -> 599335
A14: 8 | B14: 27/06/2025 | C14: Nguyễn Thành Đạt | D14: 35 | F14: Cắt u đường kính >10cm | G14: TT1 | H14: 1859300 | I14: ĐIỀN | J14: =R14-L14-N14-P14-Q14 -> 213819.5 | K14: NGHĨA | L14: =IF(K14="-",0,H14*0.03) -> 55779 | M14: NHỊ | N14: =IF(M14="-",0,H14*0.02) -> 37186 | O14: - | P14: =IF(O14="-",0,H14*0.01) -> 0 | Q14: =H14*0.005 -> 9296.5 | R14: =IF(I14="V.Tân",H14*0.1375,IF(I14="nguyện",H14*0.1375,IF(I14="TOẢN",H14*0.1375,H14*0.17))) -> 316081
A15: 9 | B15: 28/06/2025 | C15: Nguyễn Tấn Thành | D15: 38 | F15: PT điều trị đứt gân Achille | G15: TTDB | H15: 2697300 | I15: V.TÂN | J15: =R15-L15-N15-P15-Q15 -> 195554.25 | K15: NGUYÊN | L15: =IF(K15="-",0,H15*0.03) -> 80919 | M15: NGHĨA | N15: =IF(M15="-",0,H15*0.02) -> 53946 | O15: HẬU | P15: =IF(O15="-",0,H15*0.01) -> 26973 | Q15: =H15*0.005 -> 13486.5 | R15: =IF(I15="V.Tân",H15*0.1375,IF(I15="nguyện",H15*0.1375,IF(I15="TOẢN",H15*0.1375,H15*0.17))) -> 370878.75
A16: 10 | B16: 28/06/2025 | C16: Huỳnh Văn Hoàng | D16: 69 | F16: PT thay toàn bộ khớp gối | G16: TTDB | H16: 3525500 | I16: TẤN | J16: =R16-L16-N16-P16-Q16 -> 370177.5 | K16: TOẢN | L16: =IF(K16="-",0,H16*0.03) -> 105765 | M16: GIÀU | N16: =IF(M16="-",0,H16*0.02) -> 70510 | O16: HÀO | P16: =IF(O16="-",0,H16*0.01) -> 35255 | Q16: =H16*0.005 -> 17627.5 | R16: =IF(I16="V.Tân",H16*0.1375,IF(I16="nguyện",H16*0.1375,IF(I16="TOẢN",H16*0.1375,H16*0.17))) -> 599335
A17: 11 | B17: 28/06/2025 | C17: Phạm Thị Minh Nghĩa | E17: 50 | F17: PT KHX trên màn hình tăng sáng | G17: TTDB | H17: 4497500 | I17: TẤN | J17: =R17-L17-N17-P17-Q17 -> 472237.5 | K17: TOẢN | L17: =IF(K17="-",0,H17*0.03) -> 134925 | M17: GIÀU | N17: =IF(M17="-",0,H17*0.02) -> 89950 | O17: VINH | P17: =IF(O17="-",0,H17*0.01) -> 44975 | Q17: =H17*0.005 -> 22487.5 | R17: =IF(I17="V.Tân",H17*0.1375,IF(I17="nguyện",H17*0.1375,IF(I17="TOẢN",H17*0.1375,H17*0.17))) -> 764575
A18: 12 | B18: 28/06/2025 | C18: Nguyễn Ngọc Hiếu | D18: 20 | F18: PT KHX trên màn hình tăng sáng | G18: TTDB | H18: 4497500 | I18: TOẢN | J18: =R18-L18-N18-P18-Q18 -> 326068.75 | K18: GIÀU | L18: =IF(K18="-",0,H18*0.03) -> 134925 | M18: ĐAN | N18: =IF(M18="-",0,H18*0.02) -> 89950 | O18: HẬU | P18: =IF(O18="-",0,H18*0.01) -> 44975 | Q18: =H18*0.005 -> 22487.5 | R18: =IF(I18="V.Tân",H18*0.1375,IF(I18="nguyện",H18*0.1375,IF(I18="TOẢN",H18*0.1375,H18*0.17))) -> 618406.25
A19: 13 | B19: 28/06/2025 | C19: Tăng Thị Kim Xoàn | E19: 67 | F19: PT KHX trên màn hình tăng sáng | G19: TTDB | H19: 4497500 | I19: GIÀU | J19: =R19-L19-N19-P19-Q19 -> 472237.5 | K19: HÀO | L19: =IF(K19="-",0,H19*0.03) -> 134925 | M19: HẬU | N19: =IF(M19="-",0,H19*0.02) -> 89950 | O19: ĐAN | P19: =IF(O19="-",0,H19*0.01) -> 44975 | Q19: =H19*0.005 -> 22487.5 | R19: =IF(I19="V.Tân",H19*0.1375,IF(I19="nguyện",H19*0.1375,IF(I19="TOẢN",H19*0.1375,H19*0.17))) -> 764575
A20: 14 | B20: 28/06/2025 | C20: NGUYỄN THỊ TRÚC KHOA | E20: 31 | F20: PT lấy đĩa đệm CSTL qua da | G20: TT1 | H20: 3796000 | I20: GIÀU | J20: =R20-L20-N20-P20-Q20 -> 398580 | K20: Q.TẤN | L20: =IF(K20="-",0,H20*0.03) -> 113880 | M20: VINH | N20: =IF(M20="-",0,H20*0.02) -> 75920 | O20: V.HƯỞNG | P20: =IF(O20="-",0,H20*0.01) -> 37960 | Q20: =H20*0.005 -> 18980 | R20: =IF(I20="V.Tân",H20*0.1375,IF(I20="nguyện",H20*0.1375,IF(I20="TOẢN",H20*0.1375,H20*0.17))) -> 645320
A21: 15 | B21: 29/06/2025 | C21: Nguyễn Hoàng Phúc | D21: 27 | F21: PT vết thương phần mềm phức tạp | G21: TP | H21: 5100000 | I21: ĐIỀN | J21: =R21-L21-N21-P21-Q21 -> 535500 | K21: V.HƯỞNG | L21: =IF(K21="-",0,H21*0.03) -> 153000 | M21: Q.TẤN | N21: =IF(M21="-",0,H21*0.02) -> 102000 | O21: ĐAN | P21: =IF(O21="-",0,H21*0.01) -> 51000 | Q21: =H21*0.005 -> 25500 | R21: =IF(I21="V.Tân",H21*0.1375,IF(I21="nguyện",H21*0.1375,IF(I21="TOẢN",H21*0.1375,H21*0.17))) -> 867000
A22: 16 | B22: 30/6/2025 | C22: Nguyễn Văn Thái | D22: 67 | F22: Cắt lọc | G22: TP | H22: 4000000 | I22: HOAN | J22: =R22-L22-N22-P22-Q22 -> 420000 | K22: ĐẠT | L22: =IF(K22="-",0,H22*0.03) -> 120000 | M22: NHỊ | N22: =IF(M22="-",0,H22*0.02) -> 80000 | O22: HÀO | P22: =IF(O22="-",0,H22*0.01) -> 40000 | Q22: =H22*0.005 -> 20000 | R22: =IF(I22="V.Tân",H22*0.1375,IF(I22="nguyện",H22*0.1375,IF(I22="TOẢN",H22*0.1375,H22*0.17))) -> 680000
A23: 17 | B23: 30/6/2025 | C23: Lê Văn Đô | D23: 40 | F23: PT KHX trên màn hình tăng sáng | G23: TTDB | H23: 4497500 | I23: TOẢN | J23: =R23-L23-N23-P23-Q23 -> 326068.75 | K23: VINH | L23: =IF(K23="-",0,H23*0.03) -> 134925 | M23: HẬU | N23: =IF(M23="-",0,H23*0.02) -> 89950 | O23: Q.TẤN | P23: =IF(O23="-",0,H23*0.01) -> 44975 | Q23: =H23*0.005 -> 22487.5 | R23: =IF(I23="V.Tân",H23*0.1375,IF(I23="nguyện",H23*0.1375,IF(I23="TOẢN",H23*0.1375,H23*0.17))) -> 618406.25
A24: 18 | B24: 30/6/2025 | C24: Lâm Kim Ngân | E24: 52 | F24: PT KHX trên màn hình tăng sáng | G24: TTDB | H24: 4497500 | I24: ĐIỀN | J24: =R24-L24-N24-P24-Q24 -> 472237.5 | K24: NGUYÊN | L24: =IF(K24="-",0,H24*0.03) -> 134925 | M24: HẬU | N24: =IF(M24="-",0,H24*0.02) -> 89950 | O24: N.KHANG | P24: =IF(O24="-",0,H24*0.01) -> 44975 | Q24: =H24*0.005 -> 22487.5 | R24: =IF(I24="V.Tân",H24*0.1375,IF(I24="nguyện",H24*0.1375,IF(I24="TOẢN",H24*0.1375,H24*0.17))) -> 764575
A25: 19 | B25: 30/6/2025 | C25: Nguyễn Văn Beo | D25: 72 | F25: Cắt lọc hoại tử ổ loét mãn tính | G25: TT2 | H25: 2128200 | I25: HOAN | J25: =R25-L25-N25-P25-Q25 -> 287307 | K25: TOẢN | L25: =IF(K25="-",0,H25*0.03) -> 63846 | M25: - | N25: =IF(M25="-",0,H25*0.02) -> 0 | O25: - | P25: =IF(O25="-",0,H25*0.01) -> 0 | Q25: =H25*0.005 -> 10641 | R25: =IF(I25="V.Tân",H25*0.1375,IF(I25="nguyện",H25*0.1375,IF(I25="TOẢN",H25*0.1375,H25*0.17))) -> 361794
A26: 20 | B26: 01/7/2025 | C26: Trần Thanh Tuấn | D26: 58 | F26: KHX trên màn hình tăng sáng | G26: TTDB | H26: 4497500 | I26: GIÀU | J26: =R26-L26-N26-P26-Q26 -> 472237.5 | K26: Q.TẤN | L26: =IF(K26="-",0,H26*0.03) -> 134925 | M26: HẬU | N26: =IF(M26="-",0,H26*0.02) -> 89950 | O26: NGHĨA | P26: =IF(O26="-",0,H26*0.01) -> 44975 | Q26: =H26*0.005 -> 22487.5 | R26: =IF(I26="V.Tân",H26*0.1375,IF(I26="nguyện",H26*0.1375,IF(I26="TOẢN",H26*0.1375,H26*0.17))) -> 764575
A27: 21 | B27: 01/7/2025 | C27: Huỳnh Thị Duyên Em | E27: 44 | F27: Lấy dụng cụ | G27: TP | H27: 4417000 | I27: V.TÂN | J27: =R27-L27-N27-P27-Q27 -> 364402.5 | K27: NGHĨA | L27: =IF(K27="-",0,H27*0.03) -> 132510 | M27: HẬU | N27: =IF(M27="-",0,H27*0.02) -> 88340 | O27: - | P27: =IF(O27="-",0,H27*0.01) -> 0 | Q27: =H27*0.005 -> 22085 | R27: =IF(I27="V.Tân",H27*0.1375,IF(I27="nguyện",H27*0.1375,IF(I27="TOẢN",H27*0.1375,H27*0.17))) -> 607337.5
A28: 22 | B28: 01/7/2025 | C28: Nguyễn Ngọc Niệm | D28: 73 | F28: KHX trên màn hình tăng sáng | G28: TTDB | H28: 4497500 | I28: GIÀU | J28: =R28-L28-N28-P28-Q28 -> 472237.5 | K28: HẬU | L28: =IF(K28="-",0,H28*0.03) -> 134925 | M28: Q.TẤN | N28: =IF(M28="-",0,H28*0.02) -> 89950 | O28: V.HƯỞNG | P28: =IF(O28="-",0,H28*0.01) -> 44975 | Q28: =H28*0.005 -> 22487.5 | R28: =IF(I28="V.Tân",H28*0.1375,IF(I28="nguyện",H28*0.1375,IF(I28="TOẢN",H28*0.1375,H28*0.17))) -> 764575
A29: 23 | B29: 01/7/2025 | C29: Lê VĂn Danh | D29: 38 | F29: Thay toàn bộ khớp háng | G29: TTDB | H29: 3525500 | I29: HOAN | J29: =R29-L29-N29-P29-Q29 -> 370177.5 | K29: TOẢN | L29: =IF(K29="-",0,H29*0.03) -> 105765 | M29: ĐAN | N29: =IF(M29="-",0,H29*0.02) -> 70510 | O29: NGUYÊN | P29: =IF(O29="-",0,H29*0.01) -> 35255 | Q29: =H29*0.005 -> 17627.5 | R29: =IF(I29="V.Tân",H29*0.1375,IF(I29="nguyện",H29*0.1375,IF(I29="TOẢN",H29*0.1375,H29*0.17))) -> 599335
A30: 24 | B30: 01/7/2025 | C30: Lý Thị Nga | E30: 74 | F30: Thay khớp háng bán phần | G30: TT1 | H30: 3897500 | I30: HOAN | J30: =R30-L30-N30-P30-Q30 -> 409237.5 | K30: TOẢN | L30: =IF(K30="-",0,H30*0.03) -> 116925 | M30: Q.TẤN | N30: =IF(M30="-",0,H30*0.02) -> 77950 | O30: HẬU | P30: =IF(O30="-",0,H30*0.01) -> 38975 | Q30: =H30*0.005 -> 19487.5 | R30: =IF(I30="V.Tân",H30*0.1375,IF(I30="nguyện",H30*0.1375,IF(I30="TOẢN",H30*0.1375,H30*0.17))) -> 662575
A31: 25 | B31: 01/7/2025 | C31: Nguyễn Thành Đạt | D31: 23 | F31: Lấy dụng cụ | G31: TT2 | H31: 2559100 | I31: ĐIỀN | J31: =R31-L31-N31-P31-Q31 -> 294296.5 | K31: ĐAN | L31: =IF(K31="-",0,H31*0.03) -> 76773 | M31: NGUYÊN | N31: =IF(M31="-",0,H31*0.02) -> 51182 | O31: - | P31: =IF(O31="-",0,H31*0.01) -> 0 | Q31: =H31*0.005 -> 12795.5 | R31: =IF(I31="V.Tân",H31*0.1375,IF(I31="nguyện",H31*0.1375,IF(I31="TOẢN",H31*0.1375,H31*0.17))) -> 435047
A32: 26 | B32: 01/7/2025 | C32: Nguyễn Khắc Luân | D32: 82 | F32: KHX trên màn hình tăng sáng | G32: TTDB | H32: 4497500 | I32: HOAN | J32: =R32-L32-N32-P32-Q32 -> 472237.5 | K32: ĐAN | L32: =IF(K32="-",0,H32*0.03) -> 134925 | M32: NGUYÊN | N32: =IF(M32="-",0,H32*0.02) -> 89950 | O32: V.HƯỞNG | P32: =IF(O32="-",0,H32*0.01) -> 44975 | Q32: =H32*0.005 -> 22487.5 | R32: =IF(I32="V.Tân",H32*0.1375,IF(I32="nguyện",H32*0.1375,IF(I32="TOẢN",H32*0.1375,H32*0.17))) -> 764575
A33: 27 | B33: 02/07/2025 | C33: Trần Thị Hồng | E33: 57 | F33: PTNS khớp gối | G33: TT1 | H33: 3397500 | I33: GIÀU | J33: =R33-L33-N33-P33-Q33 -> 356737.5 | K33: Q.TẤN | L33: =IF(K33="-",0,H33*0.03) -> 101925 | M33: NHỊ | N33: =IF(M33="-",0,H33*0.02) -> 67950 | O33: V.HƯỞNG | P33: =IF(O33="-",0,H33*0.01) -> 33975 | Q33: =H33*0.005 -> 16987.5 | R33: =IF(I33="V.Tân",H33*0.1375,IF(I33="nguyện",H33*0.1375,IF(I33="TOẢN",H33*0.1375,H33*0.17))) -> 577575
A34: 28 | B34: 02/07/2025 | C34: Nguyễn Thị Năm | E34: 64 | F34: Cố định cột sống thắt lưng | G34: TTDB | H34: 4201900 | I34: HOAN | J34: =R34-L34-N34-P34-Q34 -> 441199.5 | K34: Q.TẤN | L34: =IF(K34="-",0,H34*0.03) -> 126057 | M34: HÀO | N34: =IF(M34="-",0,H34*0.02) -> 84038 | O34: V.HƯỞNG | P34: =IF(O34="-",0,H34*0.01) -> 42019 | Q34: =H34*0.005 -> 21009.5 | R34: =IF(I34="V.Tân",H34*0.1375,IF(I34="nguyện",H34*0.1375,IF(I34="TOẢN",H34*0.1375,H34*0.17))) -> 714323
A35: 29 | B35: 02/07/2025 | C35: Nguyễn Thị Thủy | E35: 71 | F35: Cố định cột sống thắt lưng | G35: TTDB | H35: 4201900 | I35: HOAN | J35: =R35-L35-N35-P35-Q35 -> 441199.5 | K35: GIÀU | L35: =IF(K35="-",0,H35*0.03) -> 126057 | M35: HÀO | N35: =IF(M35="-",0,H35*0.02) -> 84038 | O35: ĐAN | P35: =IF(O35="-",0,H35*0.01) -> 42019 | Q35: =H35*0.005 -> 21009.5 | R35: =IF(I35="V.Tân",H35*0.1375,IF(I35="nguyện",H35*0.1375,IF(I35="TOẢN",H35*0.1375,H35*0.17))) -> 714323
A36: 30 | B36: 02/07/2025 | C36: Nguyễn Thị Thủy | E36: 71 | F36: Bơm cement (80%) | G36: TTDB | H36: 3662400 | I36: GIÀU | J36: =R36-L36-N36-P36-Q36 -> 384552 | K36: HOAN | L36: =IF(K36="-",0,H36*0.03) -> 109872 | M36: V.HƯỞNG | N36: =IF(M36="-",0,H36*0.02) -> 73248 | O36: NHỊ | P36: =IF(O36="-",0,H36*0.01) -> 36624 | Q36: =H36*0.005 -> 18312 | R36: =IF(I36="V.Tân",H36*0.1375,IF(I36="nguyện",H36*0.1375,IF(I36="TOẢN",H36*0.1375,H36*0.17))) -> 622608
A37: 31 | B37: 02/07/2025 | C37: Nguyễn Quốc Thủ | D37: 43 | F37: Lấy dụng cụ KHX | G37: TT1 | H37: 2301200 | I37: V.TÂN | J37: =R37-L37-N37-P37-Q37 -> 166837 | K37: ĐẠT | L37: =IF(K37="-",0,H37*0.03) -> 69036 | M37: ĐAN | N37: =IF(M37="-",0,H37*0.02) -> 46024 | O37: NHỊ | P37: =IF(O37="-",0,H37*0.01) -> 23012 | Q37: =H37*0.005 -> 11506 | R37: =IF(I37="V.Tân",H37*0.1375,IF(I37="nguyện",H37*0.1375,IF(I37="TOẢN",H37*0.1375,H37*0.17))) -> 316415
A38: 32 | B38: 02/07/2025 | C38: Phạm Văn Sự | E38: 63 | F38: PT viêm xương | G38: TT2 | H38: 2760300 | I38: GIÀU | J38: =R38-L38-N38-P38-Q38 -> 289831.5 | K38: ĐAN | L38: =IF(K38="-",0,H38*0.03) -> 82809 | M38: NHỊ | N38: =IF(M38="-",0,H38*0.02) -> 55206 | O38: V.HƯỞNG | P38: =IF(O38="-",0,H38*0.01) -> 27603 | Q38: =H38*0.005 -> 13801.5 | R38: =IF(I38="V.Tân",H38*0.1375,IF(I38="nguyện",H38*0.1375,IF(I38="TOẢN",H38*0.1375,H38*0.17))) -> 469251
A39: 33 | B39: 02/07/2025 | C39: Nguyễn Thị Nuôi | E39: 62 | F39: Cắt lọc hoại tử hoại tử ổ loét vết thương mạn tính | G39: TT2 | H39: 2127400 | I39: HOAN | J39: =R39-L39-N39-P39-Q39 -> 223377 | K39: GIÀU | L39: =IF(K39="-",0,H39*0.03) -> 63822 | M39: HÀO | N39: =IF(M39="-",0,H39*0.02) -> 42548 | O39: V.HƯỞNG | P39: =IF(O39="-",0,H39*0.01) -> 21274 | Q39: =H39*0.005 -> 10637 | R39: =IF(I39="V.Tân",H39*0.1375,IF(I39="nguyện",H39*0.1375,IF(I39="TOẢN",H39*0.1375,H39*0.17))) -> 361658
A40: 34 | B40: 03/07/2025 | C40: Nguyễn Văn Tuấn | D40: 49 | F40: Cắt lọc hoại tử hoại tử ổ loét vết thương mạn tính | G40: TP | H40: 4221000 | I40: ĐIỀN | J40: =R40-L40-N40-P40-Q40 -> 443205 | K40: ĐAN | L40: =IF(K40="-",0,H40*0.03) -> 126630 | M40: Q.TẤN | N40: =IF(M40="-",0,H40*0.02) -> 84420 | O40: V.HƯỞNG | P40: =IF(O40="-",0,H40*0.01) -> 42210 | Q40: =H40*0.005 -> 21105 | R40: =IF(I40="V.Tân",H40*0.1375,IF(I40="nguyện",H40*0.1375,IF(I40="TOẢN",H40*0.1375,H40*0.17))) -> 717570
A41: 35 | B41: 03/07/2025 | C41: Lê Gia Khiêm | D41: 20 | F41: KHX trên màn hình tăng sáng | G41: TP | H41: 9972000 | I41: ĐIỀN | J41: =R41-L41-N41-P41-Q41 -> 1047060 | K41: ĐAN | L41: =IF(K41="-",0,H41*0.03) -> 299160 | M41: Q.TẤN | N41: =IF(M41="-",0,H41*0.02) -> 199440 | O41: V.HƯỞNG | P41: =IF(O41="-",0,H41*0.01) -> 99720 | Q41: =H41*0.005 -> 49860 | R41: =IF(I41="V.Tân",H41*0.1375,IF(I41="nguyện",H41*0.1375,IF(I41="TOẢN",H41*0.1375,H41*0.17))) -> 1695240
A42: 36 | B42: 03/07/2025 | C42: Đoàn Đức Trường | D42: 34 | F42: PT viêm xương | G42: TT2 | H42: 2760300 | I42: V.TÂN | J42: =R42-L42-N42-P42-Q42 -> 282930.75 | K42: ĐIỀN | L42: =IF(K42="-",0,H42*0.03) -> 82809 | M42: - | N42: =IF(M42="-",0,H42*0.02) -> 0 | O42: - | P42: =IF(O42="-",0,H42*0.01) -> 0 | Q42: =H42*0.005 -> 13801.5 | R42: =IF(I42="V.Tân",H42*0.1375,IF(I42="nguyện",H42*0.1375,IF(I42="TOẢN",H42*0.1375,H42*0.17))) -> 379541.25
A43: 37 | B43: 03/07/2025 | C43: Huỳnh Thị Nhung | E43: 73 | F43: PT cắt cụt chi | G43: TT2 | H43: 1947100 | I43: V.TÂN | J43: =R43-L43-N43-P43-Q43 -> 160635.75 | K43: NGUYÊN | L43: =IF(K43="-",0,H43*0.03) -> 58413 | M43: NHỊ | N43: =IF(M43="-",0,H43*0.02) -> 38942 | O43: - | P43: =IF(O43="-",0,H43*0.01) -> 0 | Q43: =H43*0.005 -> 9735.5 | R43: =IF(I43="V.Tân",H43*0.1375,IF(I43="nguyện",H43*0.1375,IF(I43="TOẢN",H43*0.1375,H43*0.17))) -> 267726.25
A44: 38 | B44: 03/07/2025 | C44: Lý Vủ Phong | D44: 34 | F44: Lấy DC KHX | G44: TT2 | H44: 2559100 | I44: ĐIỀN | J44: =R44-L44-N44-P44-Q44 -> 345478.5 | K44: Q.TẤN | L44: =IF(K44="-",0,H44*0.03) -> 76773 | M44: - | N44: =IF(M44="-",0,H44*0.02) -> 0 | O44: - | P44: =IF(O44="-",0,H44*0.01) -> 0 | Q44: =H44*0.005 -> 12795.5 | R44: =IF(I44="V.Tân",H44*0.1375,IF(I44="nguyện",H44*0.1375,IF(I44="TOẢN",H44*0.1375,H44*0.17))) -> 435047
A45: 39 | B45: 03/07/2025 | C45: Huỳnh Thúy Nga | E45: 59 | F45: Cố định cột sống thắt lưng | G45: TTDB | H45: 4201900 | I45: HOAN | J45: =R45-L45-N45-P45-Q45 -> 441199.5 | K45: GIÀU | L45: =IF(K45="-",0,H45*0.03) -> 126057 | M45: VINH | N45: =IF(M45="-",0,H45*0.02) -> 84038 | O45: HÀO | P45: =IF(O45="-",0,H45*0.01) -> 42019 | Q45: =H45*0.005 -> 21009.5 | R45: =IF(I45="V.Tân",H45*0.1375,IF(I45="nguyện",H45*0.1375,IF(I45="TOẢN",H45*0.1375,H45*0.17))) -> 714323
A46: 40 | B46: 03/07/2025 | C46: Đỗ Văn Dương | D46: 28 | F46: PTNS tái tạo dây chằng | G46: TTDB | H46: 3405500 | I46: TOẢN | J46: =R46-L46-N46-P46-Q46 -> 246898.75 | K46: VINH | L46: =IF(K46="-",0,H46*0.03) -> 102165 | M46: N.KHANG | N46: =IF(M46="-",0,H46*0.02) -> 68110 | O46: Q.TẤN | P46: =IF(O46="-",0,H46*0.01) -> 34055 | Q46: =H46*0.005 -> 17027.5 | R46: =IF(I46="V.Tân",H46*0.1375,IF(I46="nguyện",H46*0.1375,IF(I46="TOẢN",H46*0.1375,H46*0.17))) -> 468256.25
A47: 41 | B47: 04/07/2025 | C47: Huỳnh Thị Lụa | E47: 62 | F47: PT u thần kinh | G47: TT1 | H47: 2301200 | I47: HOAN | J47: =R47-L47-N47-P47-Q47 -> 264638 | K47: ĐIỀN | L47: =IF(K47="-",0,H47*0.03) -> 69036 | M47: HẬU | N47: =IF(M47="-",0,H47*0.02) -> 46024 | O47: - | P47: =IF(O47="-",0,H47*0.01) -> 0 | Q47: =H47*0.005 -> 11506 | R47: =IF(I47="V.Tân",H47*0.1375,IF(I47="nguyện",H47*0.1375,IF(I47="TOẢN",H47*0.1375,H47*0.17))) -> 391204
A48: 42 | B48: 04/07/2025 | C48: Huỳnh Thị Tôi | E48: 62 | F48: Cố định cột sống thắt lưng | G48: TTDB | H48: 4201900 | I48: HOAN | J48: =R48-L48-N48-P48-Q48 -> 441199.5 | K48: ĐIỀN | L48: =IF(K48="-",0,H48*0.03) -> 126057 | M48: NGUYÊN | N48: =IF(M48="-",0,H48*0.02) -> 84038 | O48: VINH | P48: =IF(O48="-",0,H48*0.01) -> 42019 | Q48: =H48*0.005 -> 21009.5 | R48: =IF(I48="V.Tân",H48*0.1375,IF(I48="nguyện",H48*0.1375,IF(I48="TOẢN",H48*0.1375,H48*0.17))) -> 714323
A49: 43 | B49: 04/07/2025 | C49: Nguyễn Văn Hùng | D49: 55 | F49: Cắt lọc hoại tử hoại tử ổ loét vết thương mạn tính | G49: TP | H49: 5000000 | I49: V.TÂN | J49: =R49-L49-N49-P49-Q49 -> 412500 | K49: HẬU | L49: =IF(K49="-",0,H49*0.03) -> 150000 | M49: NHỊ | N49: =IF(M49="-",0,H49*0.02) -> 100000 | O49: - | P49: =IF(O49="-",0,H49*0.01) -> 0 | Q49: =H49*0.005 -> 25000 | R49: =IF(I49="V.Tân",H49*0.1375,IF(I49="nguyện",H49*0.1375,IF(I49="TOẢN",H49*0.1375,H49*0.17))) -> 687500
A50: 44 | B50: 05/7/2025 | C50: Nguyễn Thị Thu Thủy | E50: 56 | F50: Lấy DC KHX | G50: TT2 | H50: 2559100 | I50: GIÀU | J50: =R50-L50-N50-P50-Q50 -> 268705.5 | K50: Q.TẤN | L50: =IF(K50="-",0,H50*0.03) -> 76773 | M50: HẬU | N50: =IF(M50="-",0,H50*0.02) -> 51182 | O50: V.HƯỞNG | P50: =IF(O50="-",0,H50*0.01) -> 25591 | Q50: =H50*0.005 -> 12795.5 | R50: =IF(I50="V.Tân",H50*0.1375,IF(I50="nguyện",H50*0.1375,IF(I50="TOẢN",H50*0.1375,H50*0.17))) -> 435047
A51: 45 | B51: 05/7/2025 | C51: TRỊNH VĂN TÚ | D51: 37 | F51: Lấy nhân đệm qua da | G51: TT1 | H51: 3796000 | I51: GIÀU | J51: =R51-L51-N51-P51-Q51 -> 398580 | K51: Q.TẤN | L51: =IF(K51="-",0,H51*0.03) -> 113880 | M51: V.HƯỞNG | N51: =IF(M51="-",0,H51*0.02) -> 75920 | O51: NHỊ | P51: =IF(O51="-",0,H51*0.01) -> 37960 | Q51: =H51*0.005 -> 18980 | R51: =IF(I51="V.Tân",H51*0.1375,IF(I51="nguyện",H51*0.1375,IF(I51="TOẢN",H51*0.1375,H51*0.17))) -> 645320
A52: 46 | B52: 06/7/2025 | C52: Nguyễn Thị Nuôi | E52: 62 | F52: Cắt lọc hoại tử hoại tử ổ loét vết thương mạn tính | G52: TT2 | H52: 2127400 | I52: HOAN | J52: =R52-L52-N52-P52-Q52 -> 223377 | K52: ĐIỀN | L52: =IF(K52="-",0,H52*0.03) -> 63822 | M52: V.TÂN | N52: =IF(M52="-",0,H52*0.02) -> 42548 | O52: NGUYÊN | P52: =IF(O52="-",0,H52*0.01) -> 21274 | Q52: =H52*0.005 -> 10637 | R52: =IF(I52="V.Tân",H52*0.1375,IF(I52="nguyện",H52*0.1375,IF(I52="TOẢN",H52*0.1375,H52*0.17))) -> 361658
A53: 47 | B53: 06/7/2025 | C53: Nguyễn Văn Chính | D53: 59 | F53: KHX trên màn hình tăng sáng | G53: TTDB | H53: 4497500 | I53: ĐIỀN | J53: =R53-L53-N53-P53-Q53 -> 472237.5 | K53: HẬU | L53: =IF(K53="-",0,H53*0.03) -> 134925 | M53: NHỊ | N53: =IF(M53="-",0,H53*0.02) -> 89950 | O53: NGUYÊN | P53: =IF(O53="-",0,H53*0.01) -> 44975 | Q53: =H53*0.005 -> 22487.5 | R53: =IF(I53="V.Tân",H53*0.1375,IF(I53="nguyện",H53*0.1375,IF(I53="TOẢN",H53*0.1375,H53*0.17))) -> 764575
A54: 48 | B54: 07/7/2025 | C54: Nguyễn Thị Yến Giang | E54: 24 | F54: KHX trên màn hình tăng sáng | G54: TTDB | H54: 4497500 | I54: V.TÂN | J54: =R54-L54-N54-P54-Q54 -> 326068.75 | K54: ĐẠT | L54: =IF(K54="-",0,H54*0.03) -> 134925 | M54: HÀO | N54: =IF(M54="-",0,H54*0.02) -> 89950 | O54: NGHĨA | P54: =IF(O54="-",0,H54*0.01) -> 44975 | Q54: =H54*0.005 -> 22487.5 | R54: =IF(I54="V.Tân",H54*0.1375,IF(I54="nguyện",H54*0.1375,IF(I54="TOẢN",H54*0.1375,H54*0.17))) -> 618406.25
A55: 49 | B55: 07/7/2025 | C55: Nguyễn Kim Thoa | E55: 15 | F55: KHX trên màn hình tăng sáng | G55: TTDB | H55: 4497500 | I55: HOAN | J55: =R55-L55-N55-P55-Q55 -> 472237.5 | K55: ĐẠT | L55: =IF(K55="-",0,H55*0.03) -> 134925 | M55: HẬU | N55: =IF(M55="-",0,H55*0.02) -> 89950 | O55: N.KHANG | P55: =IF(O55="-",0,H55*0.01) -> 44975 | Q55: =H55*0.005 -> 22487.5 | R55: =IF(I55="V.Tân",H55*0.1375,IF(I55="nguyện",H55*0.1375,IF(I55="TOẢN",H55*0.1375,H55*0.17))) -> 764575
A56: 50 | B56: 08/7/2025 | C56: Lê Phát Luật | D56: 17 | F56: Lấy dụng cụ | G56: TT2 | H56: 2559100 | I56: ĐIỀN | J56: =R56-L56-N56-P56-Q56 -> 268705.5 | K56: NGUYÊN | L56: =IF(K56="-",0,H56*0.03) -> 76773 | M56: ĐAN | N56: =IF(M56="-",0,H56*0.02) -> 51182 | O56: N.KHANG | P56: =IF(O56="-",0,H56*0.01) -> 25591 | Q56: =H56*0.005 -> 12795.5 | R56: =IF(I56="V.Tân",H56*0.1375,IF(I56="nguyện",H56*0.1375,IF(I56="TOẢN",H56*0.1375,H56*0.17))) -> 435047
A57: 51 | B57: 08/7/2025 | C57: Dư Minh Chiến | D57: 65 | F57: KHX trên màn hình tăng sáng | G57: TTDB | H57: 4497500 | I57: HOAN | J57: =R57-L57-N57-P57-Q57 -> 472237.5 | K57: MINH | L57: =IF(K57="-",0,H57*0.03) -> 134925 | M57: HẬU | N57: =IF(M57="-",0,H57*0.02) -> 89950 | O57: NHỊ | P57: =IF(O57="-",0,H57*0.01) -> 44975 | Q57: =H57*0.005 -> 22487.5 | R57: =IF(I57="V.Tân",H57*0.1375,IF(I57="nguyện",H57*0.1375,IF(I57="TOẢN",H57*0.1375,H57*0.17))) -> 764575
A58: 52 | B58: 08/7/2025 | C58: Lê Thị Ngọc Nhứt | E58: 37 | F58: KHX trên màn hình tăng sáng | G58: TTDB | H58: 4497500 | I58: TRIỀU | J58: =R58-L58-N58-P58-Q58 -> 472237.5 | K58: TOẢN | L58: =IF(K58="-",0,H58*0.03) -> 134925 | M58: ĐAN | N58: =IF(M58="-",0,H58*0.02) -> 89950 | O58: Q.TẤN | P58: =IF(O58="-",0,H58*0.01) -> 44975 | Q58: =H58*0.005 -> 22487.5 | R58: =IF(I58="V.Tân",H58*0.1375,IF(I58="nguyện",H58*0.1375,IF(I58="TOẢN",H58*0.1375,H58*0.17))) -> 764575
A59: 53 | B59: 08/7/2025 | C59: Phan Quốc Vĩnh | D59: 28 | F59: NS tái tạo dây chằng | G59: TTDB | H59: 3405500 | I59: TRIỀU | J59: =R59-L59-N59-P59-Q59 -> 357577.5 | K59: TOẢN | L59: =IF(K59="-",0,H59*0.03) -> 102165 | M59: ĐAN | N59: =IF(M59="-",0,H59*0.02) -> 68110 | O59: Q.TẤN | P59: =IF(O59="-",0,H59*0.01) -> 34055 | Q59: =H59*0.005 -> 17027.5 | R59: =IF(I59="V.Tân",H59*0.1375,IF(I59="nguyện",H59*0.1375,IF(I59="TOẢN",H59*0.1375,H59*0.17))) -> 578935
A60: 54 | B60: 08/7/2025 | C60: Thái Xuân Nghi | E60: 16 | F60: Lấy dụng cụ | G60: TT2 | H60: 2559100 | I60: ĐIỀN | J60: =R60-L60-N60-P60-Q60 -> 268705.5 | K60: HÀO | L60: =IF(K60="-",0,H60*0.03) -> 76773 | M60: Q.TẤN | N60: =IF(M60="-",0,H60*0.02) -> 51182 | O60: NGHĨA | P60: =IF(O60="-",0,H60*0.01) -> 25591 | Q60: =H60*0.005 -> 12795.5 | R60: =IF(I60="V.Tân",H60*0.1375,IF(I60="nguyện",H60*0.1375,IF(I60="TOẢN",H60*0.1375,H60*0.17))) -> 435047
A61: 55 | B61: 08/7/2025 | C61: Trần Hoàng Phi | D61: 39 | F61: NS tái tạo dây chằng | G61: TTDB | H61: 3405500 | I61: TOẢN | J61: =R61-L61-N61-P61-Q61 -> 246898.75 | K61: MINH | L61: =IF(K61="-",0,H61*0.03) -> 102165 | M61: ĐAN | N61: =IF(M61="-",0,H61*0.02) -> 68110 | O61: Q.TẤN | P61: =IF(O61="-",0,H61*0.01) -> 34055 | Q61: =H61*0.005 -> 17027.5 | R61: =IF(I61="V.Tân",H61*0.1375,IF(I61="nguyện",H61*0.1375,IF(I61="TOẢN",H61*0.1375,H61*0.17))) -> 468256.25
A62: 56 | B62: 08/7/2025 | C62: Hồ Văn Hùng | D62: 46 | F62: PT vết thương phần mềm đơn giản | G62: TP | H62: 3382000 | I62: ĐIỀN | J62: =R62-L62-N62-P62-Q62 -> 355110 | K62: HÀO | L62: =IF(K62="-",0,H62*0.03) -> 101460 | M62: Q.TẤN | N62: =IF(M62="-",0,H62*0.02) -> 67640 | O62: NGHĨA | P62: =IF(O62="-",0,H62*0.01) -> 33820 | Q62: =H62*0.005 -> 16910 | R62: =IF(I62="V.Tân",H62*0.1375,IF(I62="nguyện",H62*0.1375,IF(I62="TOẢN",H62*0.1375,H62*0.17))) -> 574940
A63: 57 | B63: 08/7/2025 | C63: Diệp Thị Tiến | E63: 72 | F63: Cắt lọc hoại tử hoại tử ổ loét vết thương mạn tính | G63: TT2 | H63: 2127400 | I63: ĐIỀN | J63: =R63-L63-N63-P63-Q63 -> 223377 | K63: Q.TẤN | L63: =IF(K63="-",0,H63*0.03) -> 63822 | M63: HÀO | N63: =IF(M63="-",0,H63*0.02) -> 42548 | O63: NGHĨA | P63: =IF(O63="-",0,H63*0.01) -> 21274 | Q63: =H63*0.005 -> 10637 | R63: =IF(I63="V.Tân",H63*0.1375,IF(I63="nguyện",H63*0.1375,IF(I63="TOẢN",H63*0.1375,H63*0.17))) -> 361658
A64: 58 | B64: 08/7/2025 | C64: HÀ THỊ BÍCH DUNG | D64: 50 | F64: NS tái tạo dây chằng | G64: TTDB | H64: 3405500 | I64: TOẢN | J64: =R64-L64-N64-P64-Q64 -> 246898.75 | K64: MINH | L64: =IF(K64="-",0,H64*0.03) -> 102165 | M64: ĐAN | N64: =IF(M64="-",0,H64*0.02) -> 68110 | O64: NHỊ | P64: =IF(O64="-",0,H64*0.01) -> 34055 | Q64: =H64*0.005 -> 17027.5 | R64: =IF(I64="V.Tân",H64*0.1375,IF(I64="nguyện",H64*0.1375,IF(I64="TOẢN",H64*0.1375,H64*0.17))) -> 468256.25
A65: 59 | B65: 08/7/2025 | C65: Đỗ Huy Cường | D65: 37 | F65: KHX trên màn hình tăng sáng | G65: TTDB | H65: 4497500 | I65: ĐIỀN | J65: =R65-L65-N65-P65-Q65 -> 472237.5 | K65: HẬU | L65: =IF(K65="-",0,H65*0.03) -> 134925 | M65: NGUYÊN | N65: =IF(M65="-",0,H65*0.02) -> 89950 | O65: ĐAN | P65: =IF(O65="-",0,H65*0.01) -> 44975 | Q65: =H65*0.005 -> 22487.5 | R65: =IF(I65="V.Tân",H65*0.1375,IF(I65="nguyện",H65*0.1375,IF(I65="TOẢN",H65*0.1375,H65*0.17))) -> 764575
A66: 60 | B66: 08/7/2025 | C66: PHẠM THỊ PHỤNG | E66: 65 | F66: KHX trên màn hình tăng sáng | G66: TP | H66: 9972000 | I66: GIÀU | J66: =R66-L66-N66-P66-Q66 -> 1047060 | K66: NGUYÊN | L66: =IF(K66="-",0,H66*0.03) -> 299160 | M66: HẬU | N66: =IF(M66="-",0,H66*0.02) -> 199440 | O66: NHỊ | P66: =IF(O66="-",0,H66*0.01) -> 99720 | Q66: =H66*0.005 -> 49860 | R66: =IF(I66="V.Tân",H66*0.1375,IF(I66="nguyện",H66*0.1375,IF(I66="TOẢN",H66*0.1375,H66*0.17))) -> 1695240
A67: 61 | B67: 09/7/2025 | C67: Võ Thị Tốt | E67: 62 | F67: Cắt u lành phần miềm đường kính dưới 10cm | G67: TT2 | H67: 859300 | I67: V.TÂN | J67: =R67-L67-N67-P67-Q67 -> 70892.25 | K67: VINH | L67: =IF(K67="-",0,H67*0.03) -> 25779 | M67: NHỊ | N67: =IF(M67="-",0,H67*0.02) -> 17186 | O67: - | P67: =IF(O67="-",0,H67*0.01) -> 0 | Q67: =H67*0.005 -> 4296.5 | R67: =IF(I67="V.Tân",H67*0.1375,IF(I67="nguyện",H67*0.1375,IF(I67="TOẢN",H67*0.1375,H67*0.17))) -> 118153.75
A68: 62 | B68: 09/7/2025 | C68: Phạm Thành Công | D68: 60 | F68: PTNS khâu chóp xoay | G68: TTDB | H68: 5397500 | I68: TOẢN | J68: =R68-L68-N68-P68-Q68 -> 553243.75 | K68: MINH | L68: =IF(K68="-",0,H68*0.03) -> 161925 | M68: - | N68: =IF(M68="-",0,H68*0.02) -> 0 | O68: - | P68: =IF(O68="-",0,H68*0.01) -> 0 | Q68: =H68*0.005 -> 26987.5 | R68: =IF(I68="V.Tân",H68*0.1375,IF(I68="nguyện",H68*0.1375,IF(I68="TOẢN",H68*0.1375,H68*0.17))) -> 742156.25
A69: 63 | B69: 09/7/2025 | C69: Dương Phước Xuyên | D69: 39 | F69: PTNS tái tạo dây chằng | G69: TTDB | H69: 3405500 | I69: MINH | J69: =R69-L69-N69-P69-Q69 -> 357577.5 | K69: TOẢN | L69: =IF(K69="-",0,H69*0.03) -> 102165 | M69: HẬU | N69: =IF(M69="-",0,H69*0.02) -> 68110 | O69: NHỊ | P69: =IF(O69="-",0,H69*0.01) -> 34055 | Q69: =H69*0.005 -> 17027.5 | R69: =IF(I69="V.Tân",H69*0.1375,IF(I69="nguyện",H69*0.1375,IF(I69="TOẢN",H69*0.1375,H69*0.17))) -> 578935
A70: 64 | B70: 09/7/2025 | C70: Phan Thị Yến | E70: 71 | F70: PT thay toàn bộ khớp gối | G70: TTDB | H70: 3525500 | I70: HOAN | J70: =R70-L70-N70-P70-Q70 -> 405432.5 | K70: ĐIỀN | L70: =IF(K70="-",0,H70*0.03) -> 105765 | M70: V.TÂN | N70: =IF(M70="-",0,H70*0.02) -> 70510 | O70: - | P70: =IF(O70="-",0,H70*0.01) -> 0 | Q70: =H70*0.005 -> 17627.5 | R70: =IF(I70="V.Tân",H70*0.1375,IF(I70="nguyện",H70*0.1375,IF(I70="TOẢN",H70*0.1375,H70*0.17))) -> 599335
A71: 65 | B71: 09/7/2025 | C71: Quách Thị Ngọc Sáng | E71: 40 | F71: Cắt lọc hoại tử hoại tử ổ loét vết thương mạn tính | G71: TT2 | H71: 2127400 | I71: GIÀU | J71: =R71-L71-N71-P71-Q71 -> 244651 | K71: HÀO | L71: =IF(K71="-",0,H71*0.03) -> 63822 | M71: Q.TẤN | N71: =IF(M71="-",0,H71*0.02) -> 42548 | O71: - | P71: =IF(O71="-",0,H71*0.01) -> 0 | Q71: =H71*0.005 -> 10637 | R71: =IF(I71="V.Tân",H71*0.1375,IF(I71="nguyện",H71*0.1375,IF(I71="TOẢN",H71*0.1375,H71*0.17))) -> 361658
A72: 66 | B72: 09/7/2025 | C72: Phan Văn Hải | D72: 57 | F72: Lấy DC KHX | G72: TT2 | H72: 2559100 | I72: HOAN | J72: =R72-L72-N72-P72-Q72 -> 294296.5 | K72: V.TÂN | L72: =IF(K72="-",0,H72*0.03) -> 76773 | M72: VINH | N72: =IF(M72="-",0,H72*0.02) -> 51182 | O72: - | P72: =IF(O72="-",0,H72*0.01) -> 0 | Q72: =H72*0.005 -> 12795.5 | R72: =IF(I72="V.Tân",H72*0.1375,IF(I72="nguyện",H72*0.1375,IF(I72="TOẢN",H72*0.1375,H72*0.17))) -> 435047
A73: 67 | B73: 09/7/2025 | C73: Phan Văn Hải | D73: 57 | F73: Lấy DC KHX (50%) | G73: TT2 | H73: 1279550 | I73: V.TÂN | J73: =R73-L73-N73-P73-Q73 -> 92767.375 | K73: HOAN | L73: =IF(K73="-",0,H73*0.03) -> 38386.5 | M73: VINH | N73: =IF(M73="-",0,H73*0.02) -> 25591 | O73: NHỊ | P73: =IF(O73="-",0,H73*0.01) -> 12795.5 | Q73: =H73*0.005 -> 6397.75 | R73: =IF(I73="V.Tân",H73*0.1375,IF(I73="nguyện",H73*0.1375,IF(I73="TOẢN",H73*0.1375,H73*0.17))) -> 175938.12
A74: 68 | B74: 10/7/2025 | C74: Mai Viết Anh Bằng | D74: 43 | F74: PT thay toàn bộ khớp gối | G74: TTDB | H74: 3525500 | I74: HOAN | J74: =R74-L74-N74-P74-Q74 -> 370177.5 | K74: V.TÂN | L74: =IF(K74="-",0,H74*0.03) -> 105765 | M74: Q.TẤN | N74: =IF(M74="-",0,H74*0.02) -> 70510 | O74: VINH | P74: =IF(O74="-",0,H74*0.01) -> 35255 | Q74: =H74*0.005 -> 17627.5 | R74: =IF(I74="V.Tân",H74*0.1375,IF(I74="nguyện",H74*0.1375,IF(I74="TOẢN",H74*0.1375,H74*0.17))) -> 599335
A75: 69 | B75: 10/7/2025 | C75: Huỳnh Thị Thu Hà | E75: 60 | F75: KHX trên màn hình tăng sáng | G75: TTDB | H75: 4497500 | I75: V.TÂN | J75: =R75-L75-N75-P75-Q75 -> 326068.75 | K75: ĐẠT | L75: =IF(K75="-",0,H75*0.03) -> 134925 | M75: NGUYÊN | N75: =IF(M75="-",0,H75*0.02) -> 89950 | O75: VINH | P75: =IF(O75="-",0,H75*0.01) -> 44975 | Q75: =H75*0.005 -> 22487.5 | R75: =IF(I75="V.Tân",H75*0.1375,IF(I75="nguyện",H75*0.1375,IF(I75="TOẢN",H75*0.1375,H75*0.17))) -> 618406.25
A76: 70 | B76: 10/7/2025 | C76: Lê Minh Thoàng | D76: 51 | F76: KHX trên màn hình tăng sáng | G76: TTDB | H76: 4497500 | I76: ĐIỀN | J76: =R76-L76-N76-P76-Q76 -> 472237.5 | K76: ĐẠT | L76: =IF(K76="-",0,H76*0.03) -> 134925 | M76: HÀO | N76: =IF(M76="-",0,H76*0.02) -> 89950 | O76: Q.TẤN | P76: =IF(O76="-",0,H76*0.01) -> 44975 | Q76: =H76*0.005 -> 22487.5 | R76: =IF(I76="V.Tân",H76*0.1375,IF(I76="nguyện",H76*0.1375,IF(I76="TOẢN",H76*0.1375,H76*0.17))) -> 764575
A77: 71 | B77: 10/7/2025 | C77: Lương Ngọc Hải | D77: 53 | F77: KHX trên màn hình tăng sáng | G77: TTDB | H77: 4497500 | I77: GIÀU | J77: =R77-L77-N77-P77-Q77 -> 472237.5 | K77: Q.TẤN | L77: =IF(K77="-",0,H77*0.03) -> 134925 | M77: VINH | N77: =IF(M77="-",0,H77*0.02) -> 89950 | O77: HÀO | P77: =IF(O77="-",0,H77*0.01) -> 44975 | Q77: =H77*0.005 -> 22487.5 | R77: =IF(I77="V.Tân",H77*0.1375,IF(I77="nguyện",H77*0.1375,IF(I77="TOẢN",H77*0.1375,H77*0.17))) -> 764575
A78: 72 | B78: 11/7/2025 | C78: Thạch Ngọc Tâm | D78: 49 | F78: Lấy nhân đệm qua da | G78: TP | H78: 8993000 | I78: GIÀU | J78: =R78-L78-N78-P78-Q78 -> 944265 | K78: Q.TẤN | L78: =IF(K78="-",0,H78*0.03) -> 269790 | M78: N.KHANG | N78: =IF(M78="-",0,H78*0.02) -> 179860 | O78: NHỊ | P78: =IF(O78="-",0,H78*0.01) -> 89930 | Q78: =H78*0.005 -> 44965 | R78: =IF(I78="V.Tân",H78*0.1375,IF(I78="nguyện",H78*0.1375,IF(I78="TOẢN",H78*0.1375,H78*0.17))) -> 1528810
A79: 73 | B79: 11/7/2025 | C79: Trịnh Quốc Đạt | D79: 15 | F79: KHX trên màn hình tăng sáng | G79: TTDB | H79: 4497500 | I79: GIÀU | J79: =R79-L79-N79-P79-Q79 -> 472237.5 | K79: VINH | L79: =IF(K79="-",0,H79*0.03) -> 134925 | M79: HÀO | N79: =IF(M79="-",0,H79*0.02) -> 89950 | O79: Q.TẤN | P79: =IF(O79="-",0,H79*0.01) -> 44975 | Q79: =H79*0.005 -> 22487.5 | R79: =IF(I79="V.Tân",H79*0.1375,IF(I79="nguyện",H79*0.1375,IF(I79="TOẢN",H79*0.1375,H79*0.17))) -> 764575
A80: 74 | B80: 11/7/2025 | C80: Nguyễn Thị Thành | E80: 68 | F80: Cố định cột sống thắt lưng | G80: TTDB | H80: 4201900 | I80: HOAN | J80: =R80-L80-N80-P80-Q80 -> 441199.5 | K80: HÀO | L80: =IF(K80="-",0,H80*0.03) -> 126057 | M80: Q.TẤN | N80: =IF(M80="-",0,H80*0.02) -> 84038 | O80: N.KHANG | P80: =IF(O80="-",0,H80*0.01) -> 42019 | Q80: =H80*0.005 -> 21009.5 | R80: =IF(I80="V.Tân",H80*0.1375,IF(I80="nguyện",H80*0.1375,IF(I80="TOẢN",H80*0.1375,H80*0.17))) -> 714323
A81: 75 | B81: 12/7/2025 | C81: Võ Anh Duy | D81: 21 | F81: KHX trên màn hình tăng sáng | G81: TTDB | H81: 4497500 | I81: V.TÂN | J81: =R81-L81-N81-P81-Q81 -> 326068.75 | K81: ĐẠT | L81: =IF(K81="-",0,H81*0.03) -> 134925 | M81: VINH | N81: =IF(M81="-",0,H81*0.02) -> 89950 | O81: NGHĨA | P81: =IF(O81="-",0,H81*0.01) -> 44975 | Q81: =H81*0.005 -> 22487.5 | R81: =IF(I81="V.Tân",H81*0.1375,IF(I81="nguyện",H81*0.1375,IF(I81="TOẢN",H81*0.1375,H81*0.17))) -> 618406.25
A82: 76 | B82: 12/7/2025 | C82: TRƯƠNG VĂN HOÁ | D82: 76 | F82: KHX trên màn hình tăng sáng | G82: TTDB | H82: 4497500 | I82: GIÀU | J82: =R82-L82-N82-P82-Q82 -> 472237.5 | K82: MINH | L82: =IF(K82="-",0,H82*0.03) -> 134925 | M82: Q.TẤN | N82: =IF(M82="-",0,H82*0.02) -> 89950 | O82: NHỊ | P82: =IF(O82="-",0,H82*0.01) -> 44975 | Q82: =H82*0.005 -> 22487.5 | R82: =IF(I82="V.Tân",H82*0.1375,IF(I82="nguyện",H82*0.1375,IF(I82="TOẢN",H82*0.1375,H82*0.17))) -> 764575
A83: 77 | B83: 12/7/2025 | C83: Nguyễn Trần Thế Vũ | D83: 48 | F83: Cắt lọc hoại tử hoại tử ổ loét vết thương mạn tính | G83: TT2 | H83: 2128200 | I83: V.TÂN | J83: =R83-L83-N83-P83-Q83 -> 281986.5 | K83: - | L83: =IF(K83="-",0,H83*0.03) -> 0 | M83: - | N83: =IF(M83="-",0,H83*0.02) -> 0 | O83: - | P83: =IF(O83="-",0,H83*0.01) -> 0 | Q83: =H83*0.005 -> 10641 | R83: =IF(I83="V.Tân",H83*0.1375,IF(I83="nguyện",H83*0.1375,IF(I83="TOẢN",H83*0.1375,H83*0.17))) -> 292627.5
A84: 78 | B84: 12/7/2025 | C84: Đặng Thu Nga | E84: 58 | F84: Cắt lọc hoại tử hoại tử ổ loét vết thương mạn tính | G84: TT2 | H84: 2128200 | I84: V.TÂN | J84: =R84-L84-N84-P84-Q84 -> 154294.5 | K84: ĐẠT | L84: =IF(K84="-",0,H84*0.03) -> 63846 | M84: VINH | N84: =IF(M84="-",0,H84*0.02) -> 42564 | O84: NGHĨA | P84: =IF(O84="-",0,H84*0.01) -> 21282 | Q84: =H84*0.005 -> 10641 | R84: =IF(I84="V.Tân",H84*0.1375,IF(I84="nguyện",H84*0.1375,IF(I84="TOẢN",H84*0.1375,H84*0.17))) -> 292627.5
A85: 79 | B85: 13/7/2015 | C85: Phạm Thị Nương | E85: 59 | F85: Cắt lọc hoại tử hoại tử ổ loét vết thương mạn tính | G85: TT2 | H85: 2128200 | I85: GIÀU | J85: =R85-L85-N85-P85-Q85 -> 244743 | K85: Q.TẤN | L85: =IF(K85="-",0,H85*0.03) -> 63846 | M85: N.KHANG | N85: =IF(M85="-",0,H85*0.02) -> 42564 | O85: - | P85: =IF(O85="-",0,H85*0.01) -> 0 | Q85: =H85*0.005 -> 10641 | R85: =IF(I85="V.Tân",H85*0.1375,IF(I85="nguyện",H85*0.1375,IF(I85="TOẢN",H85*0.1375,H85*0.17))) -> 361794
A86: 80 | B86: 13/7/2025 | C86: Nguyễn Văn Ngọc | D86: 54 | F86: KHX trên màn hình tăng sáng | G86: TTDB | H86: 4497500 | I86: GIÀU | J86: =R86-L86-N86-P86-Q86 -> 472237.5 | K86: HÀO | L86: =IF(K86="-",0,H86*0.03) -> 134925 | M86: Q.TẤN | N86: =IF(M86="-",0,H86*0.02) -> 89950 | O86: N.KHANG | P86: =IF(O86="-",0,H86*0.01) -> 44975 | Q86: =H86*0.005 -> 22487.5 | R86: =IF(I86="V.Tân",H86*0.1375,IF(I86="nguyện",H86*0.1375,IF(I86="TOẢN",H86*0.1375,H86*0.17))) -> 764575
A87: 81 | B87: 13/7/2025 | C87: Nguyễn Tích Điền | D87: 52 | F87: KHX trên màn hình tăng sáng | G87: TTDB | H87: 4497500 | I87: GIÀU | J87: =R87-L87-N87-P87-Q87 -> 472237.5 | K87: Q.TẤN | L87: =IF(K87="-",0,H87*0.03) -> 134925 | M87: HÀO | N87: =IF(M87="-",0,H87*0.02) -> 89950 | O87: N.KHANG | P87: =IF(O87="-",0,H87*0.01) -> 44975 | Q87: =H87*0.005 -> 22487.5 | R87: =IF(I87="V.Tân",H87*0.1375,IF(I87="nguyện",H87*0.1375,IF(I87="TOẢN",H87*0.1375,H87*0.17))) -> 764575
A88: 82 | B88: 13/7/2025 | C88: Nguyễn Văn Tuấn | D88: 49 | F88: PT cắt cụt chi | G88: TP | H88: 5942000 | I88: ĐIỀN | J88: =R88-L88-N88-P88-Q88 -> 623910 | K88: N.KHANG | L88: =IF(K88="-",0,H88*0.03) -> 178260 | M88: Q.TẤN | N88: =IF(M88="-",0,H88*0.02) -> 118840 | O88: HÀO | P88: =IF(O88="-",0,H88*0.01) -> 59420 | Q88: =H88*0.005 -> 29710 | R88: =IF(I88="V.Tân",H88*0.1375,IF(I88="nguyện",H88*0.1375,IF(I88="TOẢN",H88*0.1375,H88*0.17))) -> 1010140
A89: 83 | B89: 14/7/2025 | C89: Lâm Ngọc Quang | D89: 79 | F89: Cố định cột sống thắt lưng | G89: TTDB | H89: 4201900 | I89: HOAN | J89: =R89-L89-N89-P89-Q89 -> 441199.5 | K89: ĐIỀN | L89: =IF(K89="-",0,H89*0.03) -> 126057 | M89: ĐAN | N89: =IF(M89="-",0,H89*0.02) -> 84038 | O89: VINH | P89: =IF(O89="-",0,H89*0.01) -> 42019 | Q89: =H89*0.005 -> 21009.5 | R89: =IF(I89="V.Tân",H89*0.1375,IF(I89="nguyện",H89*0.1375,IF(I89="TOẢN",H89*0.1375,H89*0.17))) -> 714323
A90: 84 | B90: 14/7/2025 | C90: Nguyễn Thị Ngọc Thu | E90: 40 | F90: KHX trên màn hình tăng sáng | G90: TTDB | H90: 4497500 | I90: V.TÂN | J90: =R90-L90-N90-P90-Q90 -> 326068.75 | K90: ĐẠT | L90: =IF(K90="-",0,H90*0.03) -> 134925 | M90: ĐAN | N90: =IF(M90="-",0,H90*0.02) -> 89950 | O90: LỢI | P90: =IF(O90="-",0,H90*0.01) -> 44975 | Q90: =H90*0.005 -> 22487.5 | R90: =IF(I90="V.Tân",H90*0.1375,IF(I90="nguyện",H90*0.1375,IF(I90="TOẢN",H90*0.1375,H90*0.17))) -> 618406.25
A91: 85 | B91: 14/7/2025 | C91: Nguyễn Thị Kiều Diễm | E91: 38 | F91: Cố định cột sống thắt lưng | G91: TTDB | H91: 4201900 | I91: HOAN | J91: =R91-L91-N91-P91-Q91 -> 441199.5 | K91: GIÀU | L91: =IF(K91="-",0,H91*0.03) -> 126057 | M91: ĐAN | N91: =IF(M91="-",0,H91*0.02) -> 84038 | O91: VINH | P91: =IF(O91="-",0,H91*0.01) -> 42019 | Q91: =H91*0.005 -> 21009.5 | R91: =IF(I91="V.Tân",H91*0.1375,IF(I91="nguyện",H91*0.1375,IF(I91="TOẢN",H91*0.1375,H91*0.17))) -> 714323
A92: 86 | B92: 15/7/2025 | C92: Lê Thanh Tùng | D92: 34 | F92: Lấy dụng cụ KHX | G92: TT2 | H92: 2559100 | I92: HOAN | J92: =R92-L92-N92-P92-Q92 -> 345478.5 | K92: V.TÂN | L92: =IF(K92="-",0,H92*0.03) -> 76773 | M92: - | N92: =IF(M92="-",0,H92*0.02) -> 0 | O92: - | P92: =IF(O92="-",0,H92*0.01) -> 0 | Q92: =H92*0.005 -> 12795.5 | R92: =IF(I92="V.Tân",H92*0.1375,IF(I92="nguyện",H92*0.1375,IF(I92="TOẢN",H92*0.1375,H92*0.17))) -> 435047
A93: 87 | B93: 15/7/2025 | C93: Phạm Quảng Trường | D93: 35 | F93: KHX trên màn hình tăng sáng | G93: TTDB | H93: 4497500 | I93: GIÀU | J93: =R93-L93-N93-P93-Q93 -> 472237.5 | K93: HÀO | L93: =IF(K93="-",0,H93*0.03) -> 134925 | M93: VINH | N93: =IF(M93="-",0,H93*0.02) -> 89950 | O93: PHONG | P93: =IF(O93="-",0,H93*0.01) -> 44975 | Q93: =H93*0.005 -> 22487.5 | R93: =IF(I93="V.Tân",H93*0.1375,IF(I93="nguyện",H93*0.1375,IF(I93="TOẢN",H93*0.1375,H93*0.17))) -> 764575
A94: 88 | B94: 15/7/2025 | C94: Quách Thị Ngọc Sáng | E94: 40 | F94: PT vết thương PM đơn giản | G94: TT2 | H94: 1233000 | I94: GIÀU | J94: =R94-L94-N94-P94-Q94 -> 141795 | K94: Q.TẤN | L94: =IF(K94="-",0,H94*0.03) -> 36990 | M94: THANH | N94: =IF(M94="-",0,H94*0.02) -> 24660 | O94: - | P94: =IF(O94="-",0,H94*0.01) -> 0 | Q94: =H94*0.005 -> 6165 | R94: =IF(I94="V.Tân",H94*0.1375,IF(I94="nguyện",H94*0.1375,IF(I94="TOẢN",H94*0.1375,H94*0.17))) -> 209610
A95: 89 | B95: 15/7/2025 | C95: Lê Quang Ánh | D95: 61 | F95: PT thay toàn bộ khớp háng | G95: TTDB | H95: 3525500 | I95: HOAN | J95: =R95-L95-N95-P95-Q95 -> 370177.5 | K95: SƠN | L95: =IF(K95="-",0,H95*0.03) -> 105765 | M95: ĐẠT | N95: =IF(M95="-",0,H95*0.02) -> 70510 | O95: HÀO | P95: =IF(O95="-",0,H95*0.01) -> 35255 | Q95: =H95*0.005 -> 17627.5 | R95: =IF(I95="V.Tân",H95*0.1375,IF(I95="nguyện",H95*0.1375,IF(I95="TOẢN",H95*0.1375,H95*0.17))) -> 599335
A96: 90 | B96: 15/7/2025 | C96: Nguyễn Văn Thanh | D96: 60 | F96: Cố định cột sống thắt lưng | G96: TTDB | H96: 4201900 | I96: HOAN | J96: =R96-L96-N96-P96-Q96 -> 441199.5 | K96: ĐIỀN | L96: =IF(K96="-",0,H96*0.03) -> 126057 | M96: VINH | N96: =IF(M96="-",0,H96*0.02) -> 84038 | O96: HÀO | P96: =IF(O96="-",0,H96*0.01) -> 42019 | Q96: =H96*0.005 -> 21009.5 | R96: =IF(I96="V.Tân",H96*0.1375,IF(I96="nguyện",H96*0.1375,IF(I96="TOẢN",H96*0.1375,H96*0.17))) -> 714323
A97: 91 | B97: 15/7/2025 | C97: Phạm Thị Kiều Vân | E97: 33 | F97: Lấy dụng cụ KHX | G97: TT2 | H97: 2559100 | I97: GIÀU | J97: =R97-L97-N97-P97-Q97 -> 294296.5 | K97: VINH | L97: =IF(K97="-",0,H97*0.03) -> 76773 | M97: THANH | N97: =IF(M97="-",0,H97*0.02) -> 51182 | O97: - | P97: =IF(O97="-",0,H97*0.01) -> 0 | Q97: =H97*0.005 -> 12795.5 | R97: =IF(I97="V.Tân",H97*0.1375,IF(I97="nguyện",H97*0.1375,IF(I97="TOẢN",H97*0.1375,H97*0.17))) -> 435047
A98: 92 | B98: 16/7/2025 | C98: Nguyễn Thị Yến | E98: 50 | F98: Cố định cột sống và hàn liên thân đốt CSTL | G98: TTDB | H98: 4201900 | I98: HOAN | J98: =R98-L98-N98-P98-Q98 -> 441199.5 | K98: GIÀU | L98: =IF(K98="-",0,H98*0.03) -> 126057 | M98: HẬU | N98: =IF(M98="-",0,H98*0.02) -> 84038 | O98: KIỆT | P98: =IF(O98="-",0,H98*0.01) -> 42019 | Q98: =H98*0.005 -> 21009.5 | R98: =IF(I98="V.Tân",H98*0.1375,IF(I98="nguyện",H98*0.1375,IF(I98="TOẢN",H98*0.1375,H98*0.17))) -> 714323
A99: 93 | B99: 16/7/2025 | C99: Nguyễn Văn Tuấn | D99: 49 | F99: Cắt lọc + khâu vết thương | G99: TP | H99: 6000000 | I99: ĐIỀN | J99: =R99-L99-N99-P99-Q99 -> 690000 | K99: Q.TẤN | L99: =IF(K99="-",0,H99*0.03) -> 180000 | M99: ĐAN | N99: =IF(M99="-",0,H99*0.02) -> 120000 | O99: - | P99: =IF(O99="-",0,H99*0.01) -> 0 | Q99: =H99*0.005 -> 30000 | R99: =IF(I99="V.Tân",H99*0.1375,IF(I99="nguyện",H99*0.1375,IF(I99="TOẢN",H99*0.1375,H99*0.17))) -> 1020000
A100: 94 | B100: 16/7/2025 | C100: Phùng Bảo Trân | D100: 21 | F100: Lấy dụng cụ KHX | G100: TT2 | H100: 2559100 | I100: TOẢN | J100: =R100-L100-N100-P100-Q100 -> 211125.75 | K100: NGUYÊN | L100: =IF(K100="-",0,H100*0.03) -> 76773 | M100: ĐAN | N100: =IF(M100="-",0,H100*0.02) -> 51182 | O100: - | P100: =IF(O100="-",0,H100*0.01) -> 0 | Q100: =H100*0.005 -> 12795.5 | R100: =IF(I100="V.Tân",H100*0.1375,IF(I100="nguyện",H100*0.1375,IF(I100="TOẢN",H100*0.1375,H100*0.17))) -> 351876.25
A101: 95 | B101: 16/7/2025 | C101: La Thanh Tùng | D101: 51 | F101: PT cố định CS bằng vít qua cuống | G101: TTDB | H101: 4201900 | I101: HOAN | J101: =R101-L101-N101-P101-Q101 -> 441199.5 | K101: GIÀU | L101: =IF(K101="-",0,H101*0.03) -> 126057 | M101: HẬU | N101: =IF(M101="-",0,H101*0.02) -> 84038 | O101: Q.TẤN | P101: =IF(O101="-",0,H101*0.01) -> 42019 | Q101: =H101*0.005 -> 21009.5 | R101: =IF(I101="V.Tân",H101*0.1375,IF(I101="nguyện",H101*0.1375,IF(I101="TOẢN",H101*0.1375,H101*0.17))) -> 714323
...

Sheet lanh tien PT
A1: BV TRƯỜNG ĐHYD CẦN THƠ
A2: KHOA NGOẠI CTCH-TK
B3: DANH SÁCH LÃNH TIỀN THÙ LAO THÁNG 7/2025
C4: (Phẫu thuật)
A6: STT | B6: HỌ TÊN | C6: chức vụ | D6: SỐ TIỀN | E6: KÝ NHẬN
A7: 1 | B7: Phạm Việt Triều | C7: Bác sĩ | D7: =SUM(SUMIF(phauthuat!$I$7:$I$170,"TRIỀU",phauthuat!$J$7:$J$170),SUMIF(phauthuat!$K$7:$K$170,"TRIỀU",phauthuat!$L$7:$L$170),SUMIF(phauthuat!$M$7:$M$170,"TRIỀU",phauthuat!$N$7:$N$170),SUMIF(phauthuat!$O$7:$O$170,"TRIỀU",phauthuat!$P$7:$P$170))+1 -> 1915148.5
A8: 2 | B8: Nguyễn Thành Tấn | C8: Bác sĩ | D8: =SUM(SUMIF(phauthuat!$I$7:$I$170,"TẤN",phauthuat!$J$7:$J$170),SUMIF(phauthuat!$K$7:$K$170,"TẤN",phauthuat!$L$7:$L$170),SUMIF(phauthuat!$M$7:$M$170,"TẤN",phauthuat!$N$7:$N$170),SUMIF(phauthuat!$O$7:$O$170,"TẤN",phauthuat!$P$7:$P$170)) -> 2058712.5
A9: 3 | B9: Nguyễn Lê Hoan | C9: Bác sĩ | D9: =SUM(SUMIF(phauthuat!$I$7:$I$170,"HOAN",phauthuat!$J$7:$J$170),SUMIF(phauthuat!$K$7:$K$170,"HOAN",phauthuat!$L$7:$L$170),SUMIF(phauthuat!$M$7:$M$170,"HOAN",phauthuat!$N$7:$N$170),SUMIF(phauthuat!$O$7:$O$170,"Hoan",phauthuat!$P$7:$P$170)) -> 16389932
A10: 4 | B10: Nguyễn Chí Nguyện | C10: Bác sĩ | D10: =SUM(SUMIF(phauthuat!$I$7:$I$170,"NGUYỆN",phauthuat!$J$7:$J$170),SUMIF(phauthuat!$K$7:$K$170,"NGUYỆN",phauthuat!$L$7:$L$170),SUMIF(phauthuat!$M$7:$M$170,"NGUYỆN",phauthuat!$N$7:$N$170),SUMIF(phauthuat!$O$7:$O$170,"NGUYỆN",phauthuat!$P$7:$P$170)) -> 0
A11: 5 | B11: Đặng Phước Giàu | C11: Bác sĩ | D11: =SUM(SUMIF(phauthuat!$I$7:$I$170,"GIÀU",phauthuat!$J$7:$J$170),SUMIF(phauthuat!$K$7:$K$170,"GIÀU",phauthuat!$L$7:$L$170),SUMIF(phauthuat!$M$7:$M$170,"GIÀU",phauthuat!$N$7:$N$170),SUMIF(phauthuat!$O$7:$O$170,"GIÀU",phauthuat!$P$7:$P$170)) -> 19357086
A12: 6 | B12: Hồ Điền | C12: Bác sĩ | D12: =SUM(SUMIF(phauthuat!$I$7:$I$170,"ĐIỀN",phauthuat!$J$7:$J$170),SUMIF(phauthuat!$K$7:$K$170,"ĐIỀN",phauthuat!$L$7:$L$170),SUMIF(phauthuat!$M$7:$M$170,"ĐIỀN",phauthuat!$N$7:$N$170),SUMIF(phauthuat!$O$7:$O$170,"ĐIỀN",phauthuat!$P$7:$P$170)) -> 9595140
A13: 7 | B13: Trần Quốc Toản | C13: Bác sĩ | D13: =SUM(SUMIF(phauthuat!$I$7:$I$170,"TOẢN",phauthuat!$J$7:$J$170),SUMIF(phauthuat!$K$7:$K$170,"TOẢN",phauthuat!$L$7:$L$170),SUMIF(phauthuat!$M$7:$M$170,"TOẢN",phauthuat!$N$7:$N$170),SUMIF(phauthuat!$O$7:$O$170,"TOẢN",phauthuat!$P$7:$P$170)) -> 4744376.5
A14: 8 | B14: Phạm Việt Tân | C14: Bác sĩ | D14: =SUM(SUMIF(phauthuat!$I$7:$I$170,"V.TÂN",phauthuat!$J$7:$J$170),SUMIF(phauthuat!$K$7:$K$170,"V.TÂN",phauthuat!$L$7:$L$170),SUMIF(phauthuat!$M$7:$M$170,"V.TÂN",phauthuat!$N$7:$N$170),SUMIF(phauthuat!$O$7:$O$170,"V.TÂN",phauthuat!$P$7:$P$170)) -> 7444276.9
A15: 9 | B15: Bùi Công Minh | C15: Bác sĩ | D15: =SUM(SUMIF(phauthuat!$I$7:$I$170,"MINH",phauthuat!$J$7:$J$170),SUMIF(phauthuat!$K$7:$K$170,"MINH",phauthuat!$L$7:$L$170),SUMIF(phauthuat!$M$7:$M$170,"MINH",phauthuat!$N$7:$N$170),SUMIF(phauthuat!$O$7:$O$170,"MINH",phauthuat!$P$7:$P$170)) -> 5064677.5
A16: 10 | B16: Phan Văn Tuấn | C16: Bác sĩ | D16: =SUM(SUMIF(phauthuat!$I$7:$I$170,"TUẤN",phauthuat!$J$7:$J$170),SUMIF(phauthuat!$K$7:$K$170,"TUẤN",phauthuat!$L$7:$L$170),SUMIF(phauthuat!$M$7:$M$170,"TUẤN",phauthuat!$N$7:$N$170),SUMIF(phauthuat!$O$7:$O$170,"TUẤN",phauthuat!$P$7:$P$170)) -> 0
A17: 11 | B17: Nguyễn Hữu Đạt | C17: Bác sĩ | D17: =SUM(SUMIF(phauthuat!$I$7:$I$170,"Đạt",phauthuat!$J$7:$J$170),SUMIF(phauthuat!$K$7:$K$170,"Đạt",phauthuat!$L$7:$L$170),SUMIF(phauthuat!$M$7:$M$170,"Đạt",phauthuat!$N$7:$N$170),SUMIF(phauthuat!$O$7:$O$170,"Đạt",phauthuat!$P$7:$P$170)) -> 1795113
A18: 12 | B18: Trần Quang Sơn | C18: Bác sĩ | D18: =SUM(SUMIF(phauthuat!$I$7:$I$170,"sơn",phauthuat!$J$7:$J$170),SUMIF(phauthuat!$K$7:$K$170,"sơn",phauthuat!$L$7:$L$170),SUMIF(phauthuat!$M$7:$M$170,"sơn",phauthuat!$N$7:$N$170),SUMIF(phauthuat!$O$7:$O$170,"sơn",phauthuat!$P$7:$P$170)) -> 884032.5
A19: 13 | B19: Điều Tấn Kiệt | C19: Bác sĩ (nt) | D19: =SUM(SUMIF(phauthuat!$I$7:$I$170,"kiệt",phauthuat!$J$7:$J$170),SUMIF(phauthuat!$K$7:$K$170,"kiệt",phauthuat!$L$7:$L$170),SUMIF(phauthuat!$M$7:$M$170,"kiệt",phauthuat!$N$7:$N$170),SUMIF(phauthuat!$O$7:$O$170,"kiệt",phauthuat!$P$7:$P$170)) -> 912891
A20: 14 | B20: Nguyễn Lê Duy Phong | C20: Bác sĩ (nt) | D20: =SUM(SUMIF(phauthuat!$I$7:$I$170,"phong",phauthuat!$J$7:$J$170),SUMIF(phauthuat!$K$7:$K$170,"phong",phauthuat!$L$7:$L$170),SUMIF(phauthuat!$M$7:$M$170,"phong",phauthuat!$N$7:$N$170),SUMIF(phauthuat!$O$7:$O$170,"phong",phauthuat!$P$7:$P$170)) -> 571089
A21: 15 | B21: Trương Đại Lợi | C21: Bác sĩ (nt) | D21: =SUM(SUMIF(phauthuat!$I$7:$I$170,"lợi",phauthuat!$J$7:$J$170),SUMIF(phauthuat!$K$7:$K$170,"lợi",phauthuat!$L$7:$L$170),SUMIF(phauthuat!$M$7:$M$170,"lợi",phauthuat!$N$7:$N$170),SUMIF(phauthuat!$O$7:$O$170,"lợi",phauthuat!$P$7:$P$170)) -> 477401
A22: 16 | B22: Nguyễn Chí Thanh | C22: Bác sĩ (nt) | D22: =SUM(SUMIF(phauthuat!$I$7:$I$170,"thanh",phauthuat!$J$7:$J$170),SUMIF(phauthuat!$K$7:$K$170,"thanh",phauthuat!$L$7:$L$170),SUMIF(phauthuat!$M$7:$M$170,"thanh",phauthuat!$N$7:$N$170),SUMIF(phauthuat!$O$7:$O$170,"thanh",phauthuat!$P$7:$P$170)) -> 490228
A23: 17 | B23: Nguyễn Trung Nhị | C23: Bác sĩ (nt) | D23: =SUM(SUMIF(phauthuat!$I$7:$I$170,"nhị",phauthuat!$J$7:$J$170),SUMIF(phauthuat!$K$7:$K$170,"nhị",phauthuat!$L$7:$L$170),SUMIF(phauthuat!$M$7:$M$170,"nhị",phauthuat!$N$7:$N$170),SUMIF(phauthuat!$O$7:$O$170,"nhị",phauthuat!$P$7:$P$170)) -> 989496.5
A24: 18 | B24: Trần Trung Nghĩa | C24: Bác sĩ (nt) | D24: =SUM(SUMIF(phauthuat!$I$7:$I$170,"nghĩa",phauthuat!$J$7:$J$170),SUMIF(phauthuat!$K$7:$K$170,"nghĩa",phauthuat!$L$7:$L$170),SUMIF(phauthuat!$M$7:$M$170,"nghĩa",phauthuat!$N$7:$N$170),SUMIF(phauthuat!$O$7:$O$170,"nghĩa",phauthuat!$P$7:$P$170)) -> 616467
A25: 19 | B25: Lê Nhỉ Khang | C25: Bác sĩ (nt) | D25: =SUM(SUMIF(phauthuat!$I$7:$I$170,"n.khang",phauthuat!$J$7:$J$170),SUMIF(phauthuat!$K$7:$K$170,"n.khang",phauthuat!$L$7:$L$170),SUMIF(phauthuat!$M$7:$M$170,"n.khang",phauthuat!$N$7:$N$170),SUMIF(phauthuat!$O$7:$O$170,"n.khang",phauthuat!$P$7:$P$170)) -> 767486
A26: 20 | B26: Phạm Văn Hưởng | C26: Bác sĩ (nt) | D26: =SUM(SUMIF(phauthuat!$I$7:$I$170,"v.hưởng",phauthuat!$J$7:$J$170),SUMIF(phauthuat!$K$7:$K$170,"v.hưởng",phauthuat!$L$7:$L$170),SUMIF(phauthuat!$M$7:$M$170,"v.hưởng",phauthuat!$N$7:$N$170),SUMIF(phauthuat!$O$7:$O$170,"v.hưởng",phauthuat!$P$7:$P$170)) -> 767445
A27: 21 | B27: Nguyễn Trần Khánh Đan | C27: Bác sĩ (nt) | D27: =SUM(SUMIF(phauthuat!$I$7:$I$170,"ĐAN",phauthuat!$J$7:$J$170),SUMIF(phauthuat!$K$7:$K$170,"ĐAN",phauthuat!$L$7:$L$170),SUMIF(phauthuat!$M$7:$M$170,"ĐAN",phauthuat!$N$7:$N$170),SUMIF(phauthuat!$O$7:$O$170,"ĐAN",phauthuat!$P$7:$P$170)) -> 3265800.5
A28: 22 | B28: Phạm Công Hậu | C28: Bác sĩ (nt) | D28: =SUM(SUMIF(phauthuat!$I$7:$I$170,"HẬU",phauthuat!$J$7:$J$170),SUMIF(phauthuat!$K$7:$K$170,"HẬU",phauthuat!$L$7:$L$170),SUMIF(phauthuat!$M$7:$M$170,"HẬU",phauthuat!$N$7:$N$170),SUMIF(phauthuat!$O$7:$O$170,"HẬU",phauthuat!$P$7:$P$170)) -> 3062417
A29: 23 | B29: Trang Gia Vinh | C29: Bác sĩ (nt) | D29: =SUM(SUMIF(phauthuat!$I$7:$I$170,"VINH",phauthuat!$J$7:$J$170),SUMIF(phauthuat!$K$7:$K$170,"VINH",phauthuat!$L$7:$L$170),SUMIF(phauthuat!$M$7:$M$170,"VINH",phauthuat!$N$7:$N$170),SUMIF(phauthuat!$O$7:$O$170,"VINH",phauthuat!$P$7:$P$170)) -> 2571218
A30: 24 | B30: Bùi Quan Tấn | C30: Bác sĩ (nt) | D30: =SUM(SUMIF(phauthuat!$I$7:$I$170,"Q.TẤN",phauthuat!$J$7:$J$170),SUMIF(phauthuat!$K$7:$K$170,"Q.TẤN",phauthuat!$L$7:$L$170),SUMIF(phauthuat!$M$7:$M$170,"Q.TẤN",phauthuat!$N$7:$N$170),SUMIF(phauthuat!$O$7:$O$170,"Q.TẤN",phauthuat!$P$7:$P$170)) -> 5843198.1
A31: 25 | B31: Tào Nhật Hào | C31: Bác sĩ (nt) | D31: =SUM(SUMIF(phauthuat!$I$7:$I$170,"HÀO",phauthuat!$J$7:$J$170),SUMIF(phauthuat!$K$7:$K$170,"HÀO",phauthuat!$L$7:$L$170),SUMIF(phauthuat!$M$7:$M$170,"HÀO",phauthuat!$N$7:$N$170),SUMIF(phauthuat!$O$7:$O$170,"HÀO",phauthuat!$P$7:$P$170)) -> 2212316
A32: 26 | B32: Huỳnh Phúc Nguyên | C32: Bác sĩ (nt) | D32: =SUM(SUMIF(phauthuat!$I$7:$I$170,"NGUYÊN",phauthuat!$J$7:$J$170),SUMIF(phauthuat!$K$7:$K$170,"NGUYÊN",phauthuat!$L$7:$L$170),SUMIF(phauthuat!$M$7:$M$170,"NGUYÊN",phauthuat!$N$7:$N$170),SUMIF(phauthuat!$O$7:$O$170,"NGUYÊN",phauthuat!$P$7:$P$170)) -> 2295123.8
A33: 27 | B33: Phan Văn Hiếu | C33: Điều dưỡng | D33: =phauthuat!Q168/9 -> 330485.43
A34: 28 | B34: Võ Thị Yến Nhi | C34: Điều dưỡng | D34: =D33 -> 330485.43
A35: 29 | B35: Võ Phương Duy | C35: Điều dưỡng | D35: =D34 -> 330485.43
A36: 30 | B36: Nguyễn Kim Ngân | C36: Điều dưỡng | D36: =D35 -> 330485.43
A37: 31 | B37: Lê Ngọc Diệu | C37: Điều dưỡng | D37: =D36 -> 330485.43
A38: 32 | B38: Trần Quỳnh Minh Thư | C38: Điều dưỡng | D38: =D37 -> 330485.43
A39: 33 | B39: Lê Thị Tuyết Đoan | C39: Điều dưỡng | D39: -
A40: 34 | B40: Thạch Thị Thúy Đa | C40: Điều dưỡng | D40: =D38 -> 330485.43
A41: 35 | B41: Lê Kim Hoàn | C41: Điều dưỡng | D41: =D40 -> 330485.43
A42: 36 | B42: Nguyễn Lê Duy Anh | C42: Điều dưỡng | D42: =D41 -> 330485.43
B43: TỔNG CỘNG | D43: =SUM(D7:D42) -> 97065441
D45: Cần Thơ, ngày 25 tháng 8 năm 2025
A46: Người lập bảng | D46: Trưởng khoa

Sheet phauthuat_BHYT
A1: BV TRƯỜNG ĐHYD CẦN THƠ
A2: KHOA NGOẠI CTCH-TK
B3: BẢNG KÊ TIỀN PHẪU THUẬT BHYT
A4: (THÁNG 7/2025)
A7: STT | B7: Ngày | C7: Họ và tên | D7: Nam | E7: Nữ | F7: Phương pháp phẫu thuật | G7: loại pt - đối tượng | H7: PTV chính | I7: Số tiền | J7: Phụ mổ 1 | K7: Số tiền | L7: Phụ mổ 2 | M7: Số tiền | N7: Tổng số tiền được lãnh sau trừ khấu hao
A8: 1 | B8: 20/6/2025 | C8: Nguyễn Thị Nuôi | E8: 62 | F8: Cố định cột sống | G8: TTDB | H8: HOAN | I8: =IF(G8="DTDB",420000,IF(G8="TTDB",420000,IF(G8="DT1",187500,IF(G8="TT1",187500,IF(G8="DT2",97500,IF(G8="TT2",97500,IF(G8="DT3",75000,75000))))))) -> 420000 | J8: ĐIỀN | K8: =IF(G8="DTDB",300000,IF(G8="TTDB",300000,IF(G8="DT1",135000,IF(G8="TT1",135000,IF(G8="DT2",75000,IF(G8="TT2",75000,IF(G8="DT3",45000,45000))))))) -> 300000 | L8: ĐAN | M8: =IF(L8="-",0,IF(G8="DTDB",300000,IF(G8="TTDB",300000,IF(G8="DT1",135000,IF(G8="TT1",135000,IF(G8="DT2",75000,IF(G8="TT2",75000,IF(G8="DT3",45000,45000)))))))) -> 300000 | N8: =I8+K8+M8 -> 1020000
A9: 2 | B9: 24/6/2025 | C9: Lê Văn Bé Tám | D9: 56 | F9: PTNS cắt hoạt mạc viêm khớp gối | G9: DT1 | H9: TOẢN | I9: =IF(G9="DTDB",420000,IF(G9="TTDB",420000,IF(G9="DT1",187500,IF(G9="TT1",187500,IF(G9="DT2",97500,IF(G9="TT2",97500,IF(G9="DT3",75000,75000))))))) -> 187500 | J9: V.TÂN | K9: =IF(G9="DTDB",300000,IF(G9="TTDB",300000,IF(G9="DT1",135000,IF(G9="TT1",135000,IF(G9="DT2",75000,IF(G9="TT2",75000,IF(G9="DT3",45000,45000))))))) -> 135000 | L9: - | M9: =IF(L9="-",0,IF(G9="DTDB",300000,IF(G9="TTDB",300000,IF(G9="DT1",135000,IF(G9="TT1",135000,IF(G9="DT2",75000,IF(G9="TT2",75000,IF(G9="DT3",45000,45000)))))))) -> 0 | N9: =I9+K9+M9 -> 322500
A10: 3 | B10: 26/6/2025 | C10: Nguyễn Thị Bé Tư | E10: 70 | F10: Bơm cement tạo hình thân sống | G10: TTDB | H10: HOAN | I10: =IF(G10="DTDB",420000,IF(G10="TTDB",420000,IF(G10="DT1",187500,IF(G10="TT1",187500,IF(G10="DT2",97500,IF(G10="TT2",97500,IF(G10="DT3",75000,75000))))))) -> 420000 | J10: NGHĨA | K10: =IF(G10="DTDB",300000,IF(G10="TTDB",300000,IF(G10="DT1",135000,IF(G10="TT1",135000,IF(G10="DT2",75000,IF(G10="TT2",75000,IF(G10="DT3",45000,45000))))))) -> 300000 | L10: ĐAN | M10: =IF(L10="-",0,IF(G10="DTDB",300000,IF(G10="TTDB",300000,IF(G10="DT1",135000,IF(G10="TT1",135000,IF(G10="DT2",75000,IF(G10="TT2",75000,IF(G10="DT3",45000,45000)))))))) -> 300000 | N10: =I10+K10+M10 -> 1020000
A11: 4 | B11: 26/6/2025 | C11: Cao Văn Phụ | D11: 55 | F11: PTNS khâu chóp xoay | G11: DTDB | H11: TOẢN | I11: =IF(G11="DTDB",420000,IF(G11="TTDB",420000,IF(G11="DT1",187500,IF(G11="TT1",187500,IF(G11="DT2",97500,IF(G11="TT2",97500,IF(G11="DT3",75000,75000))))))) -> 420000 | J11: NGUYÊN | K11: =IF(G11="DTDB",300000,IF(G11="TTDB",300000,IF(G11="DT1",135000,IF(G11="TT1",135000,IF(G11="DT2",75000,IF(G11="TT2",75000,IF(G11="DT3",45000,45000))))))) -> 300000 | L11: NHỊ | M11: =IF(L11="-",0,IF(G11="DTDB",300000,IF(G11="TTDB",300000,IF(G11="DT1",135000,IF(G11="TT1",135000,IF(G11="DT2",75000,IF(G11="TT2",75000,IF(G11="DT3",45000,45000)))))))) -> 300000 | N11: =I11+K11+M11 -> 1020000
A12: 5 | B12: 26/6/2025 | C12: Bùi Kim Ngoạt | D12: 77 | F12: PT thay toàn bộ khớp gối | G12: TTDB | H12: HOAN | I12: =IF(G12="DTDB",420000,IF(G12="TTDB",420000,IF(G12="DT1",187500,IF(G12="TT1",187500,IF(G12="DT2",97500,IF(G12="TT2",97500,IF(G12="DT3",75000,75000))))))) -> 420000 | J12: V.TÂN | K12: =IF(G12="DTDB",300000,IF(G12="TTDB",300000,IF(G12="DT1",135000,IF(G12="TT1",135000,IF(G12="DT2",75000,IF(G12="TT2",75000,IF(G12="DT3",45000,45000))))))) -> 300000 | L12: ĐAN | M12: =IF(L12="-",0,IF(G12="DTDB",300000,IF(G12="TTDB",300000,IF(G12="DT1",135000,IF(G12="TT1",135000,IF(G12="DT2",75000,IF(G12="TT2",75000,IF(G12="DT3",45000,45000)))))))) -> 300000 | N12: =I12+K12+M12 -> 1020000
A13: 6 | B13: 27/06/2025 | C13: Nguyễn Thành Đạt | D13: 35 | F13: Cắt u đường kính >10cm | G13: TT1 | H13: ĐIỀN | I13: =IF(G13="DTDB",420000,IF(G13="TTDB",420000,IF(G13="DT1",187500,IF(G13="TT1",187500,IF(G13="DT2",97500,IF(G13="TT2",97500,IF(G13="DT3",75000,75000))))))) -> 187500 | J13: NGHĨA | K13: =IF(G13="DTDB",300000,IF(G13="TTDB",300000,IF(G13="DT1",135000,IF(G13="TT1",135000,IF(G13="DT2",75000,IF(G13="TT2",75000,IF(G13="DT3",45000,45000))))))) -> 135000 | L13: NHỊ | M13: =IF(L13="-",0,IF(G13="DTDB",300000,IF(G13="TTDB",300000,IF(G13="DT1",135000,IF(G13="TT1",135000,IF(G13="DT2",75000,IF(G13="TT2",75000,IF(G13="DT3",45000,45000)))))))) -> 135000 | N13: =I13+K13+M13 -> 457500
A14: 7 | B14: 28/06/2025 | C14: Nguyễn Tấn Thành | D14: 38 | F14: PT điều trị đứt gân Achille | G14: TTDB | H14: V.TÂN | I14: =IF(G14="DTDB",420000,IF(G14="TTDB",420000,IF(G14="DT1",187500,IF(G14="TT1",187500,IF(G14="DT2",97500,IF(G14="TT2",97500,IF(G14="DT3",75000,75000))))))) -> 420000 | J14: NGUYÊN | K14: =IF(G14="DTDB",300000,IF(G14="TTDB",300000,IF(G14="DT1",135000,IF(G14="TT1",135000,IF(G14="DT2",75000,IF(G14="TT2",75000,IF(G14="DT3",45000,45000))))))) -> 300000 | L14: NGHĨA | M14: =IF(L14="-",0,IF(G14="DTDB",300000,IF(G14="TTDB",300000,IF(G14="DT1",135000,IF(G14="TT1",135000,IF(G14="DT2",75000,IF(G14="TT2",75000,IF(G14="DT3",45000,45000)))))))) -> 300000 | N14: =I14+K14+M14 -> 1020000
A15: 8 | B15: 28/06/2025 | C15: Huỳnh Văn Hoàng | D15: 69 | F15: PT thay toàn bộ khớp gối | G15: TTDB | H15: TẤN | I15: =IF(G15="DTDB",420000,IF(G15="TTDB",420000,IF(G15="DT1",187500,IF(G15="TT1",187500,IF(G15="DT2",97500,IF(G15="TT2",97500,IF(G15="DT3",75000,75000))))))) -> 420000 | J15: TOẢN | K15: =IF(G15="DTDB",300000,IF(G15="TTDB",300000,IF(G15="DT1",135000,IF(G15="TT1",135000,IF(G15="DT2",75000,IF(G15="TT2",75000,IF(G15="DT3",45000,45000))))))) -> 300000 | L15: GIÀU | M15: =IF(L15="-",0,IF(G15="DTDB",300000,IF(G15="TTDB",300000,IF(G15="DT1",135000,IF(G15="TT1",135000,IF(G15="DT2",75000,IF(G15="TT2",75000,IF(G15="DT3",45000,45000)))))))) -> 300000 | N15: =I15+K15+M15 -> 1020000
A16: 9 | B16: 28/06/2025 | C16: Phạm Thị Minh Nghĩa | E16: 50 | F16: PT KHX trên màn hình tăng sáng | G16: TTDB | H16: TẤN | I16: =IF(G16="DTDB",420000,IF(G16="TTDB",420000,IF(G16="DT1",187500,IF(G16="TT1",187500,IF(G16="DT2",97500,IF(G16="TT2",97500,IF(G16="DT3",75000,75000))))))) -> 420000 | J16: TOẢN | K16: =IF(G16="DTDB",300000,IF(G16="TTDB",300000,IF(G16="DT1",135000,IF(G16="TT1",135000,IF(G16="DT2",75000,IF(G16="TT2",75000,IF(G16="DT3",45000,45000))))))) -> 300000 | L16: GIÀU | M16: =IF(L16="-",0,IF(G16="DTDB",300000,IF(G16="TTDB",300000,IF(G16="DT1",135000,IF(G16="TT1",135000,IF(G16="DT2",75000,IF(G16="TT2",75000,IF(G16="DT3",45000,45000)))))))) -> 300000 | N16: =I16+K16+M16 -> 1020000
A17: 10 | B17: 28/06/2025 | C17: Nguyễn Ngọc Hiếu | D17: 20 | F17: PT KHX trên màn hình tăng sáng | G17: TTDB | H17: TOẢN | I17: =IF(G17="DTDB",420000,IF(G17="TTDB",420000,IF(G17="DT1",187500,IF(G17="TT1",187500,IF(G17="DT2",97500,IF(G17="TT2",97500,IF(G17="DT3",75000,75000))))))) -> 420000 | J17: GIÀU | K17: =IF(G17="DTDB",300000,IF(G17="TTDB",300000,IF(G17="DT1",135000,IF(G17="TT1",135000,IF(G17="DT2",75000,IF(G17="TT2",75000,IF(G17="DT3",45000,45000))))))) -> 300000 | L17: ĐAN | M17: =IF(L17="-",0,IF(G17="DTDB",300000,IF(G17="TTDB",300000,IF(G17="DT1",135000,IF(G17="TT1",135000,IF(G17="DT2",75000,IF(G17="TT2",75000,IF(G17="DT3",45000,45000)))))))) -> 300000 | N17: =I17+K17+M17 -> 1020000
A18: 11 | B18: 28/06/2025 | C18: Tăng Thị Kim Xoàn | E18: 67 | F18: PT KHX trên màn hình tăng sáng | G18: TTDB | H18: GIÀU | I18: =IF(G18="DTDB",420000,IF(G18="TTDB",420000,IF(G18="DT1",187500,IF(G18="TT1",187500,IF(G18="DT2",97500,IF(G18="TT2",97500,IF(G18="DT3",75000,75000))))))) -> 420000 | J18: HÀO | K18: =IF(G18="DTDB",300000,IF(G18="TTDB",300000,IF(G18="DT1",135000,IF(G18="TT1",135000,IF(G18="DT2",75000,IF(G18="TT2",75000,IF(G18="DT3",45000,45000))))))) -> 300000 | L18: HẬU | M18: =IF(L18="-",0,IF(G18="DTDB",300000,IF(G18="TTDB",300000,IF(G18="DT1",135000,IF(G18="TT1",135000,IF(G18="DT2",75000,IF(G18="TT2",75000,IF(G18="DT3",45000,45000)))))))) -> 300000 | N18: =I18+K18+M18 -> 1020000
A19: 12 | B19: 28/06/2025 | C19: NGUYỄN THỊ TRÚC KHOA | E19: 31 | F19: PT lấy đĩa đệm CSTL qua da | G19: TT1 | H19: GIÀU | I19: =IF(G19="DTDB",420000,IF(G19="TTDB",420000,IF(G19="DT1",187500,IF(G19="TT1",187500,IF(G19="DT2",97500,IF(G19="TT2",97500,IF(G19="DT3",75000,75000))))))) -> 187500 | J19: Q.TẤN | K19: =IF(G19="DTDB",300000,IF(G19="TTDB",300000,IF(G19="DT1",135000,IF(G19="TT1",135000,IF(G19="DT2",75000,IF(G19="TT2",75000,IF(G19="DT3",45000,45000))))))) -> 135000 | L19: VINH | M19: =IF(L19="-",0,IF(G19="DTDB",300000,IF(G19="TTDB",300000,IF(G19="DT1",135000,IF(G19="TT1",135000,IF(G19="DT2",75000,IF(G19="TT2",75000,IF(G19="DT3",45000,45000)))))))) -> 135000 | N19: =I19+K19+M19 -> 457500
A20: 13 | B20: 30/6/2025 | C20: Lê Văn Đô | D20: 40 | F20: PT KHX trên màn hình tăng sáng | G20: TTDB | H20: TOẢN | I20: =IF(G20="DTDB",420000,IF(G20="TTDB",420000,IF(G20="DT1",187500,IF(G20="TT1",187500,IF(G20="DT2",97500,IF(G20="TT2",97500,IF(G20="DT3",75000,75000))))))) -> 420000 | J20: VINH | K20: =IF(G20="DTDB",300000,IF(G20="TTDB",300000,IF(G20="DT1",135000,IF(G20="TT1",135000,IF(G20="DT2",75000,IF(G20="TT2",75000,IF(G20="DT3",45000,45000))))))) -> 300000 | L20: HẬU | M20: =IF(L20="-",0,IF(G20="DTDB",300000,IF(G20="TTDB",300000,IF(G20="DT1",135000,IF(G20="TT1",135000,IF(G20="DT2",75000,IF(G20="TT2",75000,IF(G20="DT3",45000,45000)))))))) -> 300000 | N20: =I20+K20+M20 -> 1020000
A21: 14 | B21: 30/6/2025 | C21: Lâm Kim Ngân | E21: 52 | F21: PT KHX trên màn hình tăng sáng | G21: TTDB | H21: ĐIỀN | I21: =IF(G21="DTDB",420000,IF(G21="TTDB",420000,IF(G21="DT1",187500,IF(G21="TT1",187500,IF(G21="DT2",97500,IF(G21="TT2",97500,IF(G21="DT3",75000,75000))))))) -> 420000 | J21: NGUYÊN | K21: =IF(G21="DTDB",300000,IF(G21="TTDB",300000,IF(G21="DT1",135000,IF(G21="TT1",135000,IF(G21="DT2",75000,IF(G21="TT2",75000,IF(G21="DT3",45000,45000))))))) -> 300000 | L21: HẬU | M21: =IF(L21="-",0,IF(G21="DTDB",300000,IF(G21="TTDB",300000,IF(G21="DT1",135000,IF(G21="TT1",135000,IF(G21="DT2",75000,IF(G21="TT2",75000,IF(G21="DT3",45000,45000)))))))) -> 300000 | N21: =I21+K21+M21 -> 1020000
A22: 15 | B22: 30/6/2025 | C22: Nguyễn Thị Nhung | E22: 53 | F22: PT KHX trên màn hình tăng sáng | G22: DTDB | H22: HOAN | I22: =IF(G22="DTDB",420000,IF(G22="TTDB",420000,IF(G22="DT1",187500,IF(G22="TT1",187500,IF(G22="DT2",97500,IF(G22="TT2",97500,IF(G22="DT3",75000,75000))))))) -> 420000 | J22: TOẢN | K22: =IF(G22="DTDB",300000,IF(G22="TTDB",300000,IF(G22="DT1",135000,IF(G22="TT1",135000,IF(G22="DT2",75000,IF(G22="TT2",75000,IF(G22="DT3",45000,45000))))))) -> 300000 | L22: VINH | M22: =IF(L22="-",0,IF(G22="DTDB",300000,IF(G22="TTDB",300000,IF(G22="DT1",135000,IF(G22="TT1",135000,IF(G22="DT2",75000,IF(G22="TT2",75000,IF(G22="DT3",45000,45000)))))))) -> 300000 | N22: =I22+K22+M22 -> 1020000
A23: 16 | B23: 01/7/2025 | C23: Bùi Thanh Thuận | D23: 20 | F23: Khâu tổn thương gân gấp bàn tay vùng II | G23: DTDB | H23: V.TÂN | I23: =IF(G23="DTDB",420000,IF(G23="TTDB",420000,IF(G23="DT1",187500,IF(G23="TT1",187500,IF(G23="DT2",97500,IF(G23="TT2",97500,IF(G23="DT3",75000,75000))))))) -> 420000 | J23: ĐẠT | K23: =IF(G23="DTDB",300000,IF(G23="TTDB",300000,IF(G23="DT1",135000,IF(G23="TT1",135000,IF(G23="DT2",75000,IF(G23="TT2",75000,IF(G23="DT3",45000,45000))))))) -> 300000 | L23: NGHĨA | M23: =IF(L23="-",0,IF(G23="DTDB",300000,IF(G23="TTDB",300000,IF(G23="DT1",135000,IF(G23="TT1",135000,IF(G23="DT2",75000,IF(G23="TT2",75000,IF(G23="DT3",45000,45000)))))))) -> 300000 | N23: =I23+K23+M23 -> 1020000
A24: 17 | B24: 01/7/2025 | C24: Trần Thanh Tuấn | D24: 58 | F24: KHX trên màn hình tăng sáng | G24: TTDB | H24: GIÀU | I24: =IF(G24="DTDB",420000,IF(G24="TTDB",420000,IF(G24="DT1",187500,IF(G24="TT1",187500,IF(G24="DT2",97500,IF(G24="TT2",97500,IF(G24="DT3",75000,75000))))))) -> 420000 | J24: Q.TẤN | K24: =IF(G24="DTDB",300000,IF(G24="TTDB",300000,IF(G24="DT1",135000,IF(G24="TT1",135000,IF(G24="DT2",75000,IF(G24="TT2",75000,IF(G24="DT3",45000,45000))))))) -> 300000 | L24: HẬU | M24: =IF(L24="-",0,IF(G24="DTDB",300000,IF(G24="TTDB",300000,IF(G24="DT1",135000,IF(G24="TT1",135000,IF(G24="DT2",75000,IF(G24="TT2",75000,IF(G24="DT3",45000,45000)))))))) -> 300000 | N24: =I24+K24+M24 -> 1020000
A25: 18 | B25: 01/7/2025 | C25: Nguyễn Ngọc Niệm | D25: 73 | F25: KHX trên màn hình tăng sáng | G25: TTDB | H25: GIÀU | I25: =IF(G25="DTDB",420000,IF(G25="TTDB",420000,IF(G25="DT1",187500,IF(G25="TT1",187500,IF(G25="DT2",97500,IF(G25="TT2",97500,IF(G25="DT3",75000,75000))))))) -> 420000 | J25: HẬU | K25: =IF(G25="DTDB",300000,IF(G25="TTDB",300000,IF(G25="DT1",135000,IF(G25="TT1",135000,IF(G25="DT2",75000,IF(G25="TT2",75000,IF(G25="DT3",45000,45000))))))) -> 300000 | L25: Q.TẤN | M25: =IF(L25="-",0,IF(G25="DTDB",300000,IF(G25="TTDB",300000,IF(G25="DT1",135000,IF(G25="TT1",135000,IF(G25="DT2",75000,IF(G25="TT2",75000,IF(G25="DT3",45000,45000)))))))) -> 300000 | N25: =I25+K25+M25 -> 1020000
A26: 19 | B26: 01/7/2025 | C26: Lê VĂn Danh | D26: 38 | F26: Thay toàn bộ khớp háng | G26: TTDB | H26: HOAN | I26: =IF(G26="DTDB",420000,IF(G26="TTDB",420000,IF(G26="DT1",187500,IF(G26="TT1",187500,IF(G26="DT2",97500,IF(G26="TT2",97500,IF(G26="DT3",75000,75000))))))) -> 420000 | J26: TOẢN | K26: =IF(G26="DTDB",300000,IF(G26="TTDB",300000,IF(G26="DT1",135000,IF(G26="TT1",135000,IF(G26="DT2",75000,IF(G26="TT2",75000,IF(G26="DT3",45000,45000))))))) -> 300000 | L26: ĐAN | M26: =IF(L26="-",0,IF(G26="DTDB",300000,IF(G26="TTDB",300000,IF(G26="DT1",135000,IF(G26="TT1",135000,IF(G26="DT2",75000,IF(G26="TT2",75000,IF(G26="DT3",45000,45000)))))))) -> 300000 | N26: =I26+K26+M26 -> 1020000
A27: 20 | B27: 01/7/2025 | C27: Lý Thị Nga | E27: 74 | F27: Thay khớp háng bán phần | G27: TT1 | H27: HOAN | I27: =IF(G27="DTDB",420000,IF(G27="TTDB",420000,IF(G27="DT1",187500,IF(G27="TT1",187500,IF(G27="DT2",97500,IF(G27="TT2",97500,IF(G27="DT3",75000,75000))))))) -> 187500 | J27: TOẢN | K27: =IF(G27="DTDB",300000,IF(G27="TTDB",300000,IF(G27="DT1",135000,IF(G27="TT1",135000,IF(G27="DT2",75000,IF(G27="TT2",75000,IF(G27="DT3",45000,45000))))))) -> 135000 | L27: Q.TẤN | M27: =IF(L27="-",0,IF(G27="DTDB",300000,IF(G27="TTDB",300000,IF(G27="DT1",135000,IF(G27="TT1",135000,IF(G27="DT2",75000,IF(G27="TT2",75000,IF(G27="DT3",45000,45000)))))))) -> 135000 | N27: =I27+K27+M27 -> 457500
A28: 21 | B28: 01/7/2025 | C28: Nguyễn Khắc Luân | D28: 82 | F28: KHX trên màn hình tăng sáng | G28: TTDB | H28: HOAN | I28: =IF(G28="DTDB",420000,IF(G28="TTDB",420000,IF(G28="DT1",187500,IF(G28="TT1",187500,IF(G28="DT2",97500,IF(G28="TT2",97500,IF(G28="DT3",75000,75000))))))) -> 420000 | J28: ĐAN | K28: =IF(G28="DTDB",300000,IF(G28="TTDB",300000,IF(G28="DT1",135000,IF(G28="TT1",135000,IF(G28="DT2",75000,IF(G28="TT2",75000,IF(G28="DT3",45000,45000))))))) -> 300000 | L28: NGUYÊN | M28: =IF(L28="-",0,IF(G28="DTDB",300000,IF(G28="TTDB",300000,IF(G28="DT1",135000,IF(G28="TT1",135000,IF(G28="DT2",75000,IF(G28="TT2",75000,IF(G28="DT3",45000,45000)))))))) -> 300000 | N28: =I28+K28+M28 -> 1020000
A29: 22 | B29: 02/07/2025 | C29: Trần Thị Hồng | E29: 57 | F29: PTNS khớp gối | G29: TT1 | H29: GIÀU | I29: =IF(G29="DTDB",420000,IF(G29="TTDB",420000,IF(G29="DT1",187500,IF(G29="TT1",187500,IF(G29="DT2",97500,IF(G29="TT2",97500,IF(G29="DT3",75000,75000))))))) -> 187500 | J29: Q.TẤN | K29: =IF(G29="DTDB",300000,IF(G29="TTDB",300000,IF(G29="DT1",135000,IF(G29="TT1",135000,IF(G29="DT2",75000,IF(G29="TT2",75000,IF(G29="DT3",45000,45000))))))) -> 135000 | L29: NHỊ | M29: =IF(L29="-",0,IF(G29="DTDB",300000,IF(G29="TTDB",300000,IF(G29="DT1",135000,IF(G29="TT1",135000,IF(G29="DT2",75000,IF(G29="TT2",75000,IF(G29="DT3",45000,45000)))))))) -> 135000 | N29: =I29+K29+M29 -> 457500
A30: 23 | B30: 02/07/2025 | C30: Nguyễn Thị Năm | E30: 64 | F30: Cố định cột sống thắt lưng | G30: TTDB | H30: HOAN | I30: =IF(G30="DTDB",420000,IF(G30="TTDB",420000,IF(G30="DT1",187500,IF(G30="TT1",187500,IF(G30="DT2",97500,IF(G30="TT2",97500,IF(G30="DT3",75000,75000))))))) -> 420000 | J30: Q.TẤN | K30: =IF(G30="DTDB",300000,IF(G30="TTDB",300000,IF(G30="DT1",135000,IF(G30="TT1",135000,IF(G30="DT2",75000,IF(G30="TT2",75000,IF(G30="DT3",45000,45000))))))) -> 300000 | L30: HÀO | M30: =IF(L30="-",0,IF(G30="DTDB",300000,IF(G30="TTDB",300000,IF(G30="DT1",135000,IF(G30="TT1",135000,IF(G30="DT2",75000,IF(G30="TT2",75000,IF(G30="DT3",45000,45000)))))))) -> 300000 | N30: =I30+K30+M30 -> 1020000
A31: 24 | B31: 02/07/2025 | C31: Nguyễn Thị Thủy | E31: 71 | F31: Cố định cột sống thắt lưng | G31: TTDB | H31: HOAN | I31: =IF(G31="DTDB",420000,IF(G31="TTDB",420000,IF(G31="DT1",187500,IF(G31="TT1",187500,IF(G31="DT2",97500,IF(G31="TT2",97500,IF(G31="DT3",75000,75000))))))) -> 420000 | J31: GIÀU | K31: =IF(G31="DTDB",300000,IF(G31="TTDB",300000,IF(G31="DT1",135000,IF(G31="TT1",135000,IF(G31="DT2",75000,IF(G31="TT2",75000,IF(G31="DT3",45000,45000))))))) -> 300000 | L31: HÀO | M31: =IF(L31="-",0,IF(G31="DTDB",300000,IF(G31="TTDB",300000,IF(G31="DT1",135000,IF(G31="TT1",135000,IF(G31="DT2",75000,IF(G31="TT2",75000,IF(G31="DT3",45000,45000)))))))) -> 300000 | N31: =I31+K31+M31 -> 1020000
A32: 25 | B32: 02/07/2025 | C32: Nguyễn Thị Thủy | E32: 71 | F32: Bơm cement (80%) | G32: TTDB | H32: GIÀU | I32: =IF(G32="DTDB",420000,IF(G32="TTDB",420000,IF(G32="DT1",187500,IF(G32="TT1",187500,IF(G32="DT2",97500,IF(G32="TT2",97500,IF(G32="DT3",75000,75000))))))) -> 420000 | J32: HOAN | K32: =IF(G32="DTDB",300000,IF(G32="TTDB",300000,IF(G32="DT1",135000,IF(G32="TT1",135000,IF(G32="DT2",75000,IF(G32="TT2",75000,IF(G32="DT3",45000,45000))))))) -> 300000 | L32: V.HƯỞNG | M32: =IF(L32="-",0,IF(G32="DTDB",300000,IF(G32="TTDB",300000,IF(G32="DT1",135000,IF(G32="TT1",135000,IF(G32="DT2",75000,IF(G32="TT2",75000,IF(G32="DT3",45000,45000)))))))) -> 300000 | N32: =I32+K32+M32 -> 1020000
A33: 26 | B33: 02/07/2025 | C33: Nguyễn Quốc Thủ | D33: 43 | F33: Lấy dụng cụ KHX | G33: TT1 | H33: V.TÂN | I33: =IF(G33="DTDB",420000,IF(G33="TTDB",420000,IF(G33="DT1",187500,IF(G33="TT1",187500,IF(G33="DT2",97500,IF(G33="TT2",97500,IF(G33="DT3",75000,75000))))))) -> 187500 | J33: ĐẠT | K33: =IF(G33="DTDB",300000,IF(G33="TTDB",300000,IF(G33="DT1",135000,IF(G33="TT1",135000,IF(G33="DT2",75000,IF(G33="TT2",75000,IF(G33="DT3",45000,45000))))))) -> 135000 | L33: ĐAN | M33: =IF(L33="-",0,IF(G33="DTDB",300000,IF(G33="TTDB",300000,IF(G33="DT1",135000,IF(G33="TT1",135000,IF(G33="DT2",75000,IF(G33="TT2",75000,IF(G33="DT3",45000,45000)))))))) -> 135000 | N33: =I33+K33+M33 -> 457500
A34: 27 | B34: 03/07/2025 | C34: Huỳnh Thúy Nga | E34: 59 | F34: Cố định cột sống thắt lưng | G34: TTDB | H34: HOAN | I34: =IF(G34="DTDB",420000,IF(G34="TTDB",420000,IF(G34="DT1",187500,IF(G34="TT1",187500,IF(G34="DT2",97500,IF(G34="TT2",97500,IF(G34="DT3",75000,75000))))))) -> 420000 | J34: GIÀU | K34: =IF(G34="DTDB",300000,IF(G34="TTDB",300000,IF(G34="DT1",135000,IF(G34="TT1",135000,IF(G34="DT2",75000,IF(G34="TT2",75000,IF(G34="DT3",45000,45000))))))) -> 300000 | L34: VINH | M34: =IF(L34="-",0,IF(G34="DTDB",300000,IF(G34="TTDB",300000,IF(G34="DT1",135000,IF(G34="TT1",135000,IF(G34="DT2",75000,IF(G34="TT2",75000,IF(G34="DT3",45000,45000)))))))) -> 300000 | N34: =I34+K34+M34 -> 1020000
A35: 28 | B35: 03/07/2025 | C35: Đỗ Văn Dương | D35: 28 | F35: PTNS tái tạo dây chằng | G35: TTDB | H35: TOẢN | I35: =IF(G35="DTDB",420000,IF(G35="TTDB",420000,IF(G35="DT1",187500,IF(G35="TT1",187500,IF(G35="DT2",97500,IF(G35="TT2",97500,IF(G35="DT3",75000,75000))))))) -> 420000 | J35: SƠN | K35: =IF(G35="DTDB",300000,IF(G35="TTDB",300000,IF(G35="DT1",135000,IF(G35="TT1",135000,IF(G35="DT2",75000,IF(G35="TT2",75000,IF(G35="DT3",45000,45000))))))) -> 300000 | L35: VINH | M35: =IF(L35="-",0,IF(G35="DTDB",300000,IF(G35="TTDB",300000,IF(G35="DT1",135000,IF(G35="TT1",135000,IF(G35="DT2",75000,IF(G35="TT2",75000,IF(G35="DT3",45000,45000)))))))) -> 300000 | N35: =I35+K35+M35 -> 1020000
A36: 29 | B36: 04/07/2025 | C36: Huỳnh Thị Lụa | E36: 62 | F36: PT u thần kinh | G36: TT1 | H36: HOAN | I36: =IF(G36="DTDB",420000,IF(G36="TTDB",420000,IF(G36="DT1",187500,IF(G36="TT1",187500,IF(G36="DT2",97500,IF(G36="TT2",97500,IF(G36="DT3",75000,75000))))))) -> 187500 | J36: ĐIỀN | K36: =IF(G36="DTDB",300000,IF(G36="TTDB",300000,IF(G36="DT1",135000,IF(G36="TT1",135000,IF(G36="DT2",75000,IF(G36="TT2",75000,IF(G36="DT3",45000,45000))))))) -> 135000 | L36: - | M36: =IF(L36="-",0,IF(G36="DTDB",300000,IF(G36="TTDB",300000,IF(G36="DT1",135000,IF(G36="TT1",135000,IF(G36="DT2",75000,IF(G36="TT2",75000,IF(G36="DT3",45000,45000)))))))) -> 0 | N36: =I36+K36+M36 -> 322500
A37: 30 | B37: 04/07/2025 | C37: Huỳnh Thị Tôi | E37: 62 | F37: Cố định cột sống thắt lưng | G37: TTDB | H37: HOAN | I37: =IF(G37="DTDB",420000,IF(G37="TTDB",420000,IF(G37="DT1",187500,IF(G37="TT1",187500,IF(G37="DT2",97500,IF(G37="TT2",97500,IF(G37="DT3",75000,75000))))))) -> 420000 | J37: ĐIỀN | K37: =IF(G37="DTDB",300000,IF(G37="TTDB",300000,IF(G37="DT1",135000,IF(G37="TT1",135000,IF(G37="DT2",75000,IF(G37="TT2",75000,IF(G37="DT3",45000,45000))))))) -> 300000 | L37: NGUYÊN | M37: =IF(L37="-",0,IF(G37="DTDB",300000,IF(G37="TTDB",300000,IF(G37="DT1",135000,IF(G37="TT1",135000,IF(G37="DT2",75000,IF(G37="TT2",75000,IF(G37="DT3",45000,45000)))))))) -> 300000 | N37: =I37+K37+M37 -> 1020000
A38: 31 | B38: 05/7/2025 | C38: Võ Thị Hai | E38: 77 | F38: KHX trên màn hình tăng sáng | G38: DTDB | H38: GIÀU | I38: =IF(G38="DTDB",420000,IF(G38="TTDB",420000,IF(G38="DT1",187500,IF(G38="TT1",187500,IF(G38="DT2",97500,IF(G38="TT2",97500,IF(G38="DT3",75000,75000))))))) -> 420000 | J38: HẬU | K38: =IF(G38="DTDB",300000,IF(G38="TTDB",300000,IF(G38="DT1",135000,IF(G38="TT1",135000,IF(G38="DT2",75000,IF(G38="TT2",75000,IF(G38="DT3",45000,45000))))))) -> 300000 | L38: Q.TẤN | M38: =IF(L38="-",0,IF(G38="DTDB",300000,IF(G38="TTDB",300000,IF(G38="DT1",135000,IF(G38="TT1",135000,IF(G38="DT2",75000,IF(G38="TT2",75000,IF(G38="DT3",45000,45000)))))))) -> 300000 | N38: =I38+K38+M38 -> 1020000
A39: 32 | B39: 05/7/2025 | C39: Trần Minh Nguyệt | E39: 63 | F39: KHX trên màn hình tăng sáng | G39: DTDB | H39: GIÀU | I39: =IF(G39="DTDB",420000,IF(G39="TTDB",420000,IF(G39="DT1",187500,IF(G39="TT1",187500,IF(G39="DT2",97500,IF(G39="TT2",97500,IF(G39="DT3",75000,75000))))))) -> 420000 | J39: Q.TẤN | K39: =IF(G39="DTDB",300000,IF(G39="TTDB",300000,IF(G39="DT1",135000,IF(G39="TT1",135000,IF(G39="DT2",75000,IF(G39="TT2",75000,IF(G39="DT3",45000,45000))))))) -> 300000 | L39: HẬU | M39: =IF(L39="-",0,IF(G39="DTDB",300000,IF(G39="TTDB",300000,IF(G39="DT1",135000,IF(G39="TT1",135000,IF(G39="DT2",75000,IF(G39="TT2",75000,IF(G39="DT3",45000,45000)))))))) -> 300000 | N39: =I39+K39+M39 -> 1020000
A40: 33 | B40: 05/7/2025 | C40: Lê Thị Lợi | E40: 67 | F40: Cố định cột sống thắt lưng | G40: DTDB | H40: HOAN | I40: =IF(G40="DTDB",420000,IF(G40="TTDB",420000,IF(G40="DT1",187500,IF(G40="TT1",187500,IF(G40="DT2",97500,IF(G40="TT2",97500,IF(G40="DT3",75000,75000))))))) -> 420000 | J40: GIÀU | K40: =IF(G40="DTDB",300000,IF(G40="TTDB",300000,IF(G40="DT1",135000,IF(G40="TT1",135000,IF(G40="DT2",75000,IF(G40="TT2",75000,IF(G40="DT3",45000,45000))))))) -> 300000 | L40: ĐIỀN | M40: =IF(L40="-",0,IF(G40="DTDB",300000,IF(G40="TTDB",300000,IF(G40="DT1",135000,IF(G40="TT1",135000,IF(G40="DT2",75000,IF(G40="TT2",75000,IF(G40="DT3",45000,45000)))))))) -> 300000 | N40: =I40+K40+M40 -> 1020000
A41: 34 | B41: 05/7/2025 | C41: TRỊNH VĂN TÚ | D41: 37 | F41: Lấy nhân đệm qua da | G41: TT1 | H41: GIÀU | I41: =IF(G41="DTDB",420000,IF(G41="TTDB",420000,IF(G41="DT1",187500,IF(G41="TT1",187500,IF(G41="DT2",97500,IF(G41="TT2",97500,IF(G41="DT3",75000,75000))))))) -> 187500 | J41: Q.TẤN | K41: =IF(G41="DTDB",300000,IF(G41="TTDB",300000,IF(G41="DT1",135000,IF(G41="TT1",135000,IF(G41="DT2",75000,IF(G41="TT2",75000,IF(G41="DT3",45000,45000))))))) -> 135000 | L41: V.HƯỞNG | M41: =IF(L41="-",0,IF(G41="DTDB",300000,IF(G41="TTDB",300000,IF(G41="DT1",135000,IF(G41="TT1",135000,IF(G41="DT2",75000,IF(G41="TT2",75000,IF(G41="DT3",45000,45000)))))))) -> 135000 | N41: =I41+K41+M41 -> 457500
A42: 35 | B42: 06/7/2025 | C42: Nguyễn Văn Chính | D42: 59 | F42: KHX trên màn hình tăng sáng | G42: TTDB | H42: ĐIỀN | I42: =IF(G42="DTDB",420000,IF(G42="TTDB",420000,IF(G42="DT1",187500,IF(G42="TT1",187500,IF(G42="DT2",97500,IF(G42="TT2",97500,IF(G42="DT3",75000,75000))))))) -> 420000 | J42: HẬU | K42: =IF(G42="DTDB",300000,IF(G42="TTDB",300000,IF(G42="DT1",135000,IF(G42="TT1",135000,IF(G42="DT2",75000,IF(G42="TT2",75000,IF(G42="DT3",45000,45000))))))) -> 300000 | L42: NHỊ | M42: =IF(L42="-",0,IF(G42="DTDB",300000,IF(G42="TTDB",300000,IF(G42="DT1",135000,IF(G42="TT1",135000,IF(G42="DT2",75000,IF(G42="TT2",75000,IF(G42="DT3",45000,45000)))))))) -> 300000 | N42: =I42+K42+M42 -> 1020000
A43: 36 | B43: 07/7/2025 | C43: Nguyễn Thị Yến Giang | E43: 24 | F43: KHX trên màn hình tăng sáng | G43: TTDB | H43: V.TÂN | I43: =IF(G43="DTDB",420000,IF(G43="TTDB",420000,IF(G43="DT1",187500,IF(G43="TT1",187500,IF(G43="DT2",97500,IF(G43="TT2",97500,IF(G43="DT3",75000,75000))))))) -> 420000 | J43: ĐẠT | K43: =IF(G43="DTDB",300000,IF(G43="TTDB",300000,IF(G43="DT1",135000,IF(G43="TT1",135000,IF(G43="DT2",75000,IF(G43="TT2",75000,IF(G43="DT3",45000,45000))))))) -> 300000 | L43: HÀO | M43: =IF(L43="-",0,IF(G43="DTDB",300000,IF(G43="TTDB",300000,IF(G43="DT1",135000,IF(G43="TT1",135000,IF(G43="DT2",75000,IF(G43="TT2",75000,IF(G43="DT3",45000,45000)))))))) -> 300000 | N43: =I43+K43+M43 -> 1020000
A44: 37 | B44: 07/7/2025 | C44: Nguyễn Kim Thoa | E44: 15 | F44: KHX trên màn hình tăng sáng | G44: TTDB | H44: HOAN | I44: =IF(G44="DTDB",420000,IF(G44="TTDB",420000,IF(G44="DT1",187500,IF(G44="TT1",187500,IF(G44="DT2",97500,IF(G44="TT2",97500,IF(G44="DT3",75000,75000))))))) -> 420000 | J44: ĐẠT | K44: =IF(G44="DTDB",300000,IF(G44="TTDB",300000,IF(G44="DT1",135000,IF(G44="TT1",135000,IF(G44="DT2",75000,IF(G44="TT2",75000,IF(G44="DT3",45000,45000))))))) -> 300000 | L44: HẬU | M44: =IF(L44="-",0,IF(G44="DTDB",300000,IF(G44="TTDB",300000,IF(G44="DT1",135000,IF(G44="TT1",135000,IF(G44="DT2",75000,IF(G44="TT2",75000,IF(G44="DT3",45000,45000)))))))) -> 300000 | N44: =I44+K44+M44 -> 1020000
A45: 38 | B45: 07/7/2025 | C45: Trần Minh Duy | D45: 25 | F45: PT vết thương phần mềm phức tạp | G45: DT1 | H45: HOAN | I45: =IF(G45="DTDB",420000,IF(G45="TTDB",420000,IF(G45="DT1",187500,IF(G45="TT1",187500,IF(G45="DT2",97500,IF(G45="TT2",97500,IF(G45="DT3",75000,75000))))))) -> 187500 | J45: ĐẠT | K45: =IF(G45="DTDB",300000,IF(G45="TTDB",300000,IF(G45="DT1",135000,IF(G45="TT1",135000,IF(G45="DT2",75000,IF(G45="TT2",75000,IF(G45="DT3",45000,45000))))))) -> 135000 | L45: VINH | M45: =IF(L45="-",0,IF(G45="DTDB",300000,IF(G45="TTDB",300000,IF(G45="DT1",135000,IF(G45="TT1",135000,IF(G45="DT2",75000,IF(G45="TT2",75000,IF(G45="DT3",45000,45000)))))))) -> 135000 | N45: =I45+K45+M45 -> 457500
A46: 39 | B46: 08/7/2025 | C46: Dư Minh Chiến | D46: 65 | F46: KHX trên màn hình tăng sáng | G46: TTDB | H46: HOAN | I46: =IF(G46="DTDB",420000,IF(G46="TTDB",420000,IF(G46="DT1",187500,IF(G46="TT1",187500,IF(G46="DT2",97500,IF(G46="TT2",97500,IF(G46="DT3",75000,75000))))))) -> 420000 | J46: MINH | K46: =IF(G46="DTDB",300000,IF(G46="TTDB",300000,IF(G46="DT1",135000,IF(G46="TT1",135000,IF(G46="DT2",75000,IF(G46="TT2",75000,IF(G46="DT3",45000,45000))))))) -> 300000 | L46: HẬU | M46: =IF(L46="-",0,IF(G46="DTDB",300000,IF(G46="TTDB",300000,IF(G46="DT1",135000,IF(G46="TT1",135000,IF(G46="DT2",75000,IF(G46="TT2",75000,IF(G46="DT3",45000,45000)))))))) -> 300000 | N46: =I46+K46+M46 -> 1020000
A47: 40 | B47: 08/7/2025 | C47: Lê Thị Ngọc Nhứt | E47: 37 | F47: KHX trên màn hình tăng sáng | G47: TTDB | H47: TRIỀU | I47: =IF(G47="DTDB",420000,IF(G47="TTDB",420000,IF(G47="DT1",187500,IF(G47="TT1",187500,IF(G47="DT2",97500,IF(G47="TT2",97500,IF(G47="DT3",75000,75000))))))) -> 420000 | J47: TOẢN | K47: =IF(G47="DTDB",300000,IF(G47="TTDB",300000,IF(G47="DT1",135000,IF(G47="TT1",135000,IF(G47="DT2",75000,IF(G47="TT2",75000,IF(G47="DT3",45000,45000))))))) -> 300000 | L47: ĐAN | M47: =IF(L47="-",0,IF(G47="DTDB",300000,IF(G47="TTDB",300000,IF(G47="DT1",135000,IF(G47="TT1",135000,IF(G47="DT2",75000,IF(G47="TT2",75000,IF(G47="DT3",45000,45000)))))))) -> 300000 | N47: =I47+K47+M47 -> 1020000
A48: 41 | B48: 08/7/2025 | C48: Phan Quốc Vĩnh | D48: 28 | F48: NS tái tạo dây chằng | G48: TTDB | H48: TRIỀU | I48: =IF(G48="DTDB",420000,IF(G48="TTDB",420000,IF(G48="DT1",187500,IF(G48="TT1",187500,IF(G48="DT2",97500,IF(G48="TT2",97500,IF(G48="DT3",75000,75000))))))) -> 420000 | J48: TOẢN | K48: =IF(G48="DTDB",300000,IF(G48="TTDB",300000,IF(G48="DT1",135000,IF(G48="TT1",135000,IF(G48="DT2",75000,IF(G48="TT2",75000,IF(G48="DT3",45000,45000))))))) -> 300000 | L48: ĐAN | M48: =IF(L48="-",0,IF(G48="DTDB",300000,IF(G48="TTDB",300000,IF(G48="DT1",135000,IF(G48="TT1",135000,IF(G48="DT2",75000,IF(G48="TT2",75000,IF(G48="DT3",45000,45000)))))))) -> 300000 | N48: =I48+K48+M48 -> 1020000
A49: 42 | B49: 08/7/2025 | C49: Trần Hoàng Phi | D49: 39 | F49: NS tái tạo dây chằng | G49: TTDB | H49: TOẢN | I49: =IF(G49="DTDB",420000,IF(G49="TTDB",420000,IF(G49="DT1",187500,IF(G49="TT1",187500,IF(G49="DT2",97500,IF(G49="TT2",97500,IF(G49="DT3",75000,75000))))))) -> 420000 | J49: MINH | K49: =IF(G49="DTDB",300000,IF(G49="TTDB",300000,IF(G49="DT1",135000,IF(G49="TT1",135000,IF(G49="DT2",75000,IF(G49="TT2",75000,IF(G49="DT3",45000,45000))))))) -> 300000 | L49: ĐAN | M49: =IF(L49="-",0,IF(G49="DTDB",300000,IF(G49="TTDB",300000,IF(G49="DT1",135000,IF(G49="TT1",135000,IF(G49="DT2",75000,IF(G49="TT2",75000,IF(G49="DT3",45000,45000)))))))) -> 300000 | N49: =I49+K49+M49 -> 1020000
A50: 43 | B50: 08/7/2025 | C50: HÀ THỊ BÍCH DUNG | D50: 50 | F50: NS tái tạo dây chằng | G50: TTDB | H50: TOẢN | I50: =IF(G50="DTDB",420000,IF(G50="TTDB",420000,IF(G50="DT1",187500,IF(G50="TT1",187500,IF(G50="DT2",97500,IF(G50="TT2",97500,IF(G50="DT3",75000,75000))))))) -> 420000 | J50: MINH | K50: =IF(G50="DTDB",300000,IF(G50="TTDB",300000,IF(G50="DT1",135000,IF(G50="TT1",135000,IF(G50="DT2",75000,IF(G50="TT2",75000,IF(G50="DT3",45000,45000))))))) -> 300000 | L50: ĐAN | M50: =IF(L50="-",0,IF(G50="DTDB",300000,IF(G50="TTDB",300000,IF(G50="DT1",135000,IF(G50="TT1",135000,IF(G50="DT2",75000,IF(G50="TT2",75000,IF(G50="DT3",45000,45000)))))))) -> 300000 | N50: =I50+K50+M50 -> 1020000
A51: 44 | B51: 08/7/2025 | C51: Đỗ Huy Cường | D51: 37 | F51: KHX trên màn hình tăng sáng | G51: TTDB | H51: ĐIỀN | I51: =IF(G51="DTDB",420000,IF(G51="TTDB",420000,IF(G51="DT1",187500,IF(G51="TT1",187500,IF(G51="DT2",97500,IF(G51="TT2",97500,IF(G51="DT3",75000,75000))))))) -> 420000 | J51: HẬU | K51: =IF(G51="DTDB",300000,IF(G51="TTDB",300000,IF(G51="DT1",135000,IF(G51="TT1",135000,IF(G51="DT2",75000,IF(G51="TT2",75000,IF(G51="DT3",45000,45000))))))) -> 300000 | L51: NGUYÊN | M51: =IF(L51="-",0,IF(G51="DTDB",300000,IF(G51="TTDB",300000,IF(G51="DT1",135000,IF(G51="TT1",135000,IF(G51="DT2",75000,IF(G51="TT2",75000,IF(G51="DT3",45000,45000)))))))) -> 300000 | N51: =I51+K51+M51 -> 1020000
A52: 45 | B52: 09/7/2025 | C52: Phạm Thành Công | D52: 60 | F52: PTNS khâu chóp xoay | G52: TTDB | H52: TOẢN | I52: =IF(G52="DTDB",420000,IF(G52="TTDB",420000,IF(G52="DT1",187500,IF(G52="TT1",187500,IF(G52="DT2",97500,IF(G52="TT2",97500,IF(G52="DT3",75000,75000))))))) -> 420000 | J52: MINH | K52: =IF(G52="DTDB",300000,IF(G52="TTDB",300000,IF(G52="DT1",135000,IF(G52="TT1",135000,IF(G52="DT2",75000,IF(G52="TT2",75000,IF(G52="DT3",45000,45000))))))) -> 300000 | L52: - | M52: =IF(L52="-",0,IF(G52="DTDB",300000,IF(G52="TTDB",300000,IF(G52="DT1",135000,IF(G52="TT1",135000,IF(G52="DT2",75000,IF(G52="TT2",75000,IF(G52="DT3",45000,45000)))))))) -> 0 | N52: =I52+K52+M52 -> 720000
A53: 46 | B53: 09/7/2025 | C53: Dương Phước Xuyên | D53: 39 | F53: PTNS tái tạo dây chằng | G53: TTDB | H53: MINH | I53: =IF(G53="DTDB",420000,IF(G53="TTDB",420000,IF(G53="DT1",187500,IF(G53="TT1",187500,IF(G53="DT2",97500,IF(G53="TT2",97500,IF(G53="DT3",75000,75000))))))) -> 420000 | J53: TOẢN | K53: =IF(G53="DTDB",300000,IF(G53="TTDB",300000,IF(G53="DT1",135000,IF(G53="TT1",135000,IF(G53="DT2",75000,IF(G53="TT2",75000,IF(G53="DT3",45000,45000))))))) -> 300000 | L53: HẬU | M53: =IF(L53="-",0,IF(G53="DTDB",300000,IF(G53="TTDB",300000,IF(G53="DT1",135000,IF(G53="TT1",135000,IF(G53="DT2",75000,IF(G53="TT2",75000,IF(G53="DT3",45000,45000)))))))) -> 300000 | N53: =I53+K53+M53 -> 1020000
A54: 47 | B54: 09/7/2025 | C54: Phan Thị Yến | E54: 71 | F54: PT thay toàn bộ khớp gối | G54: TTDB | H54: HOAN | I54: =IF(G54="DTDB",420000,IF(G54="TTDB",420000,IF(G54="DT1",187500,IF(G54="TT1",187500,IF(G54="DT2",97500,IF(G54="TT2",97500,IF(G54="DT3",75000,75000))))))) -> 420000 | J54: ĐIỀN | K54: =IF(G54="DTDB",300000,IF(G54="TTDB",300000,IF(G54="DT1",135000,IF(G54="TT1",135000,IF(G54="DT2",75000,IF(G54="TT2",75000,IF(G54="DT3",45000,45000))))))) -> 300000 | L54: V.TÂN | M54: =IF(L54="-",0,IF(G54="DTDB",300000,IF(G54="TTDB",300000,IF(G54="DT1",135000,IF(G54="TT1",135000,IF(G54="DT2",75000,IF(G54="TT2",75000,IF(G54="DT3",45000,45000)))))))) -> 300000 | N54: =I54+K54+M54 -> 1020000
A55: 48 | B55: 10/7/2025 | C55: Mai Viết Anh Bằng | D55: 43 | F55: PT thay toàn bộ khớp gối | G55: TTDB | H55: HOAN | I55: =IF(G55="DTDB",420000,IF(G55="TTDB",420000,IF(G55="DT1",187500,IF(G55="TT1",187500,IF(G55="DT2",97500,IF(G55="TT2",97500,IF(G55="DT3",75000,75000))))))) -> 420000 | J55: V.TÂN | K55: =IF(G55="DTDB",300000,IF(G55="TTDB",300000,IF(G55="DT1",135000,IF(G55="TT1",135000,IF(G55="DT2",75000,IF(G55="TT2",75000,IF(G55="DT3",45000,45000))))))) -> 300000 | L55: Q.TẤN | M55: =IF(L55="-",0,IF(G55="DTDB",300000,IF(G55="TTDB",300000,IF(G55="DT1",135000,IF(G55="TT1",135000,IF(G55="DT2",75000,IF(G55="TT2",75000,IF(G55="DT3",45000,45000)))))))) -> 300000 | N55: =I55+K55+M55 -> 1020000
A56: 49 | B56: 10/7/2025 | C56: Huỳnh Thị Thu Hà | E56: 60 | F56: KHX trên màn hình tăng sáng | G56: TTDB | H56: V.TÂN | I56: =IF(G56="DTDB",420000,IF(G56="TTDB",420000,IF(G56="DT1",187500,IF(G56="TT1",187500,IF(G56="DT2",97500,IF(G56="TT2",97500,IF(G56="DT3",75000,75000))))))) -> 420000 | J56: ĐẠT | K56: =IF(G56="DTDB",300000,IF(G56="TTDB",300000,IF(G56="DT1",135000,IF(G56="TT1",135000,IF(G56="DT2",75000,IF(G56="TT2",75000,IF(G56="DT3",45000,45000))))))) -> 300000 | L56: NGUYÊN | M56: =IF(L56="-",0,IF(G56="DTDB",300000,IF(G56="TTDB",300000,IF(G56="DT1",135000,IF(G56="TT1",135000,IF(G56="DT2",75000,IF(G56="TT2",75000,IF(G56="DT3",45000,45000)))))))) -> 300000 | N56: =I56+K56+M56 -> 1020000
A57: 50 | B57: 10/7/2025 | C57: Lê Minh Thoàng | D57: 51 | F57: KHX trên màn hình tăng sáng | G57: TTDB | H57: ĐIỀN | I57: =IF(G57="DTDB",420000,IF(G57="TTDB",420000,IF(G57="DT1",187500,IF(G57="TT1",187500,IF(G57="DT2",97500,IF(G57="TT2",97500,IF(G57="DT3",75000,75000))))))) -> 420000 | J57: ĐẠT | K57: =IF(G57="DTDB",300000,IF(G57="TTDB",300000,IF(G57="DT1",135000,IF(G57="TT1",135000,IF(G57="DT2",75000,IF(G57="TT2",75000,IF(G57="DT3",45000,45000))))))) -> 300000 | L57: HÀO | M57: =IF(L57="-",0,IF(G57="DTDB",300000,IF(G57="TTDB",300000,IF(G57="DT1",135000,IF(G57="TT1",135000,IF(G57="DT2",75000,IF(G57="TT2",75000,IF(G57="DT3",45000,45000)))))))) -> 300000 | N57: =I57+K57+M57 -> 1020000
A58: 51 | B58: 10/7/2025 | C58: Trần Quốc Tài | D58: 17 | F58: KHX trên màn hình tăng sáng | G58: DTDB | H58: V.TÂN | I58: =IF(G58="DTDB",420000,IF(G58="TTDB",420000,IF(G58="DT1",187500,IF(G58="TT1",187500,IF(G58="DT2",97500,IF(G58="TT2",97500,IF(G58="DT3",75000,75000))))))) -> 420000 | J58: NGUYÊN | K58: =IF(G58="DTDB",300000,IF(G58="TTDB",300000,IF(G58="DT1",135000,IF(G58="TT1",135000,IF(G58="DT2",75000,IF(G58="TT2",75000,IF(G58="DT3",45000,45000))))))) -> 300000 | L58: HẬU | M58: =IF(L58="-",0,IF(G58="DTDB",300000,IF(G58="TTDB",300000,IF(G58="DT1",135000,IF(G58="TT1",135000,IF(G58="DT2",75000,IF(G58="TT2",75000,IF(G58="DT3",45000,45000)))))))) -> 300000 | N58: =I58+K58+M58 -> 1020000
A59: 52 | B59: 10/7/2025 | C59: Lương Ngọc Hải | D59: 53 | F59: KHX trên màn hình tăng sáng | G59: TTDB | H59: GIÀU | I59: =IF(G59="DTDB",420000,IF(G59="TTDB",420000,IF(G59="DT1",187500,IF(G59="TT1",187500,IF(G59="DT2",97500,IF(G59="TT2",97500,IF(G59="DT3",75000,75000))))))) -> 420000 | J59: Q.TẤN | K59: =IF(G59="DTDB",300000,IF(G59="TTDB",300000,IF(G59="DT1",135000,IF(G59="TT1",135000,IF(G59="DT2",75000,IF(G59="TT2",75000,IF(G59="DT3",45000,45000))))))) -> 300000 | L59: VINH | M59: =IF(L59="-",0,IF(G59="DTDB",300000,IF(G59="TTDB",300000,IF(G59="DT1",135000,IF(G59="TT1",135000,IF(G59="DT2",75000,IF(G59="TT2",75000,IF(G59="DT3",45000,45000)))))))) -> 300000 | N59: =I59+K59+M59 -> 1020000
A60: 53 | B60: 10/7/2025 | C60: Trịnh Ngọc Lĩnh | D60: 53 | F60: KHX trên màn hình tăng sáng | G60: DTDB | H60: V.TÂN | I60: =IF(G60="DTDB",420000,IF(G60="TTDB",420000,IF(G60="DT1",187500,IF(G60="TT1",187500,IF(G60="DT2",97500,IF(G60="TT2",97500,IF(G60="DT3",75000,75000))))))) -> 420000 | J60: HẬU | K60: =IF(G60="DTDB",300000,IF(G60="TTDB",300000,IF(G60="DT1",135000,IF(G60="TT1",135000,IF(G60="DT2",75000,IF(G60="TT2",75000,IF(G60="DT3",45000,45000))))))) -> 300000 | L60: NGUYÊN | M60: =IF(L60="-",0,IF(G60="DTDB",300000,IF(G60="TTDB",300000,IF(G60="DT1",135000,IF(G60="TT1",135000,IF(G60="DT2",75000,IF(G60="TT2",75000,IF(G60="DT3",45000,45000)))))))) -> 300000 | N60: =I60+K60+M60 -> 1020000
A61: 54 | B61: 11/7/2025 | C61: Trịnh Quốc Đạt | D61: 15 | F61: KHX trên màn hình tăng sáng | G61: TTDB | H61: GIÀU | I61: =IF(G61="DTDB",420000,IF(G61="TTDB",420000,IF(G61="DT1",187500,IF(G61="TT1",187500,IF(G61="DT2",97500,IF(G61="TT2",97500,IF(G61="DT3",75000,75000))))))) -> 420000 | J61: VINH | K61: =IF(G61="DTDB",300000,IF(G61="TTDB",300000,IF(G61="DT1",135000,IF(G61="TT1",135000,IF(G61="DT2",75000,IF(G61="TT2",75000,IF(G61="DT3",45000,45000))))))) -> 300000 | L61: HÀO | M61: =IF(L61="-",0,IF(G61="DTDB",300000,IF(G61="TTDB",300000,IF(G61="DT1",135000,IF(G61="TT1",135000,IF(G61="DT2",75000,IF(G61="TT2",75000,IF(G61="DT3",45000,45000)))))))) -> 300000 | N61: =I61+K61+M61 -> 1020000
A62: 55 | B62: 11/7/2025 | C62: Nguyễn Thị Thành | E62: 68 | F62: Cố định cột sống thắt lưng | G62: TTDB | H62: HOAN | I62: =IF(G62="DTDB",420000,IF(G62="TTDB",420000,IF(G62="DT1",187500,IF(G62="TT1",187500,IF(G62="DT2",97500,IF(G62="TT2",97500,IF(G62="DT3",75000,75000))))))) -> 420000 | J62: HÀO | K62: =IF(G62="DTDB",300000,IF(G62="TTDB",300000,IF(G62="DT1",135000,IF(G62="TT1",135000,IF(G62="DT2",75000,IF(G62="TT2",75000,IF(G62="DT3",45000,45000))))))) -> 300000 | L62: Q.TẤN | M62: =IF(L62="-",0,IF(G62="DTDB",300000,IF(G62="TTDB",300000,IF(G62="DT1",135000,IF(G62="TT1",135000,IF(G62="DT2",75000,IF(G62="TT2",75000,IF(G62="DT3",45000,45000)))))))) -> 300000 | N62: =I62+K62+M62 -> 1020000
A63: 56 | B63: 12/7/2025 | C63: Võ Anh Duy | D63: 21 | F63: KHX trên màn hình tăng sáng | G63: TTDB | H63: V.TÂN | I63: =IF(G63="DTDB",420000,IF(G63="TTDB",420000,IF(G63="DT1",187500,IF(G63="TT1",187500,IF(G63="DT2",97500,IF(G63="TT2",97500,IF(G63="DT3",75000,75000))))))) -> 420000 | J63: ĐẠT | K63: =IF(G63="DTDB",300000,IF(G63="TTDB",300000,IF(G63="DT1",135000,IF(G63="TT1",135000,IF(G63="DT2",75000,IF(G63="TT2",75000,IF(G63="DT3",45000,45000))))))) -> 300000 | L63: VINH | M63: =IF(L63="-",0,IF(G63="DTDB",300000,IF(G63="TTDB",300000,IF(G63="DT1",135000,IF(G63="TT1",135000,IF(G63="DT2",75000,IF(G63="TT2",75000,IF(G63="DT3",45000,45000)))))))) -> 300000 | N63: =I63+K63+M63 -> 1020000
A64: 57 | B64: 12/7/2025 | C64: TRƯƠNG VĂN HOÁ | D64: 76 | F64: KHX trên màn hình tăng sáng | G64: TTDB | H64: GIÀU | I64: =IF(G64="DTDB",420000,IF(G64="TTDB",420000,IF(G64="DT1",187500,IF(G64="TT1",187500,IF(G64="DT2",97500,IF(G64="TT2",97500,IF(G64="DT3",75000,75000))))))) -> 420000 | J64: MINH | K64: =IF(G64="DTDB",300000,IF(G64="TTDB",300000,IF(G64="DT1",135000,IF(G64="TT1",135000,IF(G64="DT2",75000,IF(G64="TT2",75000,IF(G64="DT3",45000,45000))))))) -> 300000 | L64: Q.TẤN | M64: =IF(L64="-",0,IF(G64="DTDB",300000,IF(G64="TTDB",300000,IF(G64="DT1",135000,IF(G64="TT1",135000,IF(G64="DT2",75000,IF(G64="TT2",75000,IF(G64="DT3",45000,45000)))))))) -> 300000 | N64: =I64+K64+M64 -> 1020000
A65: 58 | B65: 13/7/2025 | C65: Nguyễn Văn Ngọc | D65: 54 | F65: KHX trên màn hình tăng sáng | G65: TTDB | H65: GIÀU | I65: =IF(G65="DTDB",420000,IF(G65="TTDB",420000,IF(G65="DT1",187500,IF(G65="TT1",187500,IF(G65="DT2",97500,IF(G65="TT2",97500,IF(G65="DT3",75000,75000))))))) -> 420000 | J65: HÀO | K65: =IF(G65="DTDB",300000,IF(G65="TTDB",300000,IF(G65="DT1",135000,IF(G65="TT1",135000,IF(G65="DT2",75000,IF(G65="TT2",75000,IF(G65="DT3",45000,45000))))))) -> 300000 | L65: Q.TẤN | M65: =IF(L65="-",0,IF(G65="DTDB",300000,IF(G65="TTDB",300000,IF(G65="DT1",135000,IF(G65="TT1",135000,IF(G65="DT2",75000,IF(G65="TT2",75000,IF(G65="DT3",45000,45000)))))))) -> 300000 | N65: =I65+K65+M65 -> 1020000
A66: 59 | B66: 13/7/2025 | C66: Nguyễn Tích Điền | D66: 52 | F66: KHX trên màn hình tăng sáng | G66: TTDB | H66: GIÀU | I66: =IF(G66="DTDB",420000,IF(G66="TTDB",420000,IF(G66="DT1",187500,IF(G66="TT1",187500,IF(G66="DT2",97500,IF(G66="TT2",97500,IF(G66="DT3",75000,75000))))))) -> 420000 | J66: Q.TẤN | K66: =IF(G66="DTDB",300000,IF(G66="TTDB",300000,IF(G66="DT1",135000,IF(G66="TT1",135000,IF(G66="DT2",75000,IF(G66="TT2",75000,IF(G66="DT3",45000,45000))))))) -> 300000 | L66: HÀO | M66: =IF(L66="-",0,IF(G66="DTDB",300000,IF(G66="TTDB",300000,IF(G66="DT1",135000,IF(G66="TT1",135000,IF(G66="DT2",75000,IF(G66="TT2",75000,IF(G66="DT3",45000,45000)))))))) -> 300000 | N66: =I66+K66+M66 -> 1020000
A67: 60 | B67: 14/7/2025 | C67: Lâm Ngọc Quang | D67: 79 | F67: Cố định cột sống thắt lưng | G67: TTDB | H67: HOAN | I67: =IF(G67="DTDB",420000,IF(G67="TTDB",420000,IF(G67="DT1",187500,IF(G67="TT1",187500,IF(G67="DT2",97500,IF(G67="TT2",97500,IF(G67="DT3",75000,75000))))))) -> 420000 | J67: ĐIỀN | K67: =IF(G67="DTDB",300000,IF(G67="TTDB",300000,IF(G67="DT1",135000,IF(G67="TT1",135000,IF(G67="DT2",75000,IF(G67="TT2",75000,IF(G67="DT3",45000,45000))))))) -> 300000 | L67: ĐAN | M67: =IF(L67="-",0,IF(G67="DTDB",300000,IF(G67="TTDB",300000,IF(G67="DT1",135000,IF(G67="TT1",135000,IF(G67="DT2",75000,IF(G67="TT2",75000,IF(G67="DT3",45000,45000)))))))) -> 300000 | N67: =I67+K67+M67 -> 1020000
A68: 61 | B68: 14/7/2025 | C68: Nguyễn Thị Ngọc Thu | E68: 40 | F68: KHX trên màn hình tăng sáng | G68: TTDB | H68: V.TÂN | I68: =IF(G68="DTDB",420000,IF(G68="TTDB",420000,IF(G68="DT1",187500,IF(G68="TT1",187500,IF(G68="DT2",97500,IF(G68="TT2",97500,IF(G68="DT3",75000,75000))))))) -> 420000 | J68: ĐẠT | K68: =IF(G68="DTDB",300000,IF(G68="TTDB",300000,IF(G68="DT1",135000,IF(G68="TT1",135000,IF(G68="DT2",75000,IF(G68="TT2",75000,IF(G68="DT3",45000,45000))))))) -> 300000 | L68: ĐAN | M68: =IF(L68="-",0,IF(G68="DTDB",300000,IF(G68="TTDB",300000,IF(G68="DT1",135000,IF(G68="TT1",135000,IF(G68="DT2",75000,IF(G68="TT2",75000,IF(G68="DT3",45000,45000)))))))) -> 300000 | N68: =I68+K68+M68 -> 1020000
A69: 62 | B69: 14/7/2025 | C69: Nguyễn Thị Kiều Diễm | E69: 38 | F69: Cố định cột sống thắt lưng | G69: TTDB | H69: HOAN | I69: =IF(G69="DTDB",420000,IF(G69="TTDB",420000,IF(G69="DT1",187500,IF(G69="TT1",187500,IF(G69="DT2",97500,IF(G69="TT2",97500,IF(G69="DT3",75000,75000))))))) -> 420000 | J69: GIÀU | K69: =IF(G69="DTDB",300000,IF(G69="TTDB",300000,IF(G69="DT1",135000,IF(G69="TT1",135000,IF(G69="DT2",75000,IF(G69="TT2",75000,IF(G69="DT3",45000,45000))))))) -> 300000 | L69: ĐAN | M69: =IF(L69="-",0,IF(G69="DTDB",300000,IF(G69="TTDB",300000,IF(G69="DT1",135000,IF(G69="TT1",135000,IF(G69="DT2",75000,IF(G69="TT2",75000,IF(G69="DT3",45000,45000)))))))) -> 300000 | N69: =I69+K69+M69 -> 1020000
A70: 63 | B70: 14/7/2025 | C70: Nguyễn Thị Kiều Diễm | E70: 38 | F70: KHX trên màn hình tăng sáng (80%) | G70: DTDB | H70: GIÀU | I70: =IF(G70="DTDB",420000,IF(G70="TTDB",420000,IF(G70="DT1",187500,IF(G70="TT1",187500,IF(G70="DT2",97500,IF(G70="TT2",97500,IF(G70="DT3",75000,75000))))))) -> 420000 | J70: VINH | K70: =IF(G70="DTDB",300000,IF(G70="TTDB",300000,IF(G70="DT1",135000,IF(G70="TT1",135000,IF(G70="DT2",75000,IF(G70="TT2",75000,IF(G70="DT3",45000,45000))))))) -> 300000 | L70: Q.TẤN | M70: =IF(L70="-",0,IF(G70="DTDB",300000,IF(G70="TTDB",300000,IF(G70="DT1",135000,IF(G70="TT1",135000,IF(G70="DT2",75000,IF(G70="TT2",75000,IF(G70="DT3",45000,45000)))))))) -> 300000 | N70: =I70+K70+M70 -> 1020000
A71: 64 | B71: 15/7/2025 | C71: Phạm Quảng Trường | D71: 35 | F71: KHX trên màn hình tăng sáng | G71: TTDB | H71: GIÀU | I71: =IF(G71="DTDB",420000,IF(G71="TTDB",420000,IF(G71="DT1",187500,IF(G71="TT1",187500,IF(G71="DT2",97500,IF(G71="TT2",97500,IF(G71="DT3",75000,75000))))))) -> 420000 | J71: HÀO | K71: =IF(G71="DTDB",300000,IF(G71="TTDB",300000,IF(G71="DT1",135000,IF(G71="TT1",135000,IF(G71="DT2",75000,IF(G71="TT2",75000,IF(G71="DT3",45000,45000))))))) -> 300000 | L71: VINH | M71: =IF(L71="-",0,IF(G71="DTDB",300000,IF(G71="TTDB",300000,IF(G71="DT1",135000,IF(G71="TT1",135000,IF(G71="DT2",75000,IF(G71="TT2",75000,IF(G71="DT3",45000,45000)))))))) -> 300000 | N71: =I71+K71+M71 -> 1020000
A72: 65 | B72: 15/7/2025 | C72: Lê Quang Ánh | D72: 61 | F72: PT thay toàn bộ khớp háng | G72: TTDB | H72: HOAN | I72: =IF(G72="DTDB",420000,IF(G72="TTDB",420000,IF(G72="DT1",187500,IF(G72="TT1",187500,IF(G72="DT2",97500,IF(G72="TT2",97500,IF(G72="DT3",75000,75000))))))) -> 420000 | J72: SƠN | K72: =IF(G72="DTDB",300000,IF(G72="TTDB",300000,IF(G72="DT1",135000,IF(G72="TT1",135000,IF(G72="DT2",75000,IF(G72="TT2",75000,IF(G72="DT3",45000,45000))))))) -> 300000 | L72: ĐẠT | M72: =IF(L72="-",0,IF(G72="DTDB",300000,IF(G72="TTDB",300000,IF(G72="DT1",135000,IF(G72="TT1",135000,IF(G72="DT2",75000,IF(G72="TT2",75000,IF(G72="DT3",45000,45000)))))))) -> 300000 | N72: =I72+K72+M72 -> 1020000
A73: 66 | B73: 15/7/2025 | C73: Nguyễn Văn Thanh | D73: 60 | F73: Cố định cột sống thắt lưng | G73: TTDB | H73: HOAN | I73: =IF(G73="DTDB",420000,IF(G73="TTDB",420000,IF(G73="DT1",187500,IF(G73="TT1",187500,IF(G73="DT2",97500,IF(G73="TT2",97500,IF(G73="DT3",75000,75000))))))) -> 420000 | J73: ĐIỀN | K73: =IF(G73="DTDB",300000,IF(G73="TTDB",300000,IF(G73="DT1",135000,IF(G73="TT1",135000,IF(G73="DT2",75000,IF(G73="TT2",75000,IF(G73="DT3",45000,45000))))))) -> 300000 | L73: VINH | M73: =IF(L73="-",0,IF(G73="DTDB",300000,IF(G73="TTDB",300000,IF(G73="DT1",135000,IF(G73="TT1",135000,IF(G73="DT2",75000,IF(G73="TT2",75000,IF(G73="DT3",45000,45000)))))))) -> 300000 | N73: =I73+K73+M73 -> 1020000
A74: 67 | B74: 16/7/2025 | C74: Nguyễn Thị Yến | E74: 50 | F74: Cố định cột sống và hàn liên thân đốt CSTL | G74: TTDB | H74: HOAN | I74: =IF(G74="DTDB",420000,IF(G74="TTDB",420000,IF(G74="DT1",187500,IF(G74="TT1",187500,IF(G74="DT2",97500,IF(G74="TT2",97500,IF(G74="DT3",75000,75000))))))) -> 420000 | J74: GIÀU | K74: =IF(G74="DTDB",300000,IF(G74="TTDB",300000,IF(G74="DT1",135000,IF(G74="TT1",135000,IF(G74="DT2",75000,IF(G74="TT2",75000,IF(G74="DT3",45000,45000))))))) -> 300000 | L74: HẬU | M74: =IF(L74="-",0,IF(G74="DTDB",300000,IF(G74="TTDB",300000,IF(G74="DT1",135000,IF(G74="TT1",135000,IF(G74="DT2",75000,IF(G74="TT2",75000,IF(G74="DT3",45000,45000)))))))) -> 300000 | N74: =I74+K74+M74 -> 1020000
A75: 68 | B75: 16/7/2025 | C75: La Thanh Tùng | D75: 51 | F75: PT cố định CS bằng vít qua cuống | G75: TTDB | H75: HOAN | I75: =IF(G75="DTDB",420000,IF(G75="TTDB",420000,IF(G75="DT1",187500,IF(G75="TT1",187500,IF(G75="DT2",97500,IF(G75="TT2",97500,IF(G75="DT3",75000,75000))))))) -> 420000 | J75: GIÀU | K75: =IF(G75="DTDB",300000,IF(G75="TTDB",300000,IF(G75="DT1",135000,IF(G75="TT1",135000,IF(G75="DT2",75000,IF(G75="TT2",75000,IF(G75="DT3",45000,45000))))))) -> 300000 | L75: HẬU | M75: =IF(L75="-",0,IF(G75="DTDB",300000,IF(G75="TTDB",300000,IF(G75="DT1",135000,IF(G75="TT1",135000,IF(G75="DT2",75000,IF(G75="TT2",75000,IF(G75="DT3",45000,45000)))))))) -> 300000 | N75: =I75+K75+M75 -> 1020000
A76: 69 | B76: 16/7/2025 | C76: La Thanh Tùng | D76: 51 | F76: KHX tăng sáng (80%) | G76: TTDB | H76: GIÀU | I76: =IF(G76="DTDB",420000,IF(G76="TTDB",420000,IF(G76="DT1",187500,IF(G76="TT1",187500,IF(G76="DT2",97500,IF(G76="TT2",97500,IF(G76="DT3",75000,75000))))))) -> 420000 | J76: KIỆT | K76: =IF(G76="DTDB",300000,IF(G76="TTDB",300000,IF(G76="DT1",135000,IF(G76="TT1",135000,IF(G76="DT2",75000,IF(G76="TT2",75000,IF(G76="DT3",45000,45000))))))) -> 300000 | L76: THANH | M76: =IF(L76="-",0,IF(G76="DTDB",300000,IF(G76="TTDB",300000,IF(G76="DT1",135000,IF(G76="TT1",135000,IF(G76="DT2",75000,IF(G76="TT2",75000,IF(G76="DT3",45000,45000)))))))) -> 300000 | N76: =I76+K76+M76 -> 1020000
A77: 70 | B77: 17/7/2025 | C77: Phạm Văn Phong | D77: 53 | F77: NS tái tạo dây chằng | G77: TTDB | H77: TRIỀU | I77: =IF(G77="DTDB",420000,IF(G77="TTDB",420000,IF(G77="DT1",187500,IF(G77="TT1",187500,IF(G77="DT2",97500,IF(G77="TT2",97500,IF(G77="DT3",75000,75000))))))) -> 420000 | J77: MINH | K77: =IF(G77="DTDB",300000,IF(G77="TTDB",300000,IF(G77="DT1",135000,IF(G77="TT1",135000,IF(G77="DT2",75000,IF(G77="TT2",75000,IF(G77="DT3",45000,45000))))))) -> 300000 | L77: TOẢN | M77: =IF(L77="-",0,IF(G77="DTDB",300000,IF(G77="TTDB",300000,IF(G77="DT1",135000,IF(G77="TT1",135000,IF(G77="DT2",75000,IF(G77="TT2",75000,IF(G77="DT3",45000,45000)))))))) -> 300000 | N77: =I77+K77+M77 -> 1020000
A78: 71 | B78: 17/7/2025 | C78: Đoàn Thị Huyền Trang | E78: 38 | F78: NS tái tạo dây chằng | G78: TTDB | H78: TRIỀU | I78: =IF(G78="DTDB",420000,IF(G78="TTDB",420000,IF(G78="DT1",187500,IF(G78="TT1",187500,IF(G78="DT2",97500,IF(G78="TT2",97500,IF(G78="DT3",75000,75000))))))) -> 420000 | J78: MINH | K78: =IF(G78="DTDB",300000,IF(G78="TTDB",300000,IF(G78="DT1",135000,IF(G78="TT1",135000,IF(G78="DT2",75000,IF(G78="TT2",75000,IF(G78="DT3",45000,45000))))))) -> 300000 | L78: TOẢN | M78: =IF(L78="-",0,IF(G78="DTDB",300000,IF(G78="TTDB",300000,IF(G78="DT1",135000,IF(G78="TT1",135000,IF(G78="DT2",75000,IF(G78="TT2",75000,IF(G78="DT3",45000,45000)))))))) -> 300000 | N78: =I78+K78+M78 -> 1020000
A79: 72 | B79: 17/7/2025 | C79: Huỳnh Văn Tới | D79: 36 | F79: NS tái tạo dây chằng | G79: TTDB | H79: MINH | I79: =IF(G79="DTDB",420000,IF(G79="TTDB",420000,IF(G79="DT1",187500,IF(G79="TT1",187500,IF(G79="DT2",97500,IF(G79="TT2",97500,IF(G79="DT3",75000,75000))))))) -> 420000 | J79: NGUYÊN | K79: =IF(G79="DTDB",300000,IF(G79="TTDB",300000,IF(G79="DT1",135000,IF(G79="TT1",135000,IF(G79="DT2",75000,IF(G79="TT2",75000,IF(G79="DT3",45000,45000))))))) -> 300000 | L79: Q.TẤN | M79: =IF(L79="-",0,IF(G79="DTDB",300000,IF(G79="TTDB",300000,IF(G79="DT1",135000,IF(G79="TT1",135000,IF(G79="DT2",75000,IF(G79="TT2",75000,IF(G79="DT3",45000,45000)))))))) -> 300000 | N79: =I79+K79+M79 -> 1020000
A80: 73 | B80: 17/7/2025 | C80: La Thanh Sang | D80: 47 | F80: KHX trên màn hình tăng sáng | G80: TTDB | H80: V.TÂN | I80: =IF(G80="DTDB",420000,IF(G80="TTDB",420000,IF(G80="DT1",187500,IF(G80="TT1",187500,IF(G80="DT2",97500,IF(G80="TT2",97500,IF(G80="DT3",75000,75000))))))) -> 420000 | J80: ĐAN | K80: =IF(G80="DTDB",300000,IF(G80="TTDB",300000,IF(G80="DT1",135000,IF(G80="TT1",135000,IF(G80="DT2",75000,IF(G80="TT2",75000,IF(G80="DT3",45000,45000))))))) -> 300000 | L80: Q.TẤN | M80: =IF(L80="-",0,IF(G80="DTDB",300000,IF(G80="TTDB",300000,IF(G80="DT1",135000,IF(G80="TT1",135000,IF(G80="DT2",75000,IF(G80="TT2",75000,IF(G80="DT3",45000,45000)))))))) -> 300000 | N80: =I80+K80+M80 -> 1020000
A81: 74 | B81: 17/7/2025 | C81: Nguyễn Tùng Quân | D81: 58 | F81: PT vết thương phức tạp | G81: TT1 | H81: HOAN | I81: =IF(G81="DTDB",420000,IF(G81="TTDB",420000,IF(G81="DT1",187500,IF(G81="TT1",187500,IF(G81="DT2",97500,IF(G81="TT2",97500,IF(G81="DT3",75000,75000))))))) -> 187500 | J81: ĐẠT | K81: =IF(G81="DTDB",300000,IF(G81="TTDB",300000,IF(G81="DT1",135000,IF(G81="TT1",135000,IF(G81="DT2",75000,IF(G81="TT2",75000,IF(G81="DT3",45000,45000))))))) -> 135000 | L81: - | M81: =IF(L81="-",0,IF(G81="DTDB",300000,IF(G81="TTDB",300000,IF(G81="DT1",135000,IF(G81="TT1",135000,IF(G81="DT2",75000,IF(G81="TT2",75000,IF(G81="DT3",45000,45000)))))))) -> 0 | N81: =I81+K81+M81 -> 322500
A82: 75 | B82: 18/7/2025 | C82: Hồ Nguyễn Tố Như | E82: 22 | F82: KHX trên màn hình tăng sáng | G82: DTDB | H82: V.TÂN | I82: =IF(G82="DTDB",420000,IF(G82="TTDB",420000,IF(G82="DT1",187500,IF(G82="TT1",187500,IF(G82="DT2",97500,IF(G82="TT2",97500,IF(G82="DT3",75000,75000))))))) -> 420000 | J82: ĐẠT | K82: =IF(G82="DTDB",300000,IF(G82="TTDB",300000,IF(G82="DT1",135000,IF(G82="TT1",135000,IF(G82="DT2",75000,IF(G82="TT2",75000,IF(G82="DT3",45000,45000))))))) -> 300000 | L82: HÀO | M82: =IF(L82="-",0,IF(G82="DTDB",300000,IF(G82="TTDB",300000,IF(G82="DT1",135000,IF(G82="TT1",135000,IF(G82="DT2",75000,IF(G82="TT2",75000,IF(G82="DT3",45000,45000)))))))) -> 300000 | N82: =I82+K82+M82 -> 1020000
A83: 76 | B83: 18/7/2025 | C83: Võ Thị Lệ Hai | E83: 64 | F83: KHX trên màn hình tăng sáng | G83: TTDB | H83: GIÀU | I83: =IF(G83="DTDB",420000,IF(G83="TTDB",420000,IF(G83="DT1",187500,IF(G83="TT1",187500,IF(G83="DT2",97500,IF(G83="TT2",97500,IF(G83="DT3",75000,75000))))))) -> 420000 | J83: Q.TẤN | K83: =IF(G83="DTDB",300000,IF(G83="TTDB",300000,IF(G83="DT1",135000,IF(G83="TT1",135000,IF(G83="DT2",75000,IF(G83="TT2",75000,IF(G83="DT3",45000,45000))))))) -> 300000 | L83: VINH | M83: =IF(L83="-",0,IF(G83="DTDB",300000,IF(G83="TTDB",300000,IF(G83="DT1",135000,IF(G83="TT1",135000,IF(G83="DT2",75000,IF(G83="TT2",75000,IF(G83="DT3",45000,45000)))))))) -> 300000 | N83: =I83+K83+M83 -> 1020000
A84: 77 | B84: 18/7/2025 | C84: Nguyễn Thị Lộc | E84: 63 | F84: PT thay toàn bộ khớp gối | G84: TTDB | H84: HOAN | I84: =IF(G84="DTDB",420000,IF(G84="TTDB",420000,IF(G84="DT1",187500,IF(G84="TT1",187500,IF(G84="DT2",97500,IF(G84="TT2",97500,IF(G84="DT3",75000,75000))))))) -> 420000 | J84: SƠN | K84: =IF(G84="DTDB",300000,IF(G84="TTDB",300000,IF(G84="DT1",135000,IF(G84="TT1",135000,IF(G84="DT2",75000,IF(G84="TT2",75000,IF(G84="DT3",45000,45000))))))) -> 300000 | L84: VINH | M84: =IF(L84="-",0,IF(G84="DTDB",300000,IF(G84="TTDB",300000,IF(G84="DT1",135000,IF(G84="TT1",135000,IF(G84="DT2",75000,IF(G84="TT2",75000,IF(G84="DT3",45000,45000)))))))) -> 300000 | N84: =I84+K84+M84 -> 1020000
A85: 78 | B85: 18/7/2025 | C85: Huỳnh Thành Gấm | D85: 41 | F85: PTNS tái tạo dây chằng | G85: TTDB | H85: MINH | I85: =IF(G85="DTDB",420000,IF(G85="TTDB",420000,IF(G85="DT1",187500,IF(G85="TT1",187500,IF(G85="DT2",97500,IF(G85="TT2",97500,IF(G85="DT3",75000,75000))))))) -> 420000 | J85: TOẢN | K85: =IF(G85="DTDB",300000,IF(G85="TTDB",300000,IF(G85="DT1",135000,IF(G85="TT1",135000,IF(G85="DT2",75000,IF(G85="TT2",75000,IF(G85="DT3",45000,45000))))))) -> 300000 | L85: Q.TẤN | M85: =IF(L85="-",0,IF(G85="DTDB",300000,IF(G85="TTDB",300000,IF(G85="DT1",135000,IF(G85="TT1",135000,IF(G85="DT2",75000,IF(G85="TT2",75000,IF(G85="DT3",45000,45000)))))))) -> 300000 | N85: =I85+K85+M85 -> 1020000
A86: 79 | B86: 19/7/2025 | C86: Trần Thị Chanh | E86: 57 | F86: KHX trên màn hình tăng sáng | G86: TTDB | H86: GIÀU | I86: =IF(G86="DTDB",420000,IF(G86="TTDB",420000,IF(G86="DT1",187500,IF(G86="TT1",187500,IF(G86="DT2",97500,IF(G86="TT2",97500,IF(G86="DT3",75000,75000))))))) -> 420000 | J86: VINH | K86: =IF(G86="DTDB",300000,IF(G86="TTDB",300000,IF(G86="DT1",135000,IF(G86="TT1",135000,IF(G86="DT2",75000,IF(G86="TT2",75000,IF(G86="DT3",45000,45000))))))) -> 300000 | L86: Q.TẤN | M86: =IF(L86="-",0,IF(G86="DTDB",300000,IF(G86="TTDB",300000,IF(G86="DT1",135000,IF(G86="TT1",135000,IF(G86="DT2",75000,IF(G86="TT2",75000,IF(G86="DT3",45000,45000)))))))) -> 300000 | N86: =I86+K86+M86 -> 1020000
A87: 80 | B87: 19/7/2025 | C87: Lê Thành Sang | D87: 54 | F87: PT thay toàn bộ khớp háng | G87: TTDB | H87: TẤN | I87: =IF(G87="DTDB",420000,IF(G87="TTDB",420000,IF(G87="DT1",187500,IF(G87="TT1",187500,IF(G87="DT2",97500,IF(G87="TT2",97500,IF(G87="DT3",75000,75000))))))) -> 420000 | J87: GIÀU | K87: =IF(G87="DTDB",300000,IF(G87="TTDB",300000,IF(G87="DT1",135000,IF(G87="TT1",135000,IF(G87="DT2",75000,IF(G87="TT2",75000,IF(G87="DT3",45000,45000))))))) -> 300000 | L87: ĐẠT | M87: =IF(L87="-",0,IF(G87="DTDB",300000,IF(G87="TTDB",300000,IF(G87="DT1",135000,IF(G87="TT1",135000,IF(G87="DT2",75000,IF(G87="TT2",75000,IF(G87="DT3",45000,45000)))))))) -> 300000 | N87: =I87+K87+M87 -> 1020000
A88: 81 | B88: 19/7/2025 | C88: Võ Ngọc Nữ | E88: 57 | F88: PT thay toàn bộ khớp gối | G88: TTDB | H88: TẤN | I88: =IF(G88="DTDB",420000,IF(G88="TTDB",420000,IF(G88="DT1",187500,IF(G88="TT1",187500,IF(G88="DT2",97500,IF(G88="TT2",97500,IF(G88="DT3",75000,75000))))))) -> 420000 | J88: GIÀU | K88: =IF(G88="DTDB",300000,IF(G88="TTDB",300000,IF(G88="DT1",135000,IF(G88="TT1",135000,IF(G88="DT2",75000,IF(G88="TT2",75000,IF(G88="DT3",45000,45000))))))) -> 300000 | L88: - | M88: =IF(L88="-",0,IF(G88="DTDB",300000,IF(G88="TTDB",300000,IF(G88="DT1",135000,IF(G88="TT1",135000,IF(G88="DT2",75000,IF(G88="TT2",75000,IF(G88="DT3",45000,45000)))))))) -> 0 | N88: =I88+K88+M88 -> 720000
A89: 82 | B89: 19/7/2025 | C89: Văn Lê Anh Tuấn | D89: 20 | F89: PTNS điều trị mất vững khớp vai | G89: TT1 | H89: TOẢN | I89: =IF(G89="DTDB",420000,IF(G89="TTDB",420000,IF(G89="DT1",187500,IF(G89="TT1",187500,IF(G89="DT2",97500,IF(G89="TT2",97500,IF(G89="DT3",75000,75000))))))) -> 187500 | J89: MINH | K89: =IF(G89="DTDB",300000,IF(G89="TTDB",300000,IF(G89="DT1",135000,IF(G89="TT1",135000,IF(G89="DT2",75000,IF(G89="TT2",75000,IF(G89="DT3",45000,45000))))))) -> 135000 | L89: Q.TẤN | M89: =IF(L89="-",0,IF(G89="DTDB",300000,IF(G89="TTDB",300000,IF(G89="DT1",135000,IF(G89="TT1",135000,IF(G89="DT2",75000,IF(G89="TT2",75000,IF(G89="DT3",45000,45000)))))))) -> 135000 | N89: =I89+K89+M89 -> 457500
A90: 83 | B90: 20/7/2025 | C90: Trần Phước Hoàng | D90: 21 | F90: KHX trên màn hình tăng sáng | G90: TTDB | H90: ĐIỀN | I90: =IF(G90="DTDB",420000,IF(G90="TTDB",420000,IF(G90="DT1",187500,IF(G90="TT1",187500,IF(G90="DT2",97500,IF(G90="TT2",97500,IF(G90="DT3",75000,75000))))))) -> 420000 | J90: VINH | K90: =IF(G90="DTDB",300000,IF(G90="TTDB",300000,IF(G90="DT1",135000,IF(G90="TT1",135000,IF(G90="DT2",75000,IF(G90="TT2",75000,IF(G90="DT3",45000,45000))))))) -> 300000 | L90: HÀO | M90: =IF(L90="-",0,IF(G90="DTDB",300000,IF(G90="TTDB",300000,IF(G90="DT1",135000,IF(G90="TT1",135000,IF(G90="DT2",75000,IF(G90="TT2",75000,IF(G90="DT3",45000,45000)))))))) -> 300000 | N90: =I90+K90+M90 -> 1020000
A91: 84 | B91: 21/7/2025 | C91: Huỳnh Thị Thúy | E91: 47 | F91: KHX trên màn hình tăng sáng | G91: TTDB | H91: GIÀU | I91: =IF(G91="DTDB",420000,IF(G91="TTDB",420000,IF(G91="DT1",187500,IF(G91="TT1",187500,IF(G91="DT2",97500,IF(G91="TT2",97500,IF(G91="DT3",75000,75000))))))) -> 420000 | J91: ĐAN | K91: =IF(G91="DTDB",300000,IF(G91="TTDB",300000,IF(G91="DT1",135000,IF(G91="TT1",135000,IF(G91="DT2",75000,IF(G91="TT2",75000,IF(G91="DT3",45000,45000))))))) -> 300000 | L91: PHONG | M91: =IF(L91="-",0,IF(G91="DTDB",300000,IF(G91="TTDB",300000,IF(G91="DT1",135000,IF(G91="TT1",135000,IF(G91="DT2",75000,IF(G91="TT2",75000,IF(G91="DT3",45000,45000)))))))) -> 300000 | N91: =I91+K91+M91 -> 1020000
A92: 85 | B92: 21/7/2025 | C92: Huỳnh Thị Thúy | E92: 47 | F92: KHX trên màn hình tăng sáng (50%) | G92: TTDB | H92: GIÀU | I92: =IF(G92="DTDB",420000,IF(G92="TTDB",420000,IF(G92="DT1",187500,IF(G92="TT1",187500,IF(G92="DT2",97500,IF(G92="TT2",97500,IF(G92="DT3",75000,75000))))))) -> 420000 | J92: Q.TẤN | K92: =IF(G92="DTDB",300000,IF(G92="TTDB",300000,IF(G92="DT1",135000,IF(G92="TT1",135000,IF(G92="DT2",75000,IF(G92="TT2",75000,IF(G92="DT3",45000,45000))))))) -> 300000 | L92: KIỆT | M92: =IF(L92="-",0,IF(G92="DTDB",300000,IF(G92="TTDB",300000,IF(G92="DT1",135000,IF(G92="TT1",135000,IF(G92="DT2",75000,IF(G92="TT2",75000,IF(G92="DT3",45000,45000)))))))) -> 300000 | N92: =I92+K92+M92 -> 1020000
A93: 86 | B93: 21/7/2025 | C93: Huỳnh Thanh Dân | D93: 58 | F93: KHX trên màn hình tăng sáng | G93: TTDB | H93: GIÀU | I93: =IF(G93="DTDB",420000,IF(G93="TTDB",420000,IF(G93="DT1",187500,IF(G93="TT1",187500,IF(G93="DT2",97500,IF(G93="TT2",97500,IF(G93="DT3",75000,75000))))))) -> 420000 | J93: Q.TẤN | K93: =IF(G93="DTDB",300000,IF(G93="TTDB",300000,IF(G93="DT1",135000,IF(G93="TT1",135000,IF(G93="DT2",75000,IF(G93="TT2",75000,IF(G93="DT3",45000,45000))))))) -> 300000 | L93: ĐAN | M93: =IF(L93="-",0,IF(G93="DTDB",300000,IF(G93="TTDB",300000,IF(G93="DT1",135000,IF(G93="TT1",135000,IF(G93="DT2",75000,IF(G93="TT2",75000,IF(G93="DT3",45000,45000)))))))) -> 300000 | N93: =I93+K93+M93 -> 1020000
A94: 87 | B94: 21/7/2025 | C94: Dương Phúc Ngọ | D94: 71 | F94: KHX trên màn hình tăng sáng | G94: DTDB | H94: HOAN | I94: =IF(G94="DTDB",420000,IF(G94="TTDB",420000,IF(G94="DT1",187500,IF(G94="TT1",187500,IF(G94="DT2",97500,IF(G94="TT2",97500,IF(G94="DT3",75000,75000))))))) -> 420000 | J94: TOẢN | K94: =IF(G94="DTDB",300000,IF(G94="TTDB",300000,IF(G94="DT1",135000,IF(G94="TT1",135000,IF(G94="DT2",75000,IF(G94="TT2",75000,IF(G94="DT3",45000,45000))))))) -> 300000 | L94: ĐAN | M94: =IF(L94="-",0,IF(G94="DTDB",300000,IF(G94="TTDB",300000,IF(G94="DT1",135000,IF(G94="TT1",135000,IF(G94="DT2",75000,IF(G94="TT2",75000,IF(G94="DT3",45000,45000)))))))) -> 300000 | N94: =I94+K94+M94 -> 1020000
A95: 88 | B95: 22/7/2025 | C95: Lê Thị Đẹt | E95: 58 | F95: Cố định cột sống thắt lưng | G95: DTDB | H95: GIÀU | I95: =IF(G95="DTDB",420000,IF(G95="TTDB",420000,IF(G95="DT1",187500,IF(G95="TT1",187500,IF(G95="DT2",97500,IF(G95="TT2",97500,IF(G95="DT3",75000,75000))))))) -> 420000 | J95: Q.TẤN | K95: =IF(G95="DTDB",300000,IF(G95="TTDB",300000,IF(G95="DT1",135000,IF(G95="TT1",135000,IF(G95="DT2",75000,IF(G95="TT2",75000,IF(G95="DT3",45000,45000))))))) -> 300000 | L95: VINH | M95: =IF(L95="-",0,IF(G95="DTDB",300000,IF(G95="TTDB",300000,IF(G95="DT1",135000,IF(G95="TT1",135000,IF(G95="DT2",75000,IF(G95="TT2",75000,IF(G95="DT3",45000,45000)))))))) -> 300000 | N95: =I95+K95+M95 -> 1020000
A96: 89 | B96: 22/7/2025 | C96: Nguyễn Văn Điền | D96: 59 | F96: PT vết thương phần mềm phức tạp | G96: DT1 | H96: GIÀU | I96: =IF(G96="DTDB",420000,IF(G96="TTDB",420000,IF(G96="DT1",187500,IF(G96="TT1",187500,IF(G96="DT2",97500,IF(G96="TT2",97500,IF(G96="DT3",75000,75000))))))) -> 187500 | J96: ĐẠT | K96: =IF(G96="DTDB",300000,IF(G96="TTDB",300000,IF(G96="DT1",135000,IF(G96="TT1",135000,IF(G96="DT2",75000,IF(G96="TT2",75000,IF(G96="DT3",45000,45000))))))) -> 135000 | L96: ĐAN | M96: =IF(L96="-",0,IF(G96="DTDB",300000,IF(G96="TTDB",300000,IF(G96="DT1",135000,IF(G96="TT1",135000,IF(G96="DT2",75000,IF(G96="TT2",75000,IF(G96="DT3",45000,45000)))))))) -> 135000 | N96: =I96+K96+M96 -> 457500
A97: 90 | B97: 22/7/2025 | C97: NGUYỄN THỊ THANH THUỶ | E97: 66 | F97: PTNS khâu chóp xoay | G97: TTDB | H97: SƠN | I97: =IF(G97="DTDB",420000,IF(G97="TTDB",420000,IF(G97="DT1",187500,IF(G97="TT1",187500,IF(G97="DT2",97500,IF(G97="TT2",97500,IF(G97="DT3",75000,75000))))))) -> 420000 | J97: MINH | K97: =IF(G97="DTDB",300000,IF(G97="TTDB",300000,IF(G97="DT1",135000,IF(G97="TT1",135000,IF(G97="DT2",75000,IF(G97="TT2",75000,IF(G97="DT3",45000,45000))))))) -> 300000 | L97: TOẢN | M97: =IF(L97="-",0,IF(G97="DTDB",300000,IF(G97="TTDB",300000,IF(G97="DT1",135000,IF(G97="TT1",135000,IF(G97="DT2",75000,IF(G97="TT2",75000,IF(G97="DT3",45000,45000)))))))) -> 300000 | N97: =I97+K97+M97 -> 1020000
A98: 91 | B98: 22/7/2025 | C98: Nguyễn Văn Ngàn | D98: 58 | F98: PT thay khớp gối trái toàn phần | G98: TTDB | H98: TẤN | I98: =IF(G98="DTDB",420000,IF(G98="TTDB",420000,IF(G98="DT1",187500,IF(G98="TT1",187500,IF(G98="DT2",97500,IF(G98="TT2",97500,IF(G98="DT3",75000,75000))))))) -> 420000 | J98: GIÀU | K98: =IF(G98="DTDB",300000,IF(G98="TTDB",300000,IF(G98="DT1",135000,IF(G98="TT1",135000,IF(G98="DT2",75000,IF(G98="TT2",75000,IF(G98="DT3",45000,45000))))))) -> 300000 | L98: Q.TẤN | M98: =IF(L98="-",0,IF(G98="DTDB",300000,IF(G98="TTDB",300000,IF(G98="DT1",135000,IF(G98="TT1",135000,IF(G98="DT2",75000,IF(G98="TT2",75000,IF(G98="DT3",45000,45000)))))))) -> 300000 | N98: =I98+K98+M98 -> 1020000
A99: 92 | B99: 23/7/2025 | C99: Trần Gia Bách | D99: 25 | F99: Lấy nhân đệm qua da | G99: TT1 | H99: GIÀU | I99: =IF(G99="DTDB",420000,IF(G99="TTDB",420000,IF(G99="DT1",187500,IF(G99="TT1",187500,IF(G99="DT2",97500,IF(G99="TT2",97500,IF(G99="DT3",75000,75000))))))) -> 187500 | J99: NGUYÊN | K99: =IF(G99="DTDB",300000,IF(G99="TTDB",300000,IF(G99="DT1",135000,IF(G99="TT1",135000,IF(G99="DT2",75000,IF(G99="TT2",75000,IF(G99="DT3",45000,45000))))))) -> 135000 | L99: HẬU | M99: =IF(L99="-",0,IF(G99="DTDB",300000,IF(G99="TTDB",300000,IF(G99="DT1",135000,IF(G99="TT1",135000,IF(G99="DT2",75000,IF(G99="TT2",75000,IF(G99="DT3",45000,45000)))))))) -> 135000 | N99: =I99+K99+M99 -> 457500
A100: 93 | B100: 23/7/2025 | C100: Nguyễn Thị Vương | E100: 58 | F100: PT thay khớp háng toàn phần | G100: TTDB | H100: HOAN | I100: =IF(G100="DTDB",420000,IF(G100="TTDB",420000,IF(G100="DT1",187500,IF(G100="TT1",187500,IF(G100="DT2",97500,IF(G100="TT2",97500,IF(G100="DT3",75000,75000))))))) -> 420000 | J100: SƠN | K100: =IF(G100="DTDB",300000,IF(G100="TTDB",300000,IF(G100="DT1",135000,IF(G100="TT1",135000,IF(G100="DT2",75000,IF(G100="TT2",75000,IF(G100="DT3",45000,45000))))))) -> 300000 | L100: ĐẠT | M100: =IF(L100="-",0,IF(G100="DTDB",300000,IF(G100="TTDB",300000,IF(G100="DT1",135000,IF(G100="TT1",135000,IF(G100="DT2",75000,IF(G100="TT2",75000,IF(G100="DT3",45000,45000)))))))) -> 300000 | N100: =I100+K100+M100 -> 1020000
A101: 94 | B101: 23/7/2025 | C101: Nguyễn Thị Hội | D101: 75 | F101: PT thay khớp háng bán phần | G101: TT1 | H101: HOAN | I101: =IF(G101="DTDB",420000,IF(G101="TTDB",420000,IF(G101="DT1",187500,IF(G101="TT1",187500,IF(G101="DT2",97500,IF(G101="TT2",97500,IF(G101="DT3",75000,75000))))))) -> 187500 | J101: V.TÂN | K101: =IF(G101="DTDB",300000,IF(G101="TTDB",300000,IF(G101="DT1",135000,IF(G101="TT1",135000,IF(G101="DT2",75000,IF(G101="TT2",75000,IF(G101="DT3",45000,45000))))))) -> 135000 | L101: ĐẠT | M101: =IF(L101="-",0,IF(G101="DTDB",300000,IF(G101="TTDB",300000,IF(G101="DT1",135000,IF(G101="TT1",135000,IF(G101="DT2",75000,IF(G101="TT2",75000,IF(G101="DT3",45000,45000)))))))) -> 135000 | N101: =I101+K101+M101 -> 457500
A102: 95 | B102: 24/7/2025 | C102: Trịnh Văn Tới | D102: 60 | F102: PT tổn thương gân Achille | G102: TT1 | H102: MINH | I102: =IF(G102="DTDB",420000,IF(G102="TTDB",420000,IF(G102="DT1",187500,IF(G102="TT1",187500,IF(G102="DT2",97500,IF(G102="TT2",97500,IF(G102="DT3",75000,75000))))))) -> 187500 | J102: ĐAN | K102: =IF(G102="DTDB",300000,IF(G102="TTDB",300000,IF(G102="DT1",135000,IF(G102="TT1",135000,IF(G102="DT2",75000,IF(G102="TT2",75000,IF(G102="DT3",45000,45000))))))) -> 135000 | L102: KIỆT | M102: =IF(L102="-",0,IF(G102="DTDB",300000,IF(G102="TTDB",300000,IF(G102="DT1",135000,IF(G102="TT1",135000,IF(G102="DT2",75000,IF(G102="TT2",75000,IF(G102="DT3",45000,45000)))))))) -> 135000 | N102: =I102+K102+M102 -> 457500
...

Sheet lanh tien PT_BHYT
A1: BV TRƯỜNG ĐHYD CẦN THƠ
A2: KHOA NGOẠI CTCH-TK
A3: DANH SÁCH LÃNH TIỀN THÙ LAO THÁNG 7/2025
A4: (BHYT)
A6: STT | B6: HỌ TÊN | C6: CHỨC VỤ | D6: SỐ TÀI KHOẢN | E6: SỐ TIỀN | F6: Thuế 10%
A7: 1 | B7: Phạm Việt Triều | C7: Bác sĩ | D7: 102006610216 | E7: =SUM(SUMIF(phauthuat_BHYT!$H$8:$H$185,"TRIỀU",phauthuat_BHYT!$I$8:$I$185),SUMIF(phauthuat_BHYT!$J$8:$J$185,"TRIỀU",phauthuat_BHYT!$K$8:$K$185),SUMIF(phauthuat_BHYT!$L$8:$L$185,"TRIỀU",phauthuat_BHYT!$M$8:$M$185)) -> 2100000
A8: 2 | B8: Nguyễn Thành Tấn | C8: Bác sĩ | D8: 103006610215 | E8: =SUM(SUMIF(phauthuat_BHYT!$H$8:$H$185,"TẤN",phauthuat_BHYT!$I$8:$I$185),SUMIF(phauthuat_BHYT!$J$8:$J$185,"TẤN",phauthuat_BHYT!$K$8:$K$185),SUMIF(phauthuat_BHYT!$L$8:$L$185,"TẤN",phauthuat_BHYT!$M$8:$M$185)) -> 2100000
A9: 3 | B9: Nguyễn Lê Hoan | C9: Bác sĩ | D9: 100006610218 | E9: =SUM(SUMIF(phauthuat_BHYT!$H$8:$H$185,"HOAN",phauthuat_BHYT!$I$8:$I$185),SUMIF(phauthuat_BHYT!$J$8:$J$185,"HOAN",phauthuat_BHYT!$K$8:$K$185),SUMIF(phauthuat_BHYT!$L$8:$L$185,"HOAN",phauthuat_BHYT!$M$8:$M$185)) -> 14985000
A10: 4 | B10: Nguyễn Chí Nguyện | C10: Bác sĩ | D10: 105001159195 | E10: =SUM(SUMIF(phauthuat_BHYT!$H$8:$H$185,"NGUYỆN",phauthuat_BHYT!$I$8:$I$185),SUMIF(phauthuat_BHYT!$J$8:$J$185,"NGUYỆN",phauthuat_BHYT!$K$8:$K$185),SUMIF(phauthuat_BHYT!$L$8:$L$185,"NGUYỆN",phauthuat_BHYT!$M$8:$M$185)) -> 0
A11: 5 | B11: Hồ Điền | C11: Bác sĩ | D11: 105001225232 | E11: =SUM(SUMIF(phauthuat_BHYT!$H$8:$H$185,"ĐIỀN",phauthuat_BHYT!$I$8:$I$185),SUMIF(phauthuat_BHYT!$J$8:$J$185,"ĐIỀN",phauthuat_BHYT!$K$8:$K$185),SUMIF(phauthuat_BHYT!$L$8:$L$185,"ĐIỀN",phauthuat_BHYT!$M$8:$M$185)) -> 6142500
A12: 6 | B12: Trần Quốc Toản | C12: Bác sĩ | D12: 107868829237 | E12: =SUM(SUMIF(phauthuat_BHYT!$H$8:$H$185,"TOẢN",phauthuat_BHYT!$I$8:$I$185),SUMIF(phauthuat_BHYT!$J$8:$J$185,"TOẢN",phauthuat_BHYT!$K$8:$K$185),SUMIF(phauthuat_BHYT!$L$8:$L$185,"TOẢN",phauthuat_BHYT!$M$8:$M$185)) -> 8062500
A13: 7 | B13: Đặng Phước Giàu | C13: Bác sĩ | D13: 105867664283 | E13: =SUM(SUMIF(phauthuat_BHYT!$H$8:$H$185,"giàu",phauthuat_BHYT!$I$8:$I$185),SUMIF(phauthuat_BHYT!$J$8:$J$185,"giàu",phauthuat_BHYT!$K$8:$K$185),SUMIF(phauthuat_BHYT!$L$8:$L$185,"giàu",phauthuat_BHYT!$M$8:$M$185)) -> 15855000
A14: 8 | B14: Phạm Việt Tân | C14: Bác sĩ | D14: 104000362303 | E14: =SUM(SUMIF(phauthuat_BHYT!$H$8:$H$185,"v.tân",phauthuat_BHYT!$I$8:$I$185),SUMIF(phauthuat_BHYT!$J$8:$J$185,"v.tân",phauthuat_BHYT!$K$8:$K$185),SUMIF(phauthuat_BHYT!$L$8:$L$185,"v.tân",phauthuat_BHYT!$M$8:$M$185)) -> 8520000
A15: 9 | B15: Bùi Công Minh | C15: Bác sĩ | D15: 105003414654 | E15: =SUM(SUMIF(phauthuat_BHYT!$H$8:$H$185,"minh",phauthuat_BHYT!$I$8:$I$185),SUMIF(phauthuat_BHYT!$J$8:$J$185,"minh",phauthuat_BHYT!$K$8:$K$185),SUMIF(phauthuat_BHYT!$L$8:$L$185,"minh",phauthuat_BHYT!$M$8:$M$185)) -> 5415000
A16: 10 | B16: Phan Văn Tuấn | C16: Bác sĩ | D16: 105872433048 | E16: =SUM(SUMIF(phauthuat_BHYT!$H$8:$H$185,"TUẤN",phauthuat_BHYT!$I$8:$I$185),SUMIF(phauthuat_BHYT!$J$8:$J$185,"TUẤN",phauthuat_BHYT!$K$8:$K$185),SUMIF(phauthuat_BHYT!$L$8:$L$185,"TUẤN",phauthuat_BHYT!$M$8:$M$185)) -> 0
A17: 11 | B17: Nguyễn Hữu Đạt | C17: Bác sĩ | D17: 103876067585 | E17: =SUM(SUMIF(phauthuat_BHYT!$H$8:$H$185,"đạt",phauthuat_BHYT!$I$8:$I$185),SUMIF(phauthuat_BHYT!$J$8:$J$185,"đạt",phauthuat_BHYT!$K$8:$K$185),SUMIF(phauthuat_BHYT!$L$8:$L$185,"đạt",phauthuat_BHYT!$M$8:$M$185)) -> 4575000
A18: 12 | B18: Trần Quang Sơn | C18: Bác sĩ | D18: 107004193662 | E18: =SUM(SUMIF(phauthuat_BHYT!$H$8:$H$185,"sơn",phauthuat_BHYT!$I$8:$I$185),SUMIF(phauthuat_BHYT!$J$8:$J$185,"sơn",phauthuat_BHYT!$K$8:$K$185),SUMIF(phauthuat_BHYT!$L$8:$L$185,"sơn",phauthuat_BHYT!$M$8:$M$185)) -> 1620000
A19: 13 | B19: Điều Tấn Kiệt | C19: Bác sĩ (nt) | D19: 105883051352 | E19: =SUM(SUMIF(phauthuat_BHYT!$H$8:$H$185,"kiệt",phauthuat_BHYT!$I$8:$I$185),SUMIF(phauthuat_BHYT!$J$8:$J$185,"kiệt",phauthuat_BHYT!$K$8:$K$185),SUMIF(phauthuat_BHYT!$L$8:$L$185,"kiệt",phauthuat_BHYT!$M$8:$M$185)) -> 735000
A20: 14 | B20: Nguyễn Lê Duy Phong | C20: Bác sĩ (nt) | E20: =SUM(SUMIF(phauthuat_BHYT!$H$8:$H$185,"phong",phauthuat_BHYT!$I$8:$I$185),SUMIF(phauthuat_BHYT!$J$8:$J$185,"phong",phauthuat_BHYT!$K$8:$K$185),SUMIF(phauthuat_BHYT!$L$8:$L$185,"phong",phauthuat_BHYT!$M$8:$M$185)) -> 900000
A21: 15 | B21: Trương Đại Lợi | C21: Bác sĩ (nt) | E21: =SUM(SUMIF(phauthuat_BHYT!$H$8:$H$185,"lợi",phauthuat_BHYT!$I$8:$I$185),SUMIF(phauthuat_BHYT!$J$8:$J$185,"lợi",phauthuat_BHYT!$K$8:$K$185),SUMIF(phauthuat_BHYT!$L$8:$L$185,"lợi",phauthuat_BHYT!$M$8:$M$185)) -> 0
A22: 16 | B22: Nguyễn Chí Thanh | C22: Bác sĩ (nt) | E22: =SUM(SUMIF(phauthuat_BHYT!$H$8:$H$185,"thanh",phauthuat_BHYT!$I$8:$I$185),SUMIF(phauthuat_BHYT!$J$8:$J$185,"thanh",phauthuat_BHYT!$K$8:$K$185),SUMIF(phauthuat_BHYT!$L$8:$L$185,"thanh",phauthuat_BHYT!$M$8:$M$185)) -> 570000
A23: 17 | B23: Lê Nhỉ Khang | C23: Bác sĩ (nt) | E23: =SUM(SUMIF(phauthuat_BHYT!$H$8:$H$185,"N.KHANG",phauthuat_BHYT!$I$8:$I$185),SUMIF(phauthuat_BHYT!$J$8:$J$185,"N.KHANG",phauthuat_BHYT!$K$8:$K$185),SUMIF(phauthuat_BHYT!$L$8:$L$185,"N.KHANG",phauthuat_BHYT!$M$8:$M$185)) -> 0
A24: 18 | B24: Phạm Văn Hưởng | C24: Bác sĩ (nt) | E24: =SUM(SUMIF(phauthuat_BHYT!$H$8:$H$185,"v.hưởng",phauthuat_BHYT!$I$8:$I$185),SUMIF(phauthuat_BHYT!$J$8:$J$185,"v.hưởng",phauthuat_BHYT!$K$8:$K$185),SUMIF(phauthuat_BHYT!$L$8:$L$185,"v.hưởng",phauthuat_BHYT!$M$8:$M$185)) -> 435000
A25: 19 | B25: Trần Trung Nghĩa | C25: Bác sĩ (nt) | E25: =SUM(SUMIF(phauthuat_BHYT!$H$8:$H$185,"nghĩa",phauthuat_BHYT!$I$8:$I$185),SUMIF(phauthuat_BHYT!$J$8:$J$185,"nghĩa",phauthuat_BHYT!$K$8:$K$185),SUMIF(phauthuat_BHYT!$L$8:$L$185,"nghĩa",phauthuat_BHYT!$M$8:$M$185)) -> 1035000
A26: 20 | B26: Nguyễn Trung Nhị | C26: Bác sĩ (nt) | E26: =SUM(SUMIF(phauthuat_BHYT!$H$8:$H$185,"nhị",phauthuat_BHYT!$I$8:$I$185),SUMIF(phauthuat_BHYT!$J$8:$J$185,"nhị",phauthuat_BHYT!$K$8:$K$185),SUMIF(phauthuat_BHYT!$L$8:$L$185,"nhị",phauthuat_BHYT!$M$8:$M$185)) -> 870000
A27: 21 | B27: Nguyễn Trần Khánh Đan | C27: Bác sĩ (nt) | D27: 105880975165 | E27: =SUM(SUMIF(phauthuat_BHYT!$H$8:$H$185,"ĐAN",phauthuat_BHYT!$I$8:$I$185),SUMIF(phauthuat_BHYT!$J$8:$J$185,"ĐAN",phauthuat_BHYT!$K$8:$K$185),SUMIF(phauthuat_BHYT!$L$8:$L$185,"ĐAN",phauthuat_BHYT!$M$8:$M$185)) -> 6855000
A28: 22 | B28: Phạm Công Hậu | C28: Bác sĩ (nt) | D28: 102879258199 | E28: =SUM(SUMIF(phauthuat_BHYT!$H$8:$H$185,"HẬU",phauthuat_BHYT!$I$8:$I$185),SUMIF(phauthuat_BHYT!$J$8:$J$185,"HẬU",phauthuat_BHYT!$K$8:$K$185),SUMIF(phauthuat_BHYT!$L$8:$L$185,"HẬU",phauthuat_BHYT!$M$8:$M$185)) -> 6360000
A29: 23 | B29: Trang Gia Vinh | C29: Bác sĩ (nt) | D29: 109880991105 | E29: =SUM(SUMIF(phauthuat_BHYT!$H$8:$H$185,"VINH",phauthuat_BHYT!$I$8:$I$185),SUMIF(phauthuat_BHYT!$J$8:$J$185,"VINH",phauthuat_BHYT!$K$8:$K$185),SUMIF(phauthuat_BHYT!$L$8:$L$185,"VINH",phauthuat_BHYT!$M$8:$M$185)) -> 5370000
A30: 24 | B30: Bùi Quan Tấn | C30: Bác sĩ (nt) | D30: 109881014321 | E30: =SUM(SUMIF(phauthuat_BHYT!$H$8:$H$185,"Q.TẤN",phauthuat_BHYT!$I$8:$I$185),SUMIF(phauthuat_BHYT!$J$8:$J$185,"Q.TẤN",phauthuat_BHYT!$K$8:$K$185),SUMIF(phauthuat_BHYT!$L$8:$L$185,"Q.TẤN",phauthuat_BHYT!$M$8:$M$185)) -> 8670000
A31: 25 | B31: Tào Nhật Hào | C31: Bác sĩ (nt) | D31: 102880994246 | E31: =SUM(SUMIF(phauthuat_BHYT!$H$8:$H$185,"HÀO",phauthuat_BHYT!$I$8:$I$185),SUMIF(phauthuat_BHYT!$J$8:$J$185,"HÀO",phauthuat_BHYT!$K$8:$K$185),SUMIF(phauthuat_BHYT!$L$8:$L$185,"HÀO",phauthuat_BHYT!$M$8:$M$185)) -> 4200000
A32: 25 | B32: Huỳnh Phúc Nguyên | C32: Bác sĩ (nt) | D32: 100881016109 | E32: =SUM(SUMIF(phauthuat_BHYT!$H$8:$H$185,"NGUYÊN",phauthuat_BHYT!$I$8:$I$185),SUMIF(phauthuat_BHYT!$J$8:$J$185,"NGUYÊN",phauthuat_BHYT!$K$8:$K$185),SUMIF(phauthuat_BHYT!$L$8:$L$185,"NGUYÊN",phauthuat_BHYT!$M$8:$M$185)) -> 4410000
B33: TỔNG CỘNG | E33: =SUM(E7:E32) -> 109785000
D35: Cần Thơ, ngày 25 tháng 8 năm 2025
A36: Người lập bảng | D36: Trưởng khoa
A40: ĐD. Phan Văn Hiếu | D40: ThS.Bs.CKII. Nguyễn Lê Hoan

Sheet Thực lãnh
A1: BV TRƯỜNG ĐHYD CẦN THƠ
A2: KHOA NGOẠI CTCH-TK
A3: DANH SÁCH LÃNH TIỀN THÙ LAO THÁNG 7/2025
A4: (BHYT)
A6: STT | B6: HỌ TÊN | C6: CHỨC VỤ | D6: SỐ TÀI KHOẢN | E6: SỐ TIỀN | F6: SỐ TIỀN | G6: KÝ NHẬN
A7: 1 | B7: Phạm Việt Triều | C7: Bác sĩ | D7: 102006610216 | E7: =SUM(SUMIF(phauthuat_BHYT!$H$8:$H$185,"TRIỀU",phauthuat_BHYT!$I$8:$I$185),SUMIF(phauthuat_BHYT!$J$8:$J$185,"TRIỀU",phauthuat_BHYT!$K$8:$K$185),SUMIF(phauthuat_BHYT!$L$8:$L$185,"TRIỀU",phauthuat_BHYT!$M$8:$M$185)) -> 2100000 | F7: =E7+I32 -> 10710000
A8: 2 | B8: Nguyễn Thành Tấn | C8: Bác sĩ | D8: 103006610215 | E8: =SUM(SUMIF(phauthuat_BHYT!$H$8:$H$185,"TẤN",phauthuat_BHYT!$I$8:$I$185),SUMIF(phauthuat_BHYT!$J$8:$J$185,"TẤN",phauthuat_BHYT!$K$8:$K$185),SUMIF(phauthuat_BHYT!$L$8:$L$185,"TẤN",phauthuat_BHYT!$M$8:$M$185)) -> 2100000 | F8: =E8 -> 2100000
A9: 3 | B9: Nguyễn Lê Hoan | C9: Bác sĩ | D9: 100006610218 | E9: =SUM(SUMIF(phauthuat_BHYT!$H$8:$H$185,"HOAN",phauthuat_BHYT!$I$8:$I$185),SUMIF(phauthuat_BHYT!$J$8:$J$185,"HOAN",phauthuat_BHYT!$K$8:$K$185),SUMIF(phauthuat_BHYT!$L$8:$L$185,"HOAN",phauthuat_BHYT!$M$8:$M$185)) -> 14985000 | F9: =E9+I29 -> 29025000
A10: 4 | B10: Nguyễn Chí Nguyện | C10: Bác sĩ | D10: 105001159195 | E10: =SUM(SUMIF(phauthuat_BHYT!$H$8:$H$185,"NGUYỆN",phauthuat_BHYT!$I$8:$I$185),SUMIF(phauthuat_BHYT!$J$8:$J$185,"NGUYỆN",phauthuat_BHYT!$K$8:$K$185),SUMIF(phauthuat_BHYT!$L$8:$L$185,"NGUYỆN",phauthuat_BHYT!$M$8:$M$185)) -> 0 | F10: =E10 -> 0
A11: 5 | B11: Hồ Điền | C11: Bác sĩ | D11: 105001225232 | E11: =SUM(SUMIF(phauthuat_BHYT!$H$8:$H$185,"ĐIỀN",phauthuat_BHYT!$I$8:$I$185),SUMIF(phauthuat_BHYT!$J$8:$J$185,"ĐIỀN",phauthuat_BHYT!$K$8:$K$185),SUMIF(phauthuat_BHYT!$L$8:$L$185,"ĐIỀN",phauthuat_BHYT!$M$8:$M$185)) -> 6142500 | F11: =E11+I19 -> 8347500
A12: 6 | B12: Trần Quốc Toản | C12: Bác sĩ | D12: 107868829237 | E12: =SUM(SUMIF(phauthuat_BHYT!$H$8:$H$185,"TOẢN",phauthuat_BHYT!$I$8:$I$185),SUMIF(phauthuat_BHYT!$J$8:$J$185,"TOẢN",phauthuat_BHYT!$K$8:$K$185),SUMIF(phauthuat_BHYT!$L$8:$L$185,"TOẢN",phauthuat_BHYT!$M$8:$M$185)) -> 8062500 | F12: =E12 -> 8062500
A13: 7 | B13: Đặng Phước Giàu | C13: Bác sĩ | D13: 105867664283 | E13: =SUM(SUMIF(phauthuat_BHYT!$H$8:$H$185,"giàu",phauthuat_BHYT!$I$8:$I$185),SUMIF(phauthuat_BHYT!$J$8:$J$185,"giàu",phauthuat_BHYT!$K$8:$K$185),SUMIF(phauthuat_BHYT!$L$8:$L$185,"giàu",phauthuat_BHYT!$M$8:$M$185)) -> 15855000 | F13: =E13+I24 -> 31410000
A14: 8 | B14: Phạm Việt Tân | C14: Bác sĩ | D14: 104000362303 | F14: ='lanh tien PT_BHYT'!E14 -> 8520000
A15: 9 | B15: Bùi Công Minh | C15: Bác sĩ | D15: 105003414654 | F15: ='lanh tien PT_BHYT'!E15 -> 5415000
A16: 10 | B16: Phan Văn Tuấn | C16: Bác sĩ | D16: 105872433048 | F16: ='lanh tien PT_BHYT'!E16 -> 0
A17: 11 | B17: Trần Quang Sơn | C17: Bác sĩ | D17: 107004193662 | F17: ='lanh tien PT_BHYT'!E18 -> 1620000
A18: 12 | B18: Nguyễn Hữu Đạt | C18: Bác sĩ | D18: 103876067585 | F18: ='lanh tien PT_BHYT'!E17+I31 -> 4575000
A19: 12 | B19: Võ Dương Thành Thái | C19: Bác sĩ (nt) | H19: BS.ĐIỀN | I19: =SUM('lanh tien PT_BHYT'!E19:E23) -> 2205000
A20: 13 | B20: Văn Minh Khén | C20: Bác sĩ (nt)
A21: 14 | B21: Nguyễn Đông Khang | C21: Bác sĩ (nt)
A22: 15 | B22: Nguyễn Đình Luật | C22: Bác sĩ (nt)
A23: 16 | B23: Lê Nhỉ Khang | C23: Bác sĩ (nt)
A24: 17 | B24: Phạm Văn Hưởng | C24: Bác sĩ (nt) | H24: BS.GIÀU | I24: =SUM('lanh tien PT_BHYT'!E24:E28) -> 15555000
A25: 18 | B25: Trần Trung Nghĩa | C25: Bác sĩ (nt)
A26: 19 | B26: Nguyễn Trung Nhị | C26: Bác sĩ (nt)
A27: 20 | B27: Nguyễn Trần Khánh Đan | C27: Bác sĩ (nt)
A28: 21 | B28: Phạm Công Hậu | C28: Bác sĩ (nt)
A29: 22 | B29: Trang Gia Vinh | C29: Bác sĩ (nt) | H29: BS.HOAN | I29: =SUM('lanh tien PT_BHYT'!E29:E30) -> 14040000
A30: 23 | B30: Bùi Quan Tấn | C30: Bác sĩ (nt)
A31: 24 | B31: Tào Nhật Hào | C31: Bác sĩ (nt) | H31: BS.ĐẠT
A32: 25 | B32: Huỳnh Phúc Nguyên | C32: Bác sĩ (nt) | H32: BS.TRIỀU | I32: =SUM('lanh tien PT_BHYT'!E31:E32) -> 8610000
B33: TỔNG CỘNG | E33: =SUM(E7:E16) -> 49245000 | F33: =SUM(F7:F24) -> 109785000
D35: Cần Thơ, ngày 27 tháng 8 năm 2025
A36: Người lập bảng | D36: Trưởng khoa
A40: ĐD. Phan Văn Hiếu | D40: ThS.Bs.CKII. Nguyễn Lê Hoan

Sheet Bác sĩ điều trị
A1: BV TRƯỜNG ĐHYD CẦN THƠ
A2: KHOA NGOẠI CTCH-TK
A3: DANH SÁCH LÃNH TIỀN THÙ LAO THÁNG 7/2025
A4: (BÁC SĨ ĐIỀU TRỊ)
A6: STT | B6: HỌ TÊN | C6: chức vụ | D6: SỐ TIỀN | E6: KÝ NHẬN
A7: 1 | B7: Phạm Việt Triều | C7: Bác sĩ | D7: -
A8: 2 | B8: Nguyễn Thành Tấn | C8: Bác sĩ | D8: -
A9: 3 | B9: Nguyễn Lê Hoan | C9: Bác sĩ | D9: =18400000*0.25 -> 4600000
A10: 4 | B10: Trần Quang Sơn | C10: Bác sĩ | D10: -
A11: 5 | B11: Nguyễn Chí Nguyện | C11: Bác sĩ | D11: -
A12: 6 | B12: Bùi Công Minh | C12: Bác sĩ | D12: -
A13: 7 | B13: Hồ Điền | C13: Bác sĩ | D13: =18400000*0.25 -> 4600000
A14: 8 | B14: Phạm Việt Tân | C14: Bác sĩ | D14: =18400000*0.0625 -> 1150000
A15: 9 | B15: Đặng Phước Giàu | C15: Bác sĩ | D15: =18400000*0.125 -> 2300000
A16: 10 | B16: Trần Quốc Toản | C16: Bác sĩ | D16: =18400000*0.0625 -> 1150000
A17: 11 | B17: Nguyễn Hữu Đạt | C17: Bác sĩ | D17: =18400000*0.125 -> 2300000
A18: 12 | B18: Nguyễn Giang Tử | C18: Bác sĩ | D18: =18400000*0.125 -> 2300000
B19: TỔNG CỘNG | D19: =SUM(D7:D18) -> 18400000
D21: Cần Thơ, ngày 22 tháng 02 năm 2024
A22: Người lập bảng | D22: Trưởng khoa

Sheet thu thuat
B1: BV TRƯỜNG ĐHYD CẦN THƠ
B2: KHOA NGOẠI CTCH-TK
B3: BẢNG KÊ TIỀN TIỂU THỦ THUẬT
B4: (THÁNG 7/2025)
B5: STT | C5: NGÀY | D5: TÊN BỆNH NHÂN | E5: TUỔI | F5: PHƯƠNG PHÁP THỦ THUẬT | G5: SỐ LẦN | H5: TỔNG THU | I5: THỰC LÃNH
B7: 1 | C7: 01/07/2025 | D7: NGUYỄN THANH HẢI | E7: 61 Tuổi | F7: Truyền tĩnh mạch | G7: 7 | H7: 700000 | I7: =H7*25%*75% -> 131250
B8: 2 | C8: 01/07/2025 | D8: PHẠM THỊ MINH NGHĨA | E8: 50 Tuổi | F8: Thay băng, cắt chỉ vết mổ | G8: 3 | H8: 300000 | I8: =H8*25%*75% -> 56250
B9: 3 | C9: 01/07/2025 | D9: PHẠM THỊ MINH NGHĨA | E9: 50 Tuổi | F9: Truyền tĩnh mạch | G9: 3 | H9: 300000 | I9: =H9*25%*75% -> 56250
B10: 4 | C10: 01/07/2025 | D10: LÊ THỊ ĐƯỜNG | E10: 62 Tuổi | F10: Cắt chỉ sau phẫu thuật | G10: 1 | H10: 100000 | I10: =H10*25%*75% -> 18750
B11: 5 | C11: 01/07/2025 | D11: NGUYỄN NGỌC MINH CHÂU | E11: 24 Tuổi | F11: Cắt chỉ sau phẫu thuật | G11: 1 | H11: 40300 | I11: =H11*25%*75% -> 7556.25
B12: 6 | C12: 01/07/2025 | D12: NGUYỄN TẤN THÀNH | E12: 38 Tuổi | F12: Thay băng, cắt chỉ vết mổ | G12: 2 | H12: 200000 | I12: =H12*25%*75% -> 37500
B13: 7 | C13: 01/07/2025 | D13: NGUYỄN THỊ BẢY | E13: 64 Tuổi | F13: Cắt chỉ sau phẫu thuật | G13: 1 | H13: 40300 | I13: =H13*25%*75% -> 7556.25
B14: 8 | C14: 01/07/2025 | D14: NGUYỄN TẤN THÀNH | E14: 38 Tuổi | F14: Truyền tĩnh mạch | G14: 2 | H14: 200000 | I14: =H14*25%*75% -> 37500
B15: 9 | C15: 01/07/2025 | D15: NGUYỄN THANH HẢI | E15: 61 Tuổi | F15: Thay băng, cắt chỉ vết mổ [chiều dài ≤ 15cm] | G15: 6 | H15: 600000 | I15: =H15*25%*75% -> 112500
B16: 10 | C16: 02/07/2025 | D16: BÙI THANH THUẬN | E16: 20 Tuổi | F16: Thay băng, cắt chỉ vết mổ [chiều dài ≤ 15cm] | G16: 1 | H16: 100000 | I16: =H16*25%*75% -> 18750
B17: 11 | C17: 02/07/2025 | D17: TĂNG THỊ KIM XOÀN | E17: 67 Tuổi | F17: Thay băng, cắt chỉ vết mổ [chiều dài ≤ 15cm] | G17: 2 | H17: 200000 | I17: =H17*25%*75% -> 37500
B18: 12 | C18: 02/07/2025 | D18: NGUYỄN THỊ NGỌC ÁNH | E18: 68 Tuổi | F18: Cắt chỉ sau phẫu thuật | G18: 1 | H18: 40300 | I18: =H18*25%*75% -> 7556.25
... B536: 530 | C536: 31/07/2025 | D536: NGUYỄN THỊ BẢY | E536: 60 Tuổi | F536: Nắn, bó bột gãy 1/3 dưới hai xương cẳng chân [bột liền] | G536: 1 | H536: 372700 | I536: =H536*25%*75% -> 69881.25
B537: 531 | C537: 03/07/2025 | D537: NGUYỄN VĂN BEO | E537: 72 Tuổi | F537: Xét nghiệm đường máu mao mạch tại giường (một lần) | G537: 3 | H537: 105000 | I537: =H537*21.25% -> 22312.5
B538: 532 | C538: 03/07/2025 | D538: NGUYỄN VĂN BEO | E538: 72 Tuổi | F538: Xét nghiệm đường máu mao mạch tại giường (một lần) | G538: 1 | H538: 35000 | I538: =H538*21.25% -> 7437.5
B539: 533 | C539: 03/07/2025 | D539: NGUYỄN VĂN BEO | E539: 72 Tuổi | F539: Xét nghiệm đường máu mao mạch tại giường (một lần) | G539: 1 | H539: 35000 | I539: =H539*21.25% -> 7437.5
B540: 534 | C540: 04/07/2025 | D540: NGUYỄN NGỌC NIỆM | E540: 73 Tuổi | F540: Xét nghiệm đường máu mao mạch tại giường (một lần) | G540: 1 | H540: 16000 | I540: =H540*21.25% -> 3400
B541: 535 | C541: 04/07/2025 | D541: LÂM KIM NGÂN | E541: 52 Tuổi | F541: Xét nghiệm đường máu mao mạch tại giường (một lần) | G541: 1 | H541: 16000 | I541: =H541*21.25% -> 3400
B542: 536 | C542: 04/07/2025 | D542: NGUYỄN NGỌC NIỆM | E542: 73 Tuổi | F542: Xét nghiệm đường máu mao mạch tại giường (một lần) | G542: 1 | H542: 16000 | I542: =H542*21.25% -> 3400
B543: 537 | C543: 04/07/2025 | D543: NGUYỄN THỊ NHUNG | E543: 52 Tuổi | F543: Xét nghiệm đường máu mao mạch tại giường (một lần) | G543: 1 | H543: 16000 | I543: =H543*21.25% -> 3400
B544: 538 | C544: 04/07/2025 | D544: NGUYỄN THỊ NHUNG | E544: 52 Tuổi | F544: Xét nghiệm đường máu mao mạch tại giường (một lần) | G544: 2 | H544: 32000 | I544: =H544*21.25% -> 6800
B545: 539 | C545: 04/07/2025 | D545: NGUYỄN THỊ NHUNG | E545: 52 Tuổi | F545: Xét nghiệm đường máu mao mạch tại giường (một lần) | G545: 3 | H545: 48000 | I545: =H545*21.25% -> 10200
B546: 540 | C546: 04/07/2025 | D546: NGUYỄN THỊ NHUNG | E546: 52 Tuổi | F546: Xét nghiệm đường máu mao mạch tại giường (một lần) | G546: 2 | H546: 32000 | I546: =H546*21.25% -> 6800
B547: 541 | C547: 04/07/2025 | D547: NGUYỄN NGỌC NIỆM | E547: 73 Tuổi | F547: Xét nghiệm đường máu mao mạch tại giường (một lần) | G547: 1 | H547: 16000 | I547: =H547*21.25% -> 3400
B548: 542 | C548: 04/07/2025 | D548: NGUYỄN THỊ NHUNG | E548: 52 Tuổi | F548: Xét nghiệm đường máu mao mạch tại giường (một lần) | G548: 2 | H548: 32000 | I548: =H548*21.25% -> 6800
... B696: 690 | C696: 31/07/2025 | D696: BÙI THỊ LANH | E696: 47 Tuổi | F696: Xét nghiệm đường máu mao mạch tại giường (một lần) | G696: 1 | H696: 16000 | I696: =H696*21.25% -> 3400
D697: Tổng Cộng | G697: =SUBTOTAL(9,G7:G696) -> 2029 | H697: =SUBTOTAL(9,H7:H696) -> 185746200 | I697: =SUBTOTAL(9,I7:I696) -> 35114188
F698: Cần Thơ, ngày 26 tháng 8 năm 2025
B699: Lập bảng | F699: Trưởng Khoa
B703: ĐD. Phan Văn Hiếu | F703: ThS. Bs.CKII. Nguyễn Lê Hoan

Sheet lanh tien thu thuat
A1: BV TRƯỜNG ĐHYD CẦN THƠ
A2: KHOA NGOẠI CTCH-TK
B3: DANH SÁCH LÃNH TIỀN THÙ LAO THÁNG 7/2025
C4: (thủ thuật)
A6: STT | B6: HỌ TÊN | C6: chức vụ | D6: SỐ TIỀN | E6: KÝ NHẬN
A7: 1 | B7: Phan Văn Hiếu | C7: Điều dưỡng | D7: ='thu thuat'!I697/9 -> 3901576.4 | F7: 19.5
A8: 2 | B8: Võ Thị Yến Nhi | C8: Điều dưỡng | D8: =D7 -> 3901576.4 | F8: 19.5
A9: 3 | B9: Võ Phương Duy | C9: Điều dưỡng | D9: =D8 -> 3901576.4
A10: 4 | B10: Nguyễn Kim Ngân | C10: Điều dưỡng | D10: =D9 -> 3901576.4
A11: 5 | B11: Lê Ngọc Diệu | C11: Điều dưỡng | D11: =D10 -> 3901576.4
A12: 6 | B12: Trần Quỳnh Minh Thư | C12: Điều dưỡng | D12: =D11 -> 3901576.4
A13: 7 | B13: Lê Thị Tuyết Đoan | C13: Điều dưỡng | D13: -
A14: 8 | B14: Thạch Thị Thúy Đa | C14: Điều dưỡng | D14: =D12 -> 3901576.4
A15: 9 | B15: Lê Kim Hoàn | C15: Điều dưỡng | D15: =D14 -> 3901576.4
A16: 10 | B16: Nguyễn Lê Duy Anh | C16: Điều dưỡng | D16: =D15 -> 3901576.4
B17: TỔNG CỘNG | D17: =SUM(D7:D16) -> 35114188 | F17: =SUM(F7:F8) -> 39
D19: Cần Thơ, ngày 25 tháng 4 năm 2025
A20: Người lập bảng | D20: Trưởng khoa

Sheet tieuphau
A1: BV TRƯỜNG ĐHYD CẦN THƠ
A2: KHOA NGOẠI CTCH - TK
A3: BẢNG KÊ TIỀN TIỂU PHẪU
A4: THÁNG 7 NĂM 2025
A6: STT | B6: Ngày | C6: Họ Tên BN | D6: Tuổi | E6: Phương pháp PT | F6: Giá Tiền | G6: Bác Sĩ | H6: Số Tiền | I6: Điều Dưỡng | J6: Số Tiền | K6: Thực Lãnh
A7: 1 | B7: 01/07/2025 | C7: ĐOÀN THÀNH NHƯ | D7: 75 Tuổi | E7: Chích rạch nhọt, Apxe nhỏ dẫn lưu | F7: 500000 | G7: TOẢN | H7: =K7-J7 -> 68750 | I7: ĐD | J7: =F7*0.05 -> 25000 | K7: =IF(G7="NGUYỆN",F7*25%*75%,IF(G7="TOẢN",F7*25%*75%,IF(G7="V.TÂN",F7*25%*75%,F7*0.25))) -> 93750
A8: 2 | B8: 01/07/2025 | C8: THẠCH THỊ PHO | D8: 60 Tuổi | E8: Tiêm khớp vai | F8: 384000 | G8: TOẢN | H8: =K8-J8 -> 52800 | I8: ĐD | J8: =F8*0.05 -> 19200 | K8: =IF(G8="NGUYỆN",F8*25%*75%,IF(G8="TOẢN",F8*25%*75%,IF(G8="V.TÂN",F8*25%*75%,F8*0.25))) -> 72000
A9: 3 | B9: 01/07/2025 | C9: PHAN THỊ HỒNG PHIẾN | D9: 40 Tuổi | E9: Phẫu thuật điều trị hội chứng ống cổ tay | F9: 4000000 | G9: V.TÂN | H9: =K9-J9 -> 550000 | I9: ĐD | J9: =F9*0.05 -> 200000 | K9: =IF(G9="NGUYỆN",F9*25%*75%,IF(G9="TOẢN",F9*25%*75%,IF(G9="V.TÂN",F9*25%*75%,F9*0.25))) -> 750000
A10: 4 | B10: 01/07/2025 | C10: TRẦN THỊ LƯỢM | D10: 55 Tuổi | E10: Phẫu thuật điều trị ngón tay cò súng (1 ngón) | F10: 1000000 | G10: TOẢN | H10: =K10-J10 -> 137500 | I10: ĐD | J10: =F10*0.05 -> 50000 | K10: =IF(G10="NGUYỆN",F10*25%*75%,IF(G10="TOẢN",F10*25%*75%,IF(G10="V.TÂN",F10*25%*75%,F10*0.25))) -> 187500
A11: 5 | B11: 01/07/2025 | C11: PHAN THỊ NGỢI | D11: 53 Tuổi | E11: Phẫu thuật điều trị hội chứng ống cổ tay | F11: 4000000 | G11: TOẢN | H11: =K11-J11 -> 550000 | I11: ĐD | J11: =F11*0.05 -> 200000 | K11: =IF(G11="NGUYỆN",F11*25%*75%,IF(G11="TOẢN",F11*25%*75%,IF(G11="V.TÂN",F11*25%*75%,F11*0.25))) -> 750000
A12: 6 | B12: 02/07/2025 | C12: NGUYỄN VĂN BÁ | D12: 57 Tuổi | E12: Chích rạch nhọt, Apxe nhỏ dẫn lưu | F12: 500000 | G12: ĐIỀN | H12: =K12-J12 -> 100000 | I12: ĐD | J12: =F12*0.05 -> 25000 | K12: =IF(G12="NGUYỆN",F12*25%*75%,IF(G12="TOẢN",F12*25%*75%,IF(G12="V.TÂN",F12*25%*75%,F12*0.25))) -> 125000
A13: 7 | B13: 02/07/2025 | C13: HUỲNH HOÀNG TÍN | D13: 31 Tuổi | E13: Khâu vết thương phần mềm sâu dài > 5 cm | F13: 1500000 | G13: TÚ | H13: =K13-J13 -> 300000 | I13: ĐD | J13: =F13*0.05 -> 75000 | K13: =IF(G13="NGUYỆN",F13*25%*75%,IF(G13="TOẢN",F13*25%*75%,IF(G13="V.TÂN",F13*25%*75%,F13*0.25))) -> 375000
A14: 8 | B14: 02/07/2025 | C14: NGUYỄN THỊ NGỌC Ý | D14: 23 Tuổi | E14: Mụn cóc(1-2) thương tổn | F14: 500000 | G14: TÚ | H14: =K14-J14 -> 100000 | I14: ĐD | J14: =F14*0.05 -> 25000 | K14: =IF(G14="NGUYỆN",F14*25%*75%,IF(G14="TOẢN",F14*25%*75%,IF(G14="V.TÂN",F14*25%*75%,F14*0.25))) -> 125000
A15: 9 | B15: 02/07/2025 | C15: TRẦN THỊ NHUNG | D15: 44 Tuổi | E15: Mắt cá 1-2 thương tổn | F15: 500000 | G15: TÚ | H15: =K15-J15 -> 100000 | I15: ĐD | J15: =F15*0.05 -> 25000 | K15: =IF(G15="NGUYỆN",F15*25%*75%,IF(G15="TOẢN",F15*25%*75%,IF(G15="V.TÂN",F15*25%*75%,F15*0.25))) -> 125000
A16: 10 | B16: 02/07/2025 | C16: VÕ THỊ MỸ NHÂN | D16: 63 Tuổi | E16: Tiêm khớp gối | F16: 384000 | G16: TÚ | H16: =K16-J16 -> 76800 | I16: ĐD | J16: =F16*0.05 -> 19200 | K16: =IF(G16="NGUYỆN",F16*25%*75%,IF(G16="TOẢN",F16*25%*75%,IF(G16="V.TÂN",F16*25%*75%,F16*0.25))) -> 96000
A17: 11 | B17: 02/07/2025 | C17: TRẦN QUỐC NAM | D17: 46 Tuổi | E17: Phẫu thuật điều trị ngón tay cò súng (1 ngón) | F17: 1000000 | G17: TÚ | H17: =K17-J17 -> 200000 | I17: ĐD | J17: =F17*0.05 -> 50000 | K17: =IF(G17="NGUYỆN",F17*25%*75%,IF(G17="TOẢN",F17*25%*75%,IF(G17="V.TÂN",F17*25%*75%,F17*0.25))) -> 250000
A18: 12 | B18: 02/07/2025 | C18: VŨ THỊ PHƯƠNG MAI | D18: 57 Tuổi | E18: Phẫu thuật điều trị ngón tay cò súng (1 ngón) | F18: 1000000 | G18: TÚ | H18: =K18-J18 -> 200000 | I18: ĐD | J18: =F18*0.05 -> 50000 | K18: =IF(G18="NGUYỆN",F18*25%*75%,IF(G18="TOẢN",F18*25%*75%,IF(G18="V.TÂN",F18*25%*75%,F18*0.25))) -> 250000
... A117: 124 | B117: 31/07/2025 | C117: PHẠM VĂN LỢI | D117: 47 Tuổi | E117: Phẫu thuật cắt bỏ u phần mềm <5cm | F117: 1000000 | G117: HOAN | H117: =K117-J117 -> 200000 | I117: ĐD | J117: =F117*0.05 -> 50000 | K117: =IF(G117="NGUYỆN",F117*25%*75%,IF(G117="TOẢN",F117*25%*75%,IF(G117="V.TÂN",F117*25%*75%,F117*0.25))) -> 250000
C118: Tổng Cộng | F118: =SUBTOTAL(9,F7:F117) -> 146089200 | H118: =SUBTOTAL(9,H7:H117) -> 26785878 | J118: =SUBTOTAL(9,J7:J117) -> 7304460 | K118: =SUBTOTAL(9,K7:K117) -> 34090338
G119: Cần Thơ, Ngày 26 tháng 8 năm 2025
A120: Lập bảng | H120: Trưởng khoa
A124: ĐD. Phan Văn Hiếu | H124: Ths.Bs.CKII. Nguyễn Lê Hoan

Sheet lanh tien tphau
A1: BV TRƯỜNG ĐHYD CẦN THƠ
A2: KHOA NGOẠI CTCH - TK
A3: DANH SÁCH LÃNH TIỀN THÙ LAO THÁNG 7/2025
A4: (Tiểu phẫu)
A6: stt | B6: Họ và tên | C6: Chức vụ | D6: Số tiền | E6: Ký nhận
A7: 1 | B7: Phạm Việt Triều | C7: Bác sĩ | D7: =SUM(SUMIF(tieuphau!$G$7:$G$127,"TRIỀU",tieuphau!$H$7:$H$127),SUMIF(tieuphau!$I$7:$I$126,"TRIỀU",tieuphau!$J$7:$J$126)) -> 10131200
A8: 2 | B8: Nguyễn Thành Tấn | C8: Bác sĩ | D8: =SUM(SUMIF(tieuphau!$G$7:$G$85,"TẤN",tieuphau!$H$7:$H$85),SUMIF(tieuphau!$I$7:$I$85,"TẤN",tieuphau!$J$7:$J$85)) -> 0
A9: 3 | B9: Nguyễn Lê Hoan | C9: Bác sĩ | D9: =SUM(SUMIF(tieuphau!$G$7:$G$127,"HOAN",tieuphau!$H$7:$H$127),SUMIF(tieuphau!$I$7:$I$126,"HOAN",tieuphau!$J$7:$J$126)) -> 3888300
A10: 4 | B10: Hoàng Minh Tú | C10: Bác sĩ | D10: =SUM(SUMIF(tieuphau!$G$7:$G$127,"TÚ",tieuphau!$H$7:$H$127),SUMIF(tieuphau!$I$7:$I$126,"TÚ",tieuphau!$J$7:$J$126)) -> 4610400
A11: 5 | B11: Nguyễn Chí Nguyện | C11: Bác sĩ | D11: =SUM(SUMIF(tieuphau!$G$7:$G$127,"NGUYỆN",tieuphau!$H$7:$H$127),SUMIF(tieuphau!$I$7:$I$126,"NGUYỆN",tieuphau!$J$7:$J$126)) -> 0
A12: 6 | B12: Phạm Việt Tân | C12: Bác sĩ | D12: =SUM(SUMIF(tieuphau!$G$7:$G$127,"v.tân",tieuphau!$H$7:$H$127),SUMIF(tieuphau!$I$7:$I$126,"v.tân",tieuphau!$J$7:$J$126)) -> 4073767.5
A13: 7 | B13: Trần Quốc Toản | C13: Bác sĩ | D13: =SUM(SUMIF(tieuphau!$G$7:$G$127,"TOẢN",tieuphau!$H$7:$H$127),SUMIF(tieuphau!$I$7:$I$126,"TOẢN",tieuphau!$J$7:$J$126)) -> 1276550
A14: 8 | B14: Đặng Phước Giàu | C14: Bác sĩ | D14: =SUM(SUMIF(tieuphau!$G$7:$G$127,"GIÀU",tieuphau!$H$7:$H$127),SUMIF(tieuphau!$I$7:$I$126,"GIÀU",tieuphau!$J$7:$J$126)) -> 1579440
A15: 9 | B15: Hồ Điền | C15: Bác sĩ | D15: =SUM(SUMIF(tieuphau!$G$7:$G$127,"Điền",tieuphau!$H$7:$H$127),SUMIF(tieuphau!$I$7:$I$126,"điền",tieuphau!$J$7:$J$126)) -> 1046220
A16: 10 | B16: Bùi Công Minh | C16: Bác sĩ | D16: =SUM(SUMIF(tieuphau!$G$7:$G$127,"minh",tieuphau!$H$7:$H$127),SUMIF(tieuphau!$I$7:$I$126,"minh",tieuphau!$J$7:$J$126)) -> 180000
A17: 12 | B17: Phan Văn Hiếu | C17: Điều dưỡng | D17: =tieuphau!J118/9 -> 811606.67
A18: 13 | B18: Võ Thị Yến Nhi | C18: Điều dưỡng | D18: =D17 -> 811606.67
A19: 15 | B19: Võ Phương Duy | C19: Điều dưỡng | D19: =D18 -> 811606.67
A20: 17 | B20: Lê Ngọc Diệu | C20: Điều dưỡng | D20: =D19 -> 811606.67
A21: 18 | B21: Nguyễn Kim Ngân | C21: Điều dưỡng | D21: =D20 -> 811606.67
A22: 19 | B22: Trần Quỳnh Minh Thư | C22: Điều dưỡng | D22: =D21 -> 811606.67
A23: 20 | B23: Lê Thị Tuyết Đoan | C23: Điều dưỡng | D23: -
A24: 21 | B24: Thạch Thị Thúy Đa | C24: Điều dưỡng | D24: =D22 -> 811606.67
A25: 22 | B25: Lê Kim Hoàn | C25: Điều dưỡng | D25: =D24 -> 811606.67
A26: 23 | B26: Nguyễn Lê Duy Anh | C26: Điều dưỡng | D26: =D24 -> 811606.67
B27: TỔNG CỘNG | D27: =SUM(D7:D26) -> 34090338
D29: Cần Thơ, ngày 25 tháng 8 năm 2025
A30: Người lập bảng | D30: Trưởng khoa

Sheet TIỀN GIƯỜNG
A1: BV TRƯỜNG ĐHYD CẦN THƠ
A2: KHOA NGOẠI CTCH-TK
A3: DANH SÁCH LÃNH TIỀN THÙ LAO THÁNG 07/2025
C4: (Tiền giường)
A6: STT | B6: HỌ TÊN | C6: Chức Danh | D6: SỐ TIỀN | E6: KÝ NHẬN
A7: 1 | B7: Phan Văn Hiếu | C7: Điều dưỡng | D7: =15300000/9 -> 1700000 | E7: =F7/19.5 -> 1 | F7: 19.5
A8: 2 | B8: Võ Thị Yến Nhi | C8: Điều dưỡng | D8: =15300000/9 -> 1700000 | E8: =F8/19.5 -> 1 | F8: 19.5
A9: 3 | B9: Nguyễn Kim Ngân | C9: Điều dưỡng | D9: =15300000/9 -> 1700000
A10: 4 | B10: Thạch Thị Thúy Đa | C10: Điều dưỡng | D10: =15300000/9 -> 1700000
A11: 5 | B11: Võ Phương Duy | C11: Điều dưỡng | D11: =15300000/9 -> 1700000
A12: 6 | B12: Lê Ngọc Diệu | C12: Điều dưỡng | D12: =15300000/9 -> 1700000
A13: 7 | B13: Trần Quỳnh Minh Thư | C13: Điều dưỡng | D13: =15300000/9 -> 1700000
A14: 8 | B14: Lê Kim Hoàn | C14: Điều dưỡng | D14: =15300000/9 -> 1700000
A15: 9 | B15: Nguyễn Lê Duy Anh | C15: Điều dưỡng | D15: =15300000/9 -> 1700000
B16: TỔNG CỘNG | D16: =SUM(D7:D15) -> 15300000
D19: Cần Thơ, ngày 13 tháng 09 năm 2024
B20: Người lập bảng | D20: Trưởng khoa

Sheet lanh tien PT1
A1: BV TRƯỜNG ĐHYD CẦN THƠ
A2: KHOA NGOẠI CTCH-TK
B3: DANH SÁCH LÃNH TIỀN THÙ LAO THÁNG 5/2025
C4: (Phẫu thuật)
A6: STT | B6: HỌ TÊN | C6: chức vụ | D6: SỐ TIỀN | E6: KÝ NHẬN
A7: 1 | B7: Phạm Việt Triều | C7: Bác sĩ | D7: -
A8: 2 | B8: Nguyễn Thành Tấn | C8: Bác sĩ | D8: -
A9: 3 | B9: Lê Dũng | C9: Bác sĩ | D9: -
A10: 4 | B10: Nguyễn Lê Hoan | C10: Bác sĩ | D10: -
A11: 5 | B11: Nguyễn Tâm Từ | C11: Bác sĩ | D11: -
A12: 6 | B12: Hoàng Minh Tú | C12: Bác sĩ | D12: -
A13: 7 | B13: Nguyễn Hữu Thuyết | C13: Bác sĩ | D13: -
A14: 8 | B14: Nguyễn Thanh Huy | C14: Bác sĩ | D14: -
A15: 9 | B15: Trần Mạnh Dũng | C15: Bác sĩ | D15: -
A16: 10 | B16: Trần Quang Sơn | C16: Bác sĩ (nt) | D16: -
A17: 11 | B17: Lê Thế Hiển | C17: Bác sĩ (nt) | D17: -
A18: 12 | B18: Lê Minh Dương | C18: Bác sĩ (nt) | D18: -
A20: 1 | B20: Phan Văn Hiếu | C20: Điều dưỡng | D20: 6388738.6
A21: 2 | B21: Võ Thị Yến Nhi | C21: Điều dưỡng | D21: =D20 -> 6388738.6
A22: 3 | B22: Nguyễn Kim Ngân | C22: Điều dưỡng | D22: =D20 -> 6388738.6
A23: 4 | B23: Võ Phương Duy | C23: Điều dưỡng | D23: =D20 -> 6388738.6
A24: 5 | B24: Lê Ngọc Diệu | C24: Điều dưỡng | D24: =D20 -> 6388738.6 | G24: =phauthuat!Q168/9+'thu thuat'!I697/9+tieuphau!J118/9+'TIỀN GIƯỜNG'!D16/9 -> 6743668.5
A25: 6 | B25: Trần Quỳnh Minh Thư | C25: Điều dưỡng | D25: =D20 -> 6388738.6 | G25: =G24*9 -> 60693016
A26: 7 | B26: Lê Thị Tuyết Đoan | C26: Điều dưỡng | D26: - | G26: =G25/19 -> 3194369.3
A27: 8 | B27: Thạch Thị Thúy Đa | C27: Điều dưỡng | D27: =D20 -> 6388738.6 | G27: =G26*2 -> 6388738.6
A28: 9 | B28: Nguyễn Lê Duy Anh | C28: Điều dưỡng | D28: =D20 -> 6388738.6
A29: 10 | B29: Lê Kim Hoàn | C29: Điều dưỡng | D29: =D28 -> 6388738.6
A30: 11 | B30: Nguyễn Thị Như Ý | C30: Hộ Lí | D30: 3194369.3
B31: TỔNG CỘNG | D31: =SUM(D20:D30) -> 60693016
D34: Cần Thơ, ngày 25 tháng 09 năm 2017
A35: Người lập bảng | D35: Trưởng khoa

Sheet PT YÊU CẦU
A1: BV TRƯỜNG ĐHYD CẦN THƠ
A2: KHOA NGOẠI CTCH-TK
A3: DANH SÁCH LÃNH TIỀN PHẪU THUẬT THEO YÊU CẦU THÁNG 7/2025
A5: STT | B5: NGÀY | C5: HỌ TÊN BỆNH | D5: NĂM SINH | E5: TÊN CLS | F5: BÁC SĨ PT | G5: SỐ TIỀN | H5: THÙ LAO
A6: 1 | B6: 22/07/2025 | C6: HUỲNH THỊ TÔI | D6: 62 Tuổi | E6: Chọn bác sĩ phẫu thuật theo yêu cầu | F6: HOAN | G6: 1000000 | H6: =G6*0.9 -> 900000
A7: 2 | B7: 29/07/2025 | C7: NGUYỄN VĂN TÂN EM | D7: 59 Tuổi | E7: Chọn bác sĩ phẫu thuật theo yêu cầu | F7: TRIỀU | G7: 1000000 | H7: =G7*0.9 -> 900000
A8: 3 | B8: 05/07/2025 | C8: HUỲNH THỊ LỤA | D8: 62 Tuổi | E8: Chọn bác sĩ phẫu thuật theo yêu cầu | F8: HOAN | G8: 1000000 | H8: =G8*0.9 -> 900000
A9: 4 | B9: 11/07/2025 | C9: PHAN VĂN HẢI | D9: 57 Tuổi | E9: Chọn bác sĩ phẫu thuật theo yêu cầu | F9: HOAN | G9: 1000000 | H9: =G9*0.9 -> 900000
A10: 5 | B10: 16/07/2025 | C10: LÊ THANH TÙNG | D10: 34 Tuổi | E10: Chọn bác sĩ phẫu thuật theo yêu cầu | F10: HOAN | G10: 1000000 | H10: =G10*0.9 -> 900000
A11: 6 | B11: 17/07/2025 | C11: PHẠM THỊ KIỀU VÂN | D11: 33 Tuổi | E11: Chọn bác sĩ phẫu thuật theo yêu cầu | F11: GIÀU | G11: 1000000 | H11: =G11*0.9 -> 900000
A12: 7 | B12: 10/07/2025 | C12: NGUYỄN THỊ NĂM | D12: 64 Tuổi | E12: Chọn bác sĩ phẫu thuật theo yêu cầu | F12: HOAN | G12: 1000000 | H12: =G12*0.9 -> 900000
A13: 8 | B13: 18/07/2025 | C13: NGUYỄN THANH THANH | D13: 45 Tuổi | E13: Chọn bác sĩ phẫu thuật theo yêu cầu | F13: HOAN | G13: 1000000 | H13: =G13*0.9 -> 900000
A14: TỔNG CỘNG | G14: =SUM(G6:G13) -> 8000000 | H14: =SUM(H6:H13) -> 7200000
F15: Cần Thơ, ngày 26 tháng 8 năm 2025
A16: Người lập bảng | F16: Trưởng khoa
A21: ĐD.Phan Văn Hiếu | F21: Ths.Bs.CKII. Nguyễn Lê Hoan

Sheet Lãnh tiền PTYC
A1: BV TRƯỜNG ĐHYD CẦN THƠ
A2: KHOA NGOẠI CTCH-TK
A3: DANH SÁCH LÃNH TIỀN THÙ LAO THÁNG 7/2025
A4: (BHYT)
A6: STT | B6: HỌ TÊN | C6: CHỨC VỤ | D6: SỐ TÀI KHOẢN | E6: SỐ TIỀN
A7: 1 | B7: Phạm Việt Triều | C7: Bác sĩ | D7: 102006610216 | E7: 900000
A8: 1 | B8: Nguyễn Thành Tấn | C8: Bác sĩ | D8: 103006610215
A9: 2 | B9: Nguyễn Lê Hoan | C9: Bác sĩ | D9: 105001159195 | E9: 5400000
A10: 3 | B10: Hồ Điền | C10: Bác sĩ | D10: 105001225232 | E10: 0
A11: 2.8333333 | B11: Trần Quốc Toản | C11: Bác sĩ | D11: 107868829237 | E11: -
A12: 3.3333333 | B12: Nguyễn Chí Nguyện | C12: Bác sĩ | D12: 105867664283 | E12: -
A13: 4 | B13: Phạm Việt Tân | C13: Bác sĩ | D13: 104000362303 | E13: -
A14: 5 | B14: Đặng Phước Giàu | C14: Bác sĩ | D14: 103006610215 | E14: 900000
B15: TỔNG CỘNG | E15: =SUM(E7:E14) -> 7200000
D17: Cần Thơ, ngày 25 tháng 08 năm 2025
A18: Người lập bảng | D18: Trưởng khoa
A22: ĐD. Phan Văn Hiếu | D22: ThS.Bs.CKII. Nguyễn Lê Hoan

Sheet TONG LANH
A1: BV TRƯỜNG ĐHYD CẦN THƠ
A2: KHOA NGOẠI CTCH-TK
A3: DANH SÁCH LÃNH TIỀN THÙ LAO THÁNG 7/2025
A4: (Dịch Vụ)
A6: STT | B6: HỌ TÊN | C6: CHỨC VỤ | D6: SỐ TÀI KHOẢN | E6: SỐ TIỀN | F6: THUẾ 10% | G6: THỰC LÃNH | H6: KÝ NHẬN
A7: 1 | B7: Phạm Việt Triều | C7: Bác sĩ | D7: 102006610216 | E7: ='lanh tien tphau'!D7+'lanh tien PT'!D7+'Lãnh tiền PTYC'!E7 -> 12946348 | F7: =E7-G7 -> 1294634.8 | G7: =E7*0.9 -> 11651714
A8: 2 | B8: Nguyễn Thành Tấn | C8: Bác sĩ | D8: 103006610215 | E8: ='lanh tien PT'!D8 -> 2058712.5 | F8: =E8-G8 -> 205871.25 | G8: =E8*0.9 -> 1852841.2
A9: 3 | B9: Nguyễn Lê Hoan | C9: Bác sĩ | D9: 100006610218 | E9: ='lanh tien tphau'!D9+'lanh tien PT'!D9+'Bác sĩ điều trị'!D9+'Lãnh tiền PTYC'!E9 -> 30278232 | F9: =E9-G9 -> 0 | G9: =E9 -> 30278232
A10: 4 | B10: Hoàng Minh Tú | C10: Bác sĩ | D10: 100006610162 | E10: ='lanh tien tphau'!D10 -> 4610400 | F10: =E10-G10 -> 461040 | G10: =E10*0.9 -> 4149360
A11: 5 | B11: Nguyễn Chí Nguyện | C11: Bác sĩ | D11: 105001159195 | E11: ='lanh tien tphau'!D11+'lanh tien PT'!D10 -> 0 | F11: =E11-G11 -> 0 | G11: =E11 -> 0
A12: 6 | B12: Đặng Phước Giàu | C12: Bác sĩ | D12: 105867664283 | E12: ='lanh tien PT'!D11+'lanh tien tphau'!D14+'Bác sĩ điều trị'!D15+'Lãnh tiền PTYC'!E14 -> 24136526 | F12: =E12-G12 -> 2413652.6 | G12: =E12*0.9 -> 21722874
A13: 7 | B13: Hồ Điền | C13: Bác sĩ | D13: 105001225232 | E13: ='lanh tien PT'!D12+'Bác sĩ điều trị'!D13+'lanh tien tphau'!D15+'Lãnh tiền PTYC'!E10 -> 15241360 | F13: =E13-G13 -> 1524136 | G13: =E13*0.9 -> 13717224
A14: 8 | B14: Trần Quốc Toản | C14: Bác sĩ | D14: 107868829237 | E14: ='lanh tien tphau'!D13+'lanh tien PT'!D13+'Bác sĩ điều trị'!D16 -> 7170926.5 | F14: =E14-G14 -> 0 | G14: =E14 -> 7170926.5
A15: 9 | B15: Phạm Việt Tân | C15: Bác sĩ | D15: 104000362303 | E15: ='lanh tien tphau'!D12+'lanh tien PT'!D14+'Bác sĩ điều trị'!D14 -> 12668044 | F15: =E15-G15 -> 0 | G15: =E15 -> 12668044
A16: 10 | B16: Bùi Công Minh | C16: Bác sĩ | D16: 105003414654 | E16: ='lanh tien tphau'!D16+'lanh tien PT'!D15 -> 5244677.5 | F16: =E16-G16 -> 524467.75 | G16: =E16*0.9 -> 4720209.8
A17: 11 | B17: Phan Văn Tuấn | C17: Bác sĩ | D17: 105872433048 | E17: ='lanh tien PT'!D16 -> 0 | F17: =E17-G17 -> 0 | G17: =E17 -> 0
A18: 12 | B18: Nguyễn Hữu Đạt | C18: Bác sĩ | D18: 103876067585 | E18: ='lanh tien PT'!D17+'Bác sĩ điều trị'!D17 -> 4095113 | F18: =E18-G18 -> 409511.3 | G18: =E18*0.9 -> 3685601.7
A19: 13 | B19: Trần Quang Sơn | C19: Bác sĩ | D19: 107004193662 | E19: ='lanh tien PT'!D18 -> 884032.5 | F19: =E19-G19 -> 0 | G19: =E19 -> 884032.5
A20: 14 | B20: Điều Tấn Kiệt | C20: Bác sĩ (nt) | D20: 105883051352 | E20: ='lanh tien PT'!D19 -> 912891 | F20: =E20-G20 -> 0 | G20: =E20 -> 912891 | H20: Kiệt
A21: 15 | B21: Nguyễn Lê Duy Phong | C21: Bác sĩ (nt) | E21: ='lanh tien PT'!D20 -> 571089 | F21: =E21-G21 -> 0 | G21: =E21 -> 571089
A22: 16 | B22: Trương Đại Lợi | C22: Bác sĩ (nt) | E22: ='lanh tien PT'!D21 -> 477401 | F22: =E22-G22 -> 0 | G22: =E22 -> 477401
A23: 17 | B23: Nguyễn Chí Thanh | C23: Bác sĩ (nt) | E23: ='lanh tien PT'!D22 -> 490228 | F23: =E23-G23 -> 0 | G23: =E23 -> 490228
A24: 18 | B24: Nguyễn Trung Nhị | C24: Bác sĩ (nt) | D24: 109883164818 | E24: ='lanh tien PT'!D23 -> 989496.5 | F24: =E24-G24 -> 0 | G24: =E24 -> 989496.5 | H24: Nhị
A25: 19 | B25: Trần Trung Nghĩa | C25: Bác sĩ (nt) | E25: ='lanh tien PT'!D24 -> 616467 | F25: =E25-G25 -> 0 | G25: =E25 -> 616467
A26: 20 | B26: Lê Nhỉ Khang | C26: Bác sĩ (nt) | E26: ='lanh tien PT'!D25 -> 767486 | F26: =E26-G26 -> 0 | G26: =E26 -> 767486
A27: 21 | B27: Phạm Văn Hưởng | C27: Bác sĩ (nt) | E27: ='lanh tien PT'!D26 -> 767445 | F27: =E27-G27 -> 0 | G27: =E27 -> 767445
A28: 22 | B28: Nguyễn Trần Khánh Đan | C28: Bác sĩ (nt) | D28: 105880975165 | E28: ='lanh tien PT'!D27 -> 3265800.5 | F28: =E28-G28 -> 0 | G28: =E28 -> 3265800.5
A29: 23 | B29: Phạm Công Hậu | C29: Bác sĩ (nt) | D29: 102879258199 | E29: ='lanh tien PT'!D28 -> 3062417 | F29: =E29-G29 -> 0 | G29: =E29 -> 3062417
A30: 24 | B30: Trang Gia Vinh | C30: Bác sĩ (nt) | D30: 109880991105 | E30: ='lanh tien PT'!D29 -> 2571218 | F30: =E30-G30 -> 0 | G30: =E30 -> 2571218
A31: 25 | B31: Bùi Quan Tấn | C31: Bác sĩ (nt) | D31: 109881014321 | E31: ='lanh tien PT'!D30 -> 5843198.1 | F31: =E31-G31 -> 0 | G31: =E31 -> 5843198.1
A32: 26 | B32: Tào Nhật Hào | C32: Bác sĩ (nt) | D32: 102880994246 | E32: ='lanh tien PT'!D31 -> 2212316 | F32: =E32-G32 -> 0 | G32: =E32 -> 2212316
A33: 27 | B33: Huỳnh Phúc Nguyên | C33: Bác sĩ (nt) | D33: 100881016109 | E33: ='lanh tien PT'!D32 -> 2295123.8 | F33: =E33-G33 -> 0 | G33: =E33 -> 2295123.8
A34: 28 | B34: Phan Văn Hiếu | C34: Điều dưỡng | D34: 106006773860 | E34: ='lanh tien PT1'!D20 -> 6388738.6 | F34: - | G34: =E34 -> 6388738.6
A35: 29 | B35: Võ Thị Yến Nhi | C35: Điều dưỡng | D35: 105866700129 | E35: ='lanh tien PT1'!D21 -> 6388738.6 | F35: - | G35: =E35 -> 6388738.6
A36: 30 | B36: Võ Phương Duy | C36: Điều dưỡng | D36: 108869864215 | E36: ='lanh tien PT1'!D23 -> 6388738.6 | F36: - | G36: =E36 -> 6388738.6
A37: 31 | B37: Lê Ngọc Diệu | C37: Điều dưỡng | D37: 106002699376 | E37: ='lanh tien PT1'!D24+'Bác sĩ điều trị'!D18 -> 8688738.6 | F37: - | G37: =E37 -> 8688738.6
A38: 32 | B38: Nguyễn Kim Ngân | C38: Điều dưỡng | D38: 104869864258 | E38: ='lanh tien PT1'!D22 -> 6388738.6 | F38: - | G38: =E38 -> 6388738.6
A39: 33 | B39: Trần Quỳnh Minh Thư | C39: Điều dưỡng | D39: 102877256973 | E39: ='lanh tien PT1'!D25 -> 6388738.6 | F39: - | G39: =E39 -> 6388738.6
A40: 34 | B40: Thạch Thị Thúy Đa | C40: Điều dưỡng | D40: 109869939394 | E40: ='lanh tien PT1'!D27 -> 6388738.6 | F40: - | G40: =E40 -> 6388738.6
A41: 35 | B41: Nguyễn Lê Duy Anh | C41: Điều dưỡng | D41: 104882438347 | E41: ='lanh tien PT1'!D28 -> 6388738.6 | F41: - | G41: =E41 -> 6388738.6
A42: 36 | B42: Lê Kim Hoàn | C42: Điều dưỡng | D42: 100883540104 | E42: ='lanh tien PT1'!D29 -> 6388738.6 | F42: - | G42: =E42 -> 6388738.6
A43: 37 | B43: Nguyễn Thị Như Ý | C43: Hộ Lý | D43: 108002699374 | E43: ='lanh tien PT1'!D30 -> 3194369.3 | F43: - | G43: =E43 -> 3194369.3
B44: TỔNG CỘNG | E44: =SUM(E7:E43) -> 2.0716997e+08 | F44: =SUM(F7:F43) -> 6833313.8 | G44: =SUM(G7:G43) -> 2.0033665e+08
F46: Cần Thơ, ngày 25 tháng 8 năm 2025
A47: Người lập bảng | F47: Trưởng khoa
A51: ĐD. Phan Văn Hiếu | F51: ThS. Bs.Nguyễn Chí Nguyện

Sheet Thực lãnh dv
A1: BV TRƯỜNG ĐHYD CẦN THƠ
A2: KHOA NGOẠI CTCH-TK
A3: DANH SÁCH LÃNH TIỀN THÙ LAO THÁNG 7/2025
A4: (Dịch Vụ)
A6: STT | B6: HỌ TÊN | C6: CHỨC VỤ | D6: SỐ TÀI KHOẢN | E6: SỐ TIỀN | F6: THUẾ 10% | G6: THỰC LÃNH | H6: KÝ NHẬN
A7: 1 | B7: Phạm Việt Triều | C7: Bác sĩ | D7: 102006610216 | E7: ='lanh tien tphau'!D7+'lanh tien PT'!D7+'Lãnh tiền PTYC'!E7-'Thực lãnh'!I32 -> 4336348.5 | F7: =E7-G7 -> 433634.85 | G7: =E7*0.9 -> 3902713.6
A8: 2 | B8: Nguyễn Thành Tấn | C8: Bác sĩ | D8: 103006610215 | E8: ='lanh tien PT'!D8 -> 2058712.5 | F8: =E8-G8 -> 205871.25 | G8: =E8*0.9 -> 1852841.2
A9: 3 | B9: Nguyễn Lê Hoan | C9: Bác sĩ | D9: 100006610218 | E9: ='lanh tien tphau'!D9+'lanh tien PT'!D9+'Bác sĩ điều trị'!D9-'Thực lãnh'!I29+'Lãnh tiền PTYC'!E9 -> 16238232 | F9: =E9-G9 -> 1623823.2 | G9: =E9*0.9 -> 14614409
A10: 4 | B10: Hoàng Minh Tú | C10: Bác sĩ | D10: 100006610162 | E10: ='lanh tien tphau'!D10 -> 4610400 | F10: =E10-G10 -> 461040 | G10: =E10*0.9 -> 4149360
A11: 5 | B11: Nguyễn Chí Nguyện | C11: Bác sĩ | D11: 105001159195 | E11: ='lanh tien tphau'!D11+'lanh tien PT'!D10 -> 0 | F11: =E11-G11 -> 0 | G11: =E11 -> 0
A12: 6 | B12: Đặng Phước Giàu | C12: Bác sĩ | D12: 105867664283 | E12: ='lanh tien PT'!D11+'lanh tien tphau'!D14+'Bác sĩ điều trị'!D15-'Thực lãnh'!I24+'Lãnh tiền PTYC'!E14 -> 8581526.1 | F12: =E12-G12 -> 858152.61 | G12: =E12*0.9 -> 7723373.5
A13: 7 | B13: Hồ Điền | C13: Bác sĩ | D13: 105001225232 | E13: ='lanh tien PT'!D12+'Bác sĩ điều trị'!D13+'lanh tien tphau'!D15-'Thực lãnh'!I19+'Lãnh tiền PTYC'!E10 -> 13036360 | F13: =E13-G13 -> 1303636 | G13: =E13*0.9 -> 11732724
A14: 8 | B14: Trần Quốc Toản | C14: Bác sĩ | D14: 107868829237 | E14: ='lanh tien tphau'!D13+'lanh tien PT'!D13+'Bác sĩ điều trị'!D16 -> 7170926.5 | F14: =E14-G14 -> 0 | G14: =E14 -> 7170926.5
A15: 9 | B15: Phạm Việt Tân | C15: Bác sĩ | D15: 104000362303 | E15: ='lanh tien tphau'!D12+'lanh tien PT'!D14+'Bác sĩ điều trị'!D14 -> 12668044 | F15: =E15-G15 -> 0 | G15: =E15 -> 12668044
A16: 10 | B16: Bùi Công Minh | C16: Bác sĩ | D16: 105003414654 | E16: ='lanh tien tphau'!D16+'lanh tien PT'!D15 -> 5244677.5 | F16: =E16-G16 -> 524467.75 | G16: =E16*0.9 -> 4720209.8
A17: 11 | B17: Phan Văn Tuấn | C17: Bác sĩ | D17: 105872433048 | E17: ='lanh tien PT'!D16 -> 0 | F17: =E17-G17 -> 0 | G17: =E17 -> 0
A18: 12 | B18: Nguyễn Hữu Đạt | C18: Bác sĩ | D18: 103876067585 | E18: ='lanh tien PT'!D17+'Bác sĩ điều trị'!D17-'Thực lãnh'!I31 -> 4095113 | F18: =E18-G18 -> 409511.3 | G18: =E18*0.9 -> 3685601.7
A19: 13 | B19: Trần Quang Sơn | C19: Bác sĩ | D19: 107004193662 | E19: ='lanh tien PT'!D18 -> 884032.5 | F19: =E19-G19 -> 0 | G19: =E19 -> 884032.5
A20: 14 | B20: Điều Tấn Kiệt | C20: Bác sĩ (nt) | D20: 105883051352 | E20: ='lanh tien PT'!D19+'lanh tien PT'!D20+'lanh tien PT'!D21+'lanh tien PT'!D22+'lanh tien PT_BHYT'!E19+'lanh tien PT_BHYT'!E20+'lanh tien PT_BHYT'!E21+'lanh tien PT_BHYT'!E22 -> 4656609 | F20: =E20-G20 -> 465660.9 | G20: =E20*0.9 -> 4190948.1
A21: 15 | B21: Nguyễn Trung Nhị | C21: Bác sĩ (nt) | D21: 109883164818 | E21: ='lanh tien PT_BHYT'!E26+'lanh tien PT_BHYT'!E25+'lanh tien PT_BHYT'!E23+'lanh tien PT_BHYT'!E24+'lanh tien PT'!D23+'lanh tien PT'!D24+'lanh tien PT'!D25+'lanh tien PT'!D26 -> 5480894.5 | F21: =E21-G21 -> 548089.45 | G21: =E21*0.9 -> 4932805
A22: 16 | B22: Nguyễn Trần Khánh Đan | C22: Bác sĩ (nt) | D22: 105880975165 | E22: ='lanh tien PT_BHYT'!E27+'lanh tien PT'!D27 -> 10120800 | F22: =E22-G22 -> 1012080 | G22: =E22*0.9 -> 9108720.5
A23: 17 | B23: Phạm Công Hậu | C23: Bác sĩ (nt) | D23: 102879258199 | E23: ='lanh tien PT_BHYT'!E28+'lanh tien PT'!D28 -> 9422417 | F23: =E23-G23 -> 942241.7 | G23: =E23*0.9 -> 8480175.3
A24: 18 | B24: Trang Gia Vinh | C24: Bác sĩ (nt) | D24: 109880991105 | E24: ='lanh tien PT_BHYT'!E29+'lanh tien PT'!D29 -> 7941218 | F24: =E24-G24 -> 794121.8 | G24: =E24*0.9 -> 7147096.2
A25: 19 | B25: Bùi Quan Tấn | C25: Bác sĩ (nt) | D25: 109881014321 | E25: ='lanh tien PT_BHYT'!E30+'lanh tien PT'!D30 -> 14513198 | F25: =E25-G25 -> 1451319.8 | G25: =E25*0.9 -> 13061878
A26: 20 | B26: Tào Nhật Hào | C26: Bác sĩ (nt) | D26: 102880994246 | E26: ='lanh tien PT_BHYT'!E31+'lanh tien PT'!D31 -> 6412316 | F26: =E26-G26 -> 641231.6 | G26: =E26*0.9 -> 5771084.4
A27: 21 | B27: Huỳnh Phúc Nguyên | C27: Bác sĩ (nt) | D27: 100881016109 | E27: ='lanh tien PT_BHYT'!E32+'lanh tien PT'!D32 -> 6705123.8 | F27: =E27-G27 -> 670512.38 | G27: =E27*0.9 -> 6034611.4
A28: 22 | B28: Phan Văn Hiếu | C28: Điều dưỡng | D28: 106006773860 | E28: ='lanh tien PT1'!D20 -> 6388738.6 | F28: - | G28: =E28 -> 6388738.6
A29: 23 | B29: Võ Thị Yến Nhi | C29: Điều dưỡng | D29: 105866700129 | E29: ='lanh tien PT1'!D21 -> 6388738.6 | F29: - | G29: =E29 -> 6388738.6
A30: 24 | B30: Võ Phương Duy | C30: Điều dưỡng | D30: 108869864215 | E30: ='lanh tien PT1'!D23 -> 6388738.6 | F30: - | G30: =E30 -> 6388738.6
A31: 25 | B31: Lê Ngọc Diệu | C31: Điều dưỡng | D31: 106002699376 | E31: ='lanh tien PT1'!D24+'Bác sĩ điều trị'!D18 -> 8688738.6 | F31: - | G31: =E31 -> 8688738.6
A32: 26 | B32: Nguyễn Kim Ngân | C32: Điều dưỡng | D32: 104869864258 | E32: ='lanh tien PT1'!D22 -> 6388738.6 | F32: - | G32: =E32 -> 6388738.6
A33: 27 | B33: Trần Quỳnh Minh Thư | C33: Điều dưỡng | D33: 102877256973 | E33: ='lanh tien PT1'!D25 -> 6388738.6 | F33: - | G33: =E33 -> 6388738.6
A34: 28 | B34: Thạch Thị Thúy Đa | C34: Điều dưỡng | D34: 109869939394 | E34: ='lanh tien PT1'!D27 -> 6388738.6 | F34: - | G34: =E34 -> 6388738.6
A35: 29 | B35: Nguyễn Lê Duy Anh | C35: Điều dưỡng | D35: 104882438347 | E35: ='lanh tien PT1'!D28 -> 6388738.6 | F35: - | G35: =E35 -> 6388738.6
A36: 30 | B36: Lê Kim Hoàn | C36: Điều dưỡng | D36: 100883540104 | E36: ='lanh tien PT1'!D29 -> 6388738.6 | F36: - | G36: =E36 -> 6388738.6
A37: 31 | B37: Nguyễn Thị Như Ý | C37: Hộ Lý | D37: 108002699374 | E37: ='lanh tien PT1'!D30 -> 3194369.3 | F37: - | G37: =E37 -> 3194369.3
B38: TỔNG CỘNG | E38: =SUM(E7:E37) -> 2.0716997e+08 | F38: =SUM(F7:F37) -> 12345395 | G38: =SUM(G7:G37) -> 1.9482457e+08
F40: Cần Thơ, ngày 26 tháng 8 năm 2025
A41: Người lập bảng | F41: Trưởng khoa
A45: ĐD. Phan Văn Hiếu | F45: ThS. Bs.CKII.Nguyễn Lê Hoan
