Workbook

Sheet phauthuat
A1: BV TRƯỜNG ĐHYD CẦN THƠ
A2: KHOA NGOẠI CTCH - TK
A3: BẢNG KÊ TIỀN PHẪU THUẬT
A4: (THÁNG 11/2025)
A6: STT | B6: Ngày | C6: Họ Tên | D6: Nam | E6: Nữ | F6: Phương pháp phẫu thuật | G6: Loại PT | H6: Giá Phẫu thuật thực tính | I6: PTV chính | J6: Số tiền | K6: Phụ mổ 1 | L6: Số tiền | M6: Phụ mổ 2 | N6: Số tiền | O6: Phụ mổ 3 | P6: Số tiền | Q6: ĐD + HL | R6: Thực lãnh
A7: 1 | B7: 17/10/2025 | C7: Đỗ Văn Dũng | D7: 55 | F7: Cắt lọc hoại tử ổ loét vết thương mãn tính | G7: TT2 | H7: 2128200 | I7: BẢO | J7: =R7-L7-N7-P7-Q7 -> 244743 | K7: ĐỨC | L7: =IF(K7="-",0,H7*0.03) -> 63846 | M7: DUY | N7: =IF(M7="-",0,H7*0.02) -> 42564 | O7: - | P7: =IF(O7="-",0,H7*0.01) -> 0 | Q7: =H7*0.005 -> 10641 | R7: =IF(I7="V.Tân",H7*0.1375,IF(I7="nguyện",H7*0.1375,IF(I7="TOẢN",H7*0.1375,IF(I7="TUẤN",H7*0.1375,H7*0.17)))) -> 361794
A8: 2 | B8: 21/10/2025 | C8: Đỗ Văn Dũng | D8: 55 | F8: Cắt lọc hoại tử ổ loét vết thương mãn tính | G8: TT2 | H8: 2127400 | I8: BẢO | J8: =R8-L8-N8-P8-Q8 -> 244651 | K8: THIỆN | L8: =IF(K8="-",0,H8*0.03) -> 63822 | M8: ĐỨC | N8: =IF(M8="-",0,H8*0.02) -> 42548 | O8: - | P8: =IF(O8="-",0,H8*0.01) -> 0 | Q8: =H8*0.005 -> 10637 | R8: =IF(I8="V.Tân",H8*0.1375,IF(I8="nguyện",H8*0.1375,IF(I8="TOẢN",H8*0.1375,IF(I8="TUẤN",H8*0.1375,H8*0.17)))) -> 361658
A9: 3 | B9: 27/10/2025 | C9: Nguyễn Thị Bê | E9: 87 | F9: PT thay khớp háng bán phần | G9: TT1 | H9: 3897500 | I9: HOAN | J9: =R9-L9-N9-P9-Q9 -> 448212.5 | K9: DUY | L9: =IF(K9="-",0,H9*0.03) -> 116925 | M9: TUẤN | N9: =IF(M9="-",0,H9*0.02) -> 77950 | O9: - | P9: =IF(O9="-",0,H9*0.01) -> 0 | Q9: =H9*0.005 -> 19487.5 | R9: =IF(I9="V.Tân",H9*0.1375,IF(I9="nguyện",H9*0.1375,IF(I9="TOẢN",H9*0.1375,IF(I9="TUẤN",H9*0.1375,H9*0.17)))) -> 662575
A10: 4 | B10: 28/10/2025 | C10: Nguyễn Thị Pha | E10: 59 | F10: PT thay toàn bộ khớp háng | G10: TTDB | H10: 3525500 | I10: HOAN | J10: =R10-L10-N10-P10-Q10 -> 475942.5 | K10: SƠN | L10: =IF(K10="-",0,H10*0.03) -> 105765 | M10: - | N10: =IF(M10="-",0,H10*0.02) -> 0 | O10: - | P10: =IF(O10="-",0,H10*0.01) -> 0 | Q10: =H10*0.005 -> 17627.5 | R10: =IF(I10="V.Tân",H10*0.1375,IF(I10="nguyện",H10*0.1375,IF(I10="TOẢN",H10*0.1375,IF(I10="TUẤN",H10*0.1375,H10*0.17)))) -> 599335
A11: 5 | B11: 28/10/2025 | C11: MÃ HÒA DỂ | D11: 64 | F11: Cắt lọc hoại tử ổ loét vết thương mãn tính | G11: TT2 | H11: 2127400 | I11: BẢO | J11: =R11-L11-N11-P11-Q11 -> 223377 | K11: V.TÂN | L11: =IF(K11="-",0,H11*0.03) -> 63822 | M11: THIỆN | N11: =IF(M11="-",0,H11*0.02) -> 42548 | O11: THẠNH | P11: =IF(O11="-",0,H11*0.01) -> 21274 | Q11: =H11*0.005 -> 10637 | R11: =IF(I11="V.Tân",H11*0.1375,IF(I11="nguyện",H11*0.1375,IF(I11="TOẢN",H11*0.1375,IF(I11="TUẤN",H11*0.1375,H11*0.17)))) -> 361658
A12: 6 | B12: 29/10/2025 | C12: Huỳnh Thị Đẹp | E12: 73 | F12: KHX trên màn hình tăng sáng | G12: TTDB | H12: 4497500 | I12: SƠN | J12: =R12-L12-N12-P12-Q12 -> 472237.5 | K12: LINH | L12: =IF(K12="-",0,H12*0.03) -> 134925 | M12: BÌNH | N12: =IF(M12="-",0,H12*0.02) -> 89950 | O12: THẠNH | P12: =IF(O12="-",0,H12*0.01) -> 44975 | Q12: =H12*0.005 -> 22487.5 | R12: =IF(I12="V.Tân",H12*0.1375,IF(I12="nguyện",H12*0.1375,IF(I12="TOẢN",H12*0.1375,IF(I12="TUẤN",H12*0.1375,H12*0.17)))) -> 764575
A13: 7 | B13: 29/10/2025 | C13: Lý Sển | D13: 68 | F13: PT cắt cụt chi | G13: TT2 | H13: 1947100 | I13: V.TÂN | J13: =R13-L13-N13-P13-Q13 -> 141164.75 | K13: ĐỨC | L13: =IF(K13="-",0,H13*0.03) -> 58413 | M13: KHÁNH | N13: =IF(M13="-",0,H13*0.02) -> 38942 | O13: THẠNH | P13: =IF(O13="-",0,H13*0.01) -> 19471 | Q13: =H13*0.005 -> 9735.5 | R13: =IF(I13="V.Tân",H13*0.1375,IF(I13="nguyện",H13*0.1375,IF(I13="TOẢN",H13*0.1375,IF(I13="TUẤN",H13*0.1375,H13*0.17)))) -> 267726.25
A14: 8 | B14: 30/10/2025 | C14: Lê Thị Mộng Thu | E14: 53 | F14: NS tái tạo dây chằng | G14: TTDB | H14: 3405500 | I14: SƠN | J14: =R14-L14-N14-P14-Q14 -> 357577.5 | K14: BẢO | L14: =IF(K14="-",0,H14*0.03) -> 102165 | M14: LINH | N14: =IF(M14="-",0,H14*0.02) -> 68110 | O14: NGHIÊM | P14: =IF(O14="-",0,H14*0.01) -> 34055 | Q14: =H14*0.005 -> 17027.5 | R14: =IF(I14="V.Tân",H14*0.1375,IF(I14="nguyện",H14*0.1375,IF(I14="TOẢN",H14*0.1375,IF(I14="TUẤN",H14*0.1375,H14*0.17)))) -> 578935
A15: 9 | B15: 30/10/2025 | C15: Lâm Hồng Luyến | D15: 39 | F15: NS tái tạo dây chằng | G15: TTDB | H15: 3405500 | I15: SƠN | J15: =R15-L15-N15-P15-Q15 -> 357577.5 | K15: LINH | L15: =IF(K15="-",0,H15*0.03) -> 102165 | M15: ẨN | N15: =IF(M15="-",0,H15*0.02) -> 68110 | O15: THẠNH | P15: =IF(O15="-",0,H15*0.01) -> 34055 | Q15: =H15*0.005 -> 17027.5 | R15: =IF(I15="V.Tân",H15*0.1375,IF(I15="nguyện",H15*0.1375,IF(I15="TOẢN",H15*0.1375,IF(I15="TUẤN",H15*0.1375,H15*0.17)))) -> 578935
A16: 10 | B16: 30/10/2025 | C16: Đinh Thị Thu Thảo | E16: 30 | F16: PT vết thương phần mềm phức tạp | G16: TP | H16: 5100000 | I16: BẢO | J16: =R16-L16-N16-P16-Q16 -> 535500 | K16: V.TÂN | L16: =IF(K16="-",0,H16*0.03) -> 153000 | M16: KHÁNH | N16: =IF(M16="-",0,H16*0.02) -> 102000 | O16: CÔNG | P16: =IF(O16="-",0,H16*0.01) -> 51000 | Q16: =H16*0.005 -> 25500 | R16: =IF(I16="V.Tân",H16*0.1375,IF(I16="nguyện",H16*0.1375,IF(I16="TOẢN",H16*0.1375,IF(I16="TUẤN",H16*0.1375,H16*0.17)))) -> 867000
A17: 11 | B17: 30/10/2025 | C17: Trần Thị Khéo | E17: 74 | F17: Cố định cột sống | G17: TTDB | H17: 4201900 | I17: NGUYỆN | J17: =R17-L17-N17-P17-Q17 -> 304637.75 | K17: TUẤN | L17: =IF(K17="-",0,H17*0.03) -> 126057 | M17: ĐỨC | N17: =IF(M17="-",0,H17*0.02) -> 84038 | O17: THẠNH | P17: =IF(O17="-",0,H17*0.01) -> 42019 | Q17: =H17*0.005 -> 21009.5 | R17: =IF(I17="V.Tân",H17*0.1375,IF(I17="nguyện",H17*0.1375,IF(I17="TOẢN",H17*0.1375,IF(I17="TUẤN",H17*0.1375,H17*0.17)))) -> 577761.25
A18: 12 | B18: 30/10/2025 | C18: Hồ Thị Ngự | E18: 56 | F18: KHX bánh chè | G18: TP | H18: 5253000 | I18: BẢO | J18: =R18-L18-N18-P18-Q18 -> 551565 | K18: TUẤN | L18: =IF(K18="-",0,H18*0.03) -> 157590 | M18: ĐỨC | N18: =IF(M18="-",0,H18*0.02) -> 105060 | O18: CÔNG | P18: =IF(O18="-",0,H18*0.01) -> 52530 | Q18: =H18*0.005 -> 26265 | R18: =IF(I18="V.Tân",H18*0.1375,IF(I18="nguyện",H18*0.1375,IF(I18="TOẢN",H18*0.1375,IF(I18="TUẤN",H18*0.1375,H18*0.17)))) -> 893010
A19: 13 | B19: 30/10/2025 | C19: Nguyễn Thị Xuân | E19: 85 | F19: PT cắt cụt chi | G19: TT2 | H19: 1947600 | I19: BẢO | J19: =R19-L19-N19-P19-Q19 -> 204498 | K19: TUẤN | L19: =IF(K19="-",0,H19*0.03) -> 58428 | M19: ĐỨC | N19: =IF(M19="-",0,H19*0.02) -> 38952 | O19: CÔNG | P19: =IF(O19="-",0,H19*0.01) -> 19476 | Q19: =H19*0.005 -> 9738 | R19: =IF(I19="V.Tân",H19*0.1375,IF(I19="nguyện",H19*0.1375,IF(I19="TOẢN",H19*0.1375,IF(I19="TUẤN",H19*0.1375,H19*0.17)))) -> 331092
A20: 14 | B20: 31/10/2025 | C20: Diệp Thị Tiến | E20: 71 | F20: Cắt lọc hoại tử ổ loét vết thương mãn tính | G20: TT2 | H20: 2127400 | I20: BẢO | J20: =R20-L20-N20-P20-Q20 -> 244651 | K20: ẨN | L20: =IF(K20="-",0,H20*0.03) -> 63822 | M20: THẠNH | N20: =IF(M20="-",0,H20*0.02) -> 42548 | O20: - | P20: =IF(O20="-",0,H20*0.01) -> 0 | Q20: =H20*0.005 -> 10637 | R20: =IF(I20="V.Tân",H20*0.1375,IF(I20="nguyện",H20*0.1375,IF(I20="TOẢN",H20*0.1375,IF(I20="TUẤN",H20*0.1375,H20*0.17)))) -> 361658
A21: 15 | B21: 31/10/2025 | C21: Phùng Thị Mỹ Dung | E21: 52 | F21: PTNS cắt lọc khớp gối | G21: TT1 | H21: 3397500 | I21: SƠN | J21: =R21-L21-N21-P21-Q21 -> 390712.5 | K21: NGHIÊM | L21: =IF(K21="-",0,H21*0.03) -> 101925 | M21: THẠNH | N21: =IF(M21="-",0,H21*0.02) -> 67950 | O21: - | P21: =IF(O21="-",0,H21*0.01) -> 0 | Q21: =H21*0.005 -> 16987.5 | R21: =IF(I21="V.Tân",H21*0.1375,IF(I21="nguyện",H21*0.1375,IF(I21="TOẢN",H21*0.1375,IF(I21="TUẤN",H21*0.1375,H21*0.17)))) -> 577575
A22: 16 | B22: 31/10/2025 | C22: Lê Thị Kim Tiếp | E22: 61 | F22: Cố định cột sống | G22: TTDB | H22: 4201900 | I22: HOAN | J22: =R22-L22-N22-P22-Q22 -> 441199.5 | K22: NGUYỆN | L22: =IF(K22="-",0,H22*0.03) -> 126057 | M22: TUẤN | N22: =IF(M22="-",0,H22*0.02) -> 84038 | O22: LINH | P22: =IF(O22="-",0,H22*0.01) -> 42019 | Q22: =H22*0.005 -> 21009.5 | R22: =IF(I22="V.Tân",H22*0.1375,IF(I22="nguyện",H22*0.1375,IF(I22="TOẢN",H22*0.1375,IF(I22="TUẤN",H22*0.1375,H22*0.17)))) -> 714323
A23: 17 | B23: 31/10/2025 | C23: Nguyễn Trần Ngọc Hân | E23: 17 | F23: KHX trên màn hình tăng sáng | G23: TTDB | H23: 4497500 | I23: NGUYỆN | J23: =R23-L23-N23-P23-Q23 -> 326068.75 | K23: THIỆN | L23: =IF(K23="-",0,H23*0.03) -> 134925 | M23: BÌNH | N23: =IF(M23="-",0,H23*0.02) -> 89950 | O23: ẨN | P23: =IF(O23="-",0,H23*0.01) -> 44975 | Q23: =H23*0.005 -> 22487.5 | R23: =IF(I23="V.Tân",H23*0.1375,IF(I23="nguyện",H23*0.1375,IF(I23="TOẢN",H23*0.1375,IF(I23="TUẤN",H23*0.1375,H23*0.17)))) -> 618406.25
A24: 18 | B24: 01/11/2025 | C24: Huỳnh Minh Tần | D24: 34 | F24: PT thay khớp háng toàn phần | G24: TTDB | H24: 3525500 | I24: TẤN | J24: =R24-L24-N24-P24-Q24 -> 370177.5 | K24: NGUYỆN | L24: =IF(K24="-",0,H24*0.03) -> 105765 | M24: BẢO | N24: =IF(M24="-",0,H24*0.02) -> 70510 | O24: G.TỬ | P24: =IF(O24="-",0,H24*0.01) -> 35255 | Q24: =H24*0.005 -> 17627.5 | R24: =IF(I24="V.Tân",H24*0.1375,IF(I24="nguyện",H24*0.1375,IF(I24="TOẢN",H24*0.1375,IF(I24="TUẤN",H24*0.1375,H24*0.17)))) -> 599335
A25: 19 | B25: 01/11/2025 | C25: Huỳnh Minh Tần | D25: 34 | F25: PT thay khớp háng toàn phần (50%) | G25: TTDB | H25: 1762750 | I25: TẤN | J25: =R25-L25-N25-P25-Q25 -> 185088.75 | K25: NGUYỆN | L25: =IF(K25="-",0,H25*0.03) -> 52882.5 | M25: BẢO | N25: =IF(M25="-",0,H25*0.02) -> 35255 | O25: G.TỬ | P25: =IF(O25="-",0,H25*0.01) -> 17627.5 | Q25: =H25*0.005 -> 8813.75 | R25: =IF(I25="V.Tân",H25*0.1375,IF(I25="nguyện",H25*0.1375,IF(I25="TOẢN",H25*0.1375,IF(I25="TUẤN",H25*0.1375,H25*0.17)))) -> 299667.5
A26: 20 | B26: 01/11/2025 | C26: Trần Thị Lến | E26: 90 | F26: PT thay khớp háng bán phần | G26: TT1 | H26: 3897500 | I26: HOAN | J26: =R26-L26-N26-P26-Q26 -> 409237.5 | K26: V.TÂN | L26: =IF(K26="-",0,H26*0.03) -> 116925 | M26: TUẤN | N26: =IF(M26="-",0,H26*0.02) -> 77950 | O26: ĐỨC | P26: =IF(O26="-",0,H26*0.01) -> 38975 | Q26: =H26*0.005 -> 19487.5 | R26: =IF(I26="V.Tân",H26*0.1375,IF(I26="nguyện",H26*0.1375,IF(I26="TOẢN",H26*0.1375,IF(I26="TUẤN",H26*0.1375,H26*0.17)))) -> 662575
A27: 21 | B27: 01/11/2025 | C27: Huỳnh Hoàng Sơn | D27: 36 | F27: PT KHX trên màn hình tăng sáng | G27: TP | H27: 9972000 | I27: DUY | J27: =R27-L27-N27-P27-Q27 -> 1146780 | K27: LINH | L27: =IF(K27="-",0,H27*0.03) -> 299160 | M27: ẨN | N27: =IF(M27="-",0,H27*0.02) -> 199440 | O27: - | P27: =IF(O27="-",0,H27*0.01) -> 0 | Q27: =H27*0.005 -> 49860 | R27: =IF(I27="V.Tân",H27*0.1375,IF(I27="nguyện",H27*0.1375,IF(I27="TOẢN",H27*0.1375,IF(I27="TUẤN",H27*0.1375,H27*0.17)))) -> 1695240
A28: 22 | B28: 03/11/2025 | C28: Trần Thị Ngọc | E28: 56 | F28: KHX trên màn hình tăng sáng | G28: TTDB | H28: 4497500 | I28: ĐIỀN | J28: =R28-L28-N28-P28-Q28 -> 517212.5 | K28: TUẤN | L28: =IF(K28="-",0,H28*0.03) -> 134925 | M28: CÔNG | N28: =IF(M28="-",0,H28*0.02) -> 89950 | O28: - | P28: =IF(O28="-",0,H28*0.01) -> 0 | Q28: =H28*0.005 -> 22487.5 | R28: =IF(I28="V.Tân",H28*0.1375,IF(I28="nguyện",H28*0.1375,IF(I28="TOẢN",H28*0.1375,IF(I28="TUẤN",H28*0.1375,H28*0.17)))) -> 764575
A29: 23 | B29: 03/11/2025 | C29: Lê Thị Đẹp | E29: 74 | F29: Cố định cột sống | G29: TTDB | H29: 4201900 | I29: HOAN | J29: =R29-L29-N29-P29-Q29 -> 441199.5 | K29: NGUYỆN | L29: =IF(K29="-",0,H29*0.03) -> 126057 | M29: ĐIỀN | N29: =IF(M29="-",0,H29*0.02) -> 84038 | O29: THIỆN | P29: =IF(O29="-",0,H29*0.01) -> 42019 | Q29: =H29*0.005 -> 21009.5 | R29: =IF(I29="V.Tân",H29*0.1375,IF(I29="nguyện",H29*0.1375,IF(I29="TOẢN",H29*0.1375,IF(I29="TUẤN",H29*0.1375,H29*0.17)))) -> 714323
A30: 24 | B30: 04/11/2025 | C30: Trần Bé Hiệp | D30: 40 | F30: Phẫu thuật vết thương phần mềm phức tạp | G30: TP | H30: 6000000 | I30: SƠN | J30: =R30-L30-N30-P30-Q30 -> 690000 | K30: THIỆN | L30: =IF(K30="-",0,H30*0.03) -> 180000 | M30: DƯƠNG | N30: =IF(M30="-",0,H30*0.02) -> 120000 | O30: - | P30: =IF(O30="-",0,H30*0.01) -> 0 | Q30: =H30*0.005 -> 30000 | R30: =IF(I30="V.Tân",H30*0.1375,IF(I30="nguyện",H30*0.1375,IF(I30="TOẢN",H30*0.1375,IF(I30="TUẤN",H30*0.1375,H30*0.17)))) -> 1020000
A31: 25 | B31: 04/11/2025 | C31: Trần Thị Bích Ngọc | E31: 28 | F31: PTNS khâu chóp xoay | G31: TTDB | H31: 5397500 | I31: SƠN | J31: =R31-L31-N31-P31-Q31 -> 566737.5 | K31: TUẤN | L31: =IF(K31="-",0,H31*0.03) -> 161925 | M31: ĐỨC | N31: =IF(M31="-",0,H31*0.02) -> 107950 | O31: BÌNH | P31: =IF(O31="-",0,H31*0.01) -> 53975 | Q31: =H31*0.005 -> 26987.5 | R31: =IF(I31="V.Tân",H31*0.1375,IF(I31="nguyện",H31*0.1375,IF(I31="TOẢN",H31*0.1375,IF(I31="TUẤN",H31*0.1375,H31*0.17)))) -> 917575
A32: 26 | B32: 04/11/2025 | C32: Đinh Thị Minh Thư | E32: 36 | F32: PT KHX trên màn hình tăng sáng | G32: TP | H32: 9972000 | I32: DUY | J32: =R32-L32-N32-P32-Q32 -> 1047060 | K32: V.TÂN | L32: =IF(K32="-",0,H32*0.03) -> 299160 | M32: LINH | N32: =IF(M32="-",0,H32*0.02) -> 199440 | O32: ẨN | P32: =IF(O32="-",0,H32*0.01) -> 99720 | Q32: =H32*0.005 -> 49860 | R32: =IF(I32="V.Tân",H32*0.1375,IF(I32="nguyện",H32*0.1375,IF(I32="TOẢN",H32*0.1375,IF(I32="TUẤN",H32*0.1375,H32*0.17)))) -> 1695240
A33: 27 | B33: 04/11/2025 | C33: Nguyễn Hiếu Nghĩa | D33: 65 | F33: PTNS khâu chóp xoay | G33: TTDB | H33: 5397500 | I33: SƠN | J33: =R33-L33-N33-P33-Q33 -> 566737.5 | K33: NGHIÊM | L33: =IF(K33="-",0,H33*0.03) -> 161925 | M33: THẠNH | N33: =IF(M33="-",0,H33*0.02) -> 107950 | O33: TUẤN | P33: =IF(O33="-",0,H33*0.01) -> 53975 | Q33: =H33*0.005 -> 26987.5 | R33: =IF(I33="V.Tân",H33*0.1375,IF(I33="nguyện",H33*0.1375,IF(I33="TOẢN",H33*0.1375,IF(I33="TUẤN",H33*0.1375,H33*0.17)))) -> 917575
A34: 28 | B34: 05/11/2025 | C34: Trần Ngọc Vấn | D34: 63 | F34: Cố định cột sống | G34: TTDB | H34: 4201900 | I34: HOAN | J34: =R34-L34-N34-P34-Q34 -> 441199.5 | K34: NGUYỆN | L34: =IF(K34="-",0,H34*0.03) -> 126057 | M34: ĐIỀN | N34: =IF(M34="-",0,H34*0.02) -> 84038 | O34: LINH | P34: =IF(O34="-",0,H34*0.01) -> 42019 | Q34: =H34*0.005 -> 21009.5 | R34: =IF(I34="V.Tân",H34*0.1375,IF(I34="nguyện",H34*0.1375,IF(I34="TOẢN",H34*0.1375,IF(I34="TUẤN",H34*0.1375,H34*0.17)))) -> 714323
A35: 29 | B35: 05/11/2025 | C35: Lê Xuân Hải | D35: 59 | F35: Lấy dụng cụ | G35: TT2 | H35: 2559100 | I35: DUY | J35: =R35-L35-N35-P35-Q35 -> 294296.5 | K35: G.TỬ | L35: =IF(K35="-",0,H35*0.03) -> 76773 | M35: NGHIÊM | N35: =IF(M35="-",0,H35*0.02) -> 51182 | O35: - | P35: =IF(O35="-",0,H35*0.01) -> 0 | Q35: =H35*0.005 -> 12795.5 | R35: =IF(I35="V.Tân",H35*0.1375,IF(I35="nguyện",H35*0.1375,IF(I35="TOẢN",H35*0.1375,IF(I35="TUẤN",H35*0.1375,H35*0.17)))) -> 435047
A36: 30 | B36: 05/11/2025 | C36: Trần Huỳnh Long | D36: 41 | F36: PT KHX trên màn hình tăng sáng | G36: TP | H36: 9972000 | I36: NGUYỆN | J36: =R36-L36-N36-P36-Q36 -> 722970 | K36: ĐIỀN | L36: =IF(K36="-",0,H36*0.03) -> 299160 | M36: THIỆN | N36: =IF(M36="-",0,H36*0.02) -> 199440 | O36: LINH | P36: =IF(O36="-",0,H36*0.01) -> 99720 | Q36: =H36*0.005 -> 49860 | R36: =IF(I36="V.Tân",H36*0.1375,IF(I36="nguyện",H36*0.1375,IF(I36="TOẢN",H36*0.1375,IF(I36="TUẤN",H36*0.1375,H36*0.17)))) -> 1371150
A37: 31 | B37: 05/11/2025 | C37: Đỗ Văn Dũng | D37: 55 | F37: Ghép da | G37: TT2 | H37: 2934400 | I37: V.TÂN | J37: =R37-L37-N37-P37-Q37 -> 212744 | K37: DƯƠNG | L37: =IF(K37="-",0,H37*0.03) -> 88032 | M37: ẨN | N37: =IF(M37="-",0,H37*0.02) -> 58688 | O37: BÌNH | P37: =IF(O37="-",0,H37*0.01) -> 29344 | Q37: =H37*0.005 -> 14672 | R37: =IF(I37="V.Tân",H37*0.1375,IF(I37="nguyện",H37*0.1375,IF(I37="TOẢN",H37*0.1375,IF(I37="TUẤN",H37*0.1375,H37*0.17)))) -> 403480
A38: 32 | B38: 05/11/2025 | C38: Nguyễn Hiếu Cẩn | D38: 37 | F38: Cắt lọc | G38: TP | H38: 4302000 | I38: TUẤN | J38: =R38-L38-N38-P38-Q38 -> 570015 | K38: - | L38: =IF(K38="-",0,H38*0.03) -> 0 | M38: - | N38: =IF(M38="-",0,H38*0.02) -> 0 | O38: - | P38: =IF(O38="-",0,H38*0.01) -> 0 | Q38: =H38*0.005 -> 21510 | R38: =IF(I38="V.Tân",H38*0.1375,IF(I38="nguyện",H38*0.1375,IF(I38="TOẢN",H38*0.1375,IF(I38="TUẤN",H38*0.1375,H38*0.17)))) -> 591525
A39: 33 | B39: 05/11/2025 | C39: Phạm Thị Tuyết Mai | E39: 32 | F39: KHX trên màn hình tăng sáng | G39: TTDB | H39: 4497500 | I39: TUẤN | J39: =R39-L39-N39-P39-Q39 -> 326068.75 | K39: G.TỬ | L39: =IF(K39="-",0,H39*0.03) -> 134925 | M39: THIỆN | N39: =IF(M39="-",0,H39*0.02) -> 89950 | O39: THẠNH | P39: =IF(O39="-",0,H39*0.01) -> 44975 | Q39: =H39*0.005 -> 22487.5 | R39: =IF(I39="V.Tân",H39*0.1375,IF(I39="nguyện",H39*0.1375,IF(I39="TOẢN",H39*0.1375,IF(I39="TUẤN",H39*0.1375,H39*0.17)))) -> 618406.25
A40: 34 | B40: 06/11/2025 | C40: Bùi Thị Lệ Thanh | E40: 47 | F40: KHX trên màn hình tăng sáng | G40: TTDB | H40: 4497500 | I40: TOẢN | J40: =R40-L40-N40-P40-Q40 -> 326068.75 | K40: NGUYỆN | L40: =IF(K40="-",0,H40*0.03) -> 134925 | M40: NGHIÊM | N40: =IF(M40="-",0,H40*0.02) -> 89950 | O40: KHÁNH | P40: =IF(O40="-",0,H40*0.01) -> 44975 | Q40: =H40*0.005 -> 22487.5 | R40: =IF(I40="V.Tân",H40*0.1375,IF(I40="nguyện",H40*0.1375,IF(I40="TOẢN",H40*0.1375,IF(I40="TUẤN",H40*0.1375,H40*0.17)))) -> 618406.25
A41: 35 | B41: 06/11/2025 | C41: Phạm Thị Kim Phượng | E41: 58 | F41: Cắt lọc hoại tử ổ loét | G41: TT2 | H41: 2127400 | I41: ĐIỀN | J41: =R41-L41-N41-P41-Q41 -> 244651 | K41: ĐỨC | L41: =IF(K41="-",0,H41*0.03) -> 63822 | M41: ẨN | N41: =IF(M41="-",0,H41*0.02) -> 42548 | O41: - | P41: =IF(O41="-",0,H41*0.01) -> 0 | Q41: =H41*0.005 -> 10637 | R41: =IF(I41="V.Tân",H41*0.1375,IF(I41="nguyện",H41*0.1375,IF(I41="TOẢN",H41*0.1375,IF(I41="TUẤN",H41*0.1375,H41*0.17)))) -> 361658
A42: 36 | B42: 06/11/2025 | C42: Nguyễn Thị Lệ Thủy | E42: 60 | F42: PT làm mõm cụt ngón & đốt bàn ngón | G42: TT2 | H42: 1773100 | I42: ĐIỀN | J42: =R42-L42-N42-P42-Q42 -> 203906.5 | K42: ĐỨC | L42: =IF(K42="-",0,H42*0.03) -> 53193 | M42: ẨN | N42: =IF(M42="-",0,H42*0.02) -> 35462 | O42: - | P42: =IF(O42="-",0,H42*0.01) -> 0 | Q42: =H42*0.005 -> 8865.5 | R42: =IF(I42="V.Tân",H42*0.1375,IF(I42="nguyện",H42*0.1375,IF(I42="TOẢN",H42*0.1375,IF(I42="TUẤN",H42*0.1375,H42*0.17)))) -> 301427
A43: 37 | B43: 07/11/2025 | C43: Nguyễn Văn Khánh | D43: 56 | F43: PT KHX trên màn hình tăng sáng | G43: TTDB | H43: 4497500 | I43: NGUYỆN | J43: =R43-L43-N43-P43-Q43 -> 326068.75 | K43: TOẢN | L43: =IF(K43="-",0,H43*0.03) -> 134925 | M43: TUẤN | N43: =IF(M43="-",0,H43*0.02) -> 89950 | O43: THIỆN | P43: =IF(O43="-",0,H43*0.01) -> 44975 | Q43: =H43*0.005 -> 22487.5 | R43: =IF(I43="V.Tân",H43*0.1375,IF(I43="nguyện",H43*0.1375,IF(I43="TOẢN",H43*0.1375,IF(I43="TUẤN",H43*0.1375,H43*0.17)))) -> 618406.25
A44: 38 | B44: 07/11/2025 | C44: Trần Thị Thuyền | E44: 54 | F44: Cắt lọc hoại tử ổ loét | G44: TT2 | H44: 2128200 | I44: TOẢN | J44: =R44-L44-N44-P44-Q44 -> 218140.5 | K44: THẠNH | L44: =IF(K44="-",0,H44*0.03) -> 63846 | M44: - | N44: =IF(M44="-",0,H44*0.02) -> 0 | O44: - | P44: =IF(O44="-",0,H44*0.01) -> 0 | Q44: =H44*0.005 -> 10641 | R44: =IF(I44="V.Tân",H44*0.1375,IF(I44="nguyện",H44*0.1375,IF(I44="TOẢN",H44*0.1375,IF(I44="TUẤN",H44*0.1375,H44*0.17)))) -> 292627.5
A45: 39 | B45: 07/11/2025 | C45: Diệp Thị Tiến | E45: 72 | F45: PT chuyển vạt da | G45: TTDB | H45: 3279400 | I45: TUẤN | J45: =R45-L45-N45-P45-Q45 -> 237756.5 | K45: THIỆN | L45: =IF(K45="-",0,H45*0.03) -> 98382 | M45: NGHIÊM | N45: =IF(M45="-",0,H45*0.02) -> 65588 | O45: KHÁNH | P45: =IF(O45="-",0,H45*0.01) -> 32794 | Q45: =H45*0.005 -> 16397 | R45: =IF(I45="V.Tân",H45*0.1375,IF(I45="nguyện",H45*0.1375,IF(I45="TOẢN",H45*0.1375,IF(I45="TUẤN",H45*0.1375,H45*0.17)))) -> 450917.5
A46: 40 | B46: 07/11/2025 | C46: Nguyễn Thị Lệ Thủy | E46: 69 | F46: Cắt lọc hoại tử ổ loét | G46: TP | H46: 5000000 | I46: ĐIỀN | J46: =R46-L46-N46-P46-Q46 -> 575000 | K46: KHÁNH | L46: =IF(K46="-",0,H46*0.03) -> 150000 | M46: DƯƠNG | N46: =IF(M46="-",0,H46*0.02) -> 100000 | O46: - | P46: =IF(O46="-",0,H46*0.01) -> 0 | Q46: =H46*0.005 -> 25000 | R46: =IF(I46="V.Tân",H46*0.1375,IF(I46="nguyện",H46*0.1375,IF(I46="TOẢN",H46*0.1375,IF(I46="TUẤN",H46*0.1375,H46*0.17)))) -> 850000
A47: 41 | B47: 07/11/2025 | C47: Lâm Văn Dức | D47: 68 | F47: Cắt lọc hoại tử ổ loét | G47: TT2 | H47: 2128200 | I47: ĐIỀN | J47: =R47-L47-N47-P47-Q47 -> 351153 | K47: - | L47: =IF(K47="-",0,H47*0.03) -> 0 | M47: - | N47: =IF(M47="-",0,H47*0.02) -> 0 | O47: - | P47: =IF(O47="-",0,H47*0.01) -> 0 | Q47: =H47*0.005 -> 10641 | R47: =IF(I47="V.Tân",H47*0.1375,IF(I47="nguyện",H47*0.1375,IF(I47="TOẢN",H47*0.1375,IF(I47="TUẤN",H47*0.1375,H47*0.17)))) -> 361794
A48: 42 | B48: 10/11/2025 | C48: Lê Võ Thúy Anh | E48: 20 | F48: PT KHX trên màn hình tăng sáng | G48: TTDB | H48: 4497500 | I48: TUẤN | J48: =R48-L48-N48-P48-Q48 -> 326068.75 | K48: G.TỬ | L48: =IF(K48="-",0,H48*0.03) -> 134925 | M48: ĐỨC | N48: =IF(M48="-",0,H48*0.02) -> 89950 | O48: THIỆN | P48: =IF(O48="-",0,H48*0.01) -> 44975 | Q48: =H48*0.005 -> 22487.5 | R48: =IF(I48="V.Tân",H48*0.1375,IF(I48="nguyện",H48*0.1375,IF(I48="TOẢN",H48*0.1375,IF(I48="TUẤN",H48*0.1375,H48*0.17)))) -> 618406.25
A49: 43 | B49: 10/11/2025 | C49: Huỳnh Tấn Công | D49: 63 | F49: Thay toàn bộ khớp háng | G49: TTDB | H49: 3525500 | I49: HOAN | J49: =R49-L49-N49-P49-Q49 -> 370177.5 | K49: NGUYỆN | L49: =IF(K49="-",0,H49*0.03) -> 105765 | M49: G.TỬ | N49: =IF(M49="-",0,H49*0.02) -> 70510 | O49: DƯƠNG | P49: =IF(O49="-",0,H49*0.01) -> 35255 | Q49: =H49*0.005 -> 17627.5 | R49: =IF(I49="V.Tân",H49*0.1375,IF(I49="nguyện",H49*0.1375,IF(I49="TOẢN",H49*0.1375,IF(I49="TUẤN",H49*0.1375,H49*0.17)))) -> 599335
A50: 44 | B50: 10/11/2025 | C50: Cao Quốc Việt | D50: 32 | F50: PT KHX đốt bàn ngón | G50: TP | H50: 5000000 | I50: DUY | J50: =R50-L50-N50-P50-Q50 -> 525000 | K50: THẠNH | L50: =IF(K50="-",0,H50*0.03) -> 150000 | M50: LINH | N50: =IF(M50="-",0,H50*0.02) -> 100000 | O50: BÌNH | P50: =IF(O50="-",0,H50*0.01) -> 50000 | Q50: =H50*0.005 -> 25000 | R50: =IF(I50="V.Tân",H50*0.1375,IF(I50="nguyện",H50*0.1375,IF(I50="TOẢN",H50*0.1375,IF(I50="TUẤN",H50*0.1375,H50*0.17)))) -> 850000
A51: 45 | B51: 10/11/2025 | C51: Phạm Thị Kim Phượng | E51: 58 | F51: Cắt lọc hoại tử ổ loét | G51: TT2 | H51: 2127400 | I51: ĐIỀN | J51: =R51-L51-N51-P51-Q51 -> 244651 | K51: THIỆN | L51: =IF(K51="-",0,H51*0.03) -> 63822 | M51: KHÁNH | N51: =IF(M51="-",0,H51*0.02) -> 42548 | O51: - | P51: =IF(O51="-",0,H51*0.01) -> 0 | Q51: =H51*0.005 -> 10637 | R51: =IF(I51="V.Tân",H51*0.1375,IF(I51="nguyện",H51*0.1375,IF(I51="TOẢN",H51*0.1375,IF(I51="TUẤN",H51*0.1375,H51*0.17)))) -> 361658
A52: 46 | B52: 10/11/2025 | C52: Nguyễn Thị Hồng Thu | E52: 61 | F52: Vá da diện tích > 10cm2 | G52: TT1 | H52: 1300900 | I52: TUẤN | J52: =R52-L52-N52-P52-Q52 -> 94315.25 | K52: LINH | L52: =IF(K52="-",0,H52*0.03) -> 39027 | M52: ẨN | N52: =IF(M52="-",0,H52*0.02) -> 26018 | O52: NGHIÊM | P52: =IF(O52="-",0,H52*0.01) -> 13009 | Q52: =H52*0.005 -> 6504.5 | R52: =IF(I52="V.Tân",H52*0.1375,IF(I52="nguyện",H52*0.1375,IF(I52="TOẢN",H52*0.1375,IF(I52="TUẤN",H52*0.1375,H52*0.17)))) -> 178873.75
A53: 47 | B53: 11/11/2025 | C53: Võ Thanh Phong | D53: 37 | F53: Lấy dụng cụ KHX | G53: TT2 | H53: 2559100 | I53: V.TÂN | J53: =R53-L53-N53-P53-Q53 -> 211125.75 | K53: NGHIÊM | L53: =IF(K53="-",0,H53*0.03) -> 76773 | M53: BÌNH | N53: =IF(M53="-",0,H53*0.02) -> 51182 | O53: - | P53: =IF(O53="-",0,H53*0.01) -> 0 | Q53: =H53*0.005 -> 12795.5 | R53: =IF(I53="V.Tân",H53*0.1375,IF(I53="nguyện",H53*0.1375,IF(I53="TOẢN",H53*0.1375,IF(I53="TUẤN",H53*0.1375,H53*0.17)))) -> 351876.25
A54: 48 | B54: 11/11/2025 | C54: Lê Trường Chinh | D54: 37 | F54: Lấy dụng cụ KHX | G54: TT2 | H54: 2559100 | I54: HOAN | J54: =R54-L54-N54-P54-Q54 -> 268705.5 | K54: G.TỬ | L54: =IF(K54="-",0,H54*0.03) -> 76773 | M54: LINH | N54: =IF(M54="-",0,H54*0.02) -> 51182 | O54: BÌNH | P54: =IF(O54="-",0,H54*0.01) -> 25591 | Q54: =H54*0.005 -> 12795.5 | R54: =IF(I54="V.Tân",H54*0.1375,IF(I54="nguyện",H54*0.1375,IF(I54="TOẢN",H54*0.1375,IF(I54="TUẤN",H54*0.1375,H54*0.17)))) -> 435047
A55: 49 | B55: 11/11/2025 | C55: Đỗ Từng Tư | D55: 52 | F55: PT giải ép thần kinh | G55: TT1 | H55: 2301200 | I55: V.TÂN | J55: =R55-L55-N55-P55-Q55 -> 166837 | K55: TUẤN | L55: =IF(K55="-",0,H55*0.03) -> 69036 | M55: NGHIÊM | N55: =IF(M55="-",0,H55*0.02) -> 46024 | O55: LINH | P55: =IF(O55="-",0,H55*0.01) -> 23012 | Q55: =H55*0.005 -> 11506 | R55: =IF(I55="V.Tân",H55*0.1375,IF(I55="nguyện",H55*0.1375,IF(I55="TOẢN",H55*0.1375,IF(I55="TUẤN",H55*0.1375,H55*0.17)))) -> 316415
A56: 50 | B56: 11/11/2025 | C56: ĐỒNG THỊ NGỌC | D56: 78 | F56: Cắt lọc hoại tử ổ loét | G56: TT2 | H56: 2128200 | I56: TUẤN | J56: =R56-L56-N56-P56-Q56 -> 281986.5 | K56: - | L56: =IF(K56="-",0,H56*0.03) -> 0 | M56: - | N56: =IF(M56="-",0,H56*0.02) -> 0 | O56: - | P56: =IF(O56="-",0,H56*0.01) -> 0 | Q56: =H56*0.005 -> 10641 | R56: =IF(I56="V.Tân",H56*0.1375,IF(I56="nguyện",H56*0.1375,IF(I56="TOẢN",H56*0.1375,IF(I56="TUẤN",H56*0.1375,H56*0.17)))) -> 292627.5
A57: 51 | B57: 11/11/2025 | C57: Huỳnh Thị Ngân | E57: 48 | F57: PT thay toàn bộ khớp háng | G57: TTDB | H57: 3525500 | I57: HOAN | J57: =R57-L57-N57-P57-Q57 -> 370177.5 | K57: V.TÂN | L57: =IF(K57="-",0,H57*0.03) -> 105765 | M57: LINH | N57: =IF(M57="-",0,H57*0.02) -> 70510 | O57: DƯƠNG | P57: =IF(O57="-",0,H57*0.01) -> 35255 | Q57: =H57*0.005 -> 17627.5 | R57: =IF(I57="V.Tân",H57*0.1375,IF(I57="nguyện",H57*0.1375,IF(I57="TOẢN",H57*0.1375,IF(I57="TUẤN",H57*0.1375,H57*0.17)))) -> 599335
A58: 52 | B58: 11/11/2025 | C58: Bùi Thị Thuận | E58: 83 | F58: PT tháo khớp chi | G58: TT2 | H58: 1947100 | I58: DUY | J58: =R58-L58-N58-P58-Q58 -> 223916.5 | K58: THIỆN | L58: =IF(K58="-",0,H58*0.03) -> 58413 | M58: ẨN | N58: =IF(M58="-",0,H58*0.02) -> 38942 | O58: - | P58: =IF(O58="-",0,H58*0.01) -> 0 | Q58: =H58*0.005 -> 9735.5 | R58: =IF(I58="V.Tân",H58*0.1375,IF(I58="nguyện",H58*0.1375,IF(I58="TOẢN",H58*0.1375,IF(I58="TUẤN",H58*0.1375,H58*0.17)))) -> 331007
A59: 53 | B59: 11/11/2025 | C59: Nguyễn Văn Thới | D59: 54 | F59: Cắt lọc hoại tử ổ loét | G59: TT2 | H59: 2128200 | I59: DUY | J59: =R59-L59-N59-P59-Q59 -> 223461 | K59: THIỆN | L59: =IF(K59="-",0,H59*0.03) -> 63846 | M59: ẨN | N59: =IF(M59="-",0,H59*0.02) -> 42564 | O59: BÌNH | P59: =IF(O59="-",0,H59*0.01) -> 21282 | Q59: =H59*0.005 -> 10641 | R59: =IF(I59="V.Tân",H59*0.1375,IF(I59="nguyện",H59*0.1375,IF(I59="TOẢN",H59*0.1375,IF(I59="TUẤN",H59*0.1375,H59*0.17)))) -> 361794
A60: 54 | B60: 12/11/2025 | C60: Nguyễn Văn Tốt | D60: 40 | F60: PT thay toàn bộ khớp háng | G60: TTDB | H60: 3525500 | I60: HOAN | J60: =R60-L60-N60-P60-Q60 -> 370177.5 | K60: NGUYỆN | L60: =IF(K60="-",0,H60*0.03) -> 105765 | M60: G.TỬ | N60: =IF(M60="-",0,H60*0.02) -> 70510 | O60: NGHIÊM | P60: =IF(O60="-",0,H60*0.01) -> 35255 | Q60: =H60*0.005 -> 17627.5 | R60: =IF(I60="V.Tân",H60*0.1375,IF(I60="nguyện",H60*0.1375,IF(I60="TOẢN",H60*0.1375,IF(I60="TUẤN",H60*0.1375,H60*0.17)))) -> 599335
A61: 55 | B61: 12/11/2025 | C61: Nguyễn Văn Nhứt | D61: 48 | F61: Cắt u lành >10cm | G61: TT1 | H61: 1859300 | I61: HOAN | J61: =R61-L61-N61-P61-Q61 -> 213819.5 | K61: TUẤN | L61: =IF(K61="-",0,H61*0.03) -> 55779 | M61: THIỆN | N61: =IF(M61="-",0,H61*0.02) -> 37186 | O61: - | P61: =IF(O61="-",0,H61*0.01) -> 0 | Q61: =H61*0.005 -> 9296.5 | R61: =IF(I61="V.Tân",H61*0.1375,IF(I61="nguyện",H61*0.1375,IF(I61="TOẢN",H61*0.1375,IF(I61="TUẤN",H61*0.1375,H61*0.17)))) -> 316081
A62: 56 | B62: 12/11/2025 | C62: Nguyễn Minh Hùng | D62: 71 | F62: PT KHX trên màn hình tăng sáng | G62: TP | H62: 9972000 | I62: NGUYỆN | J62: =R62-L62-N62-P62-Q62 -> 722970 | K62: V.TÂN | L62: =IF(K62="-",0,H62*0.03) -> 299160 | M62: TOẢN | N62: =IF(M62="-",0,H62*0.02) -> 199440 | O62: NGHIÊM | P62: =IF(O62="-",0,H62*0.01) -> 99720 | Q62: =H62*0.005 -> 49860 | R62: =IF(I62="V.Tân",H62*0.1375,IF(I62="nguyện",H62*0.1375,IF(I62="TOẢN",H62*0.1375,IF(I62="TUẤN",H62*0.1375,H62*0.17)))) -> 1371150
A63: 57 | B63: 12/11/2025 | C63: Nguyễn Thị Luốt | E63: 81 | F63: PT KHX trên màn hình tăng sáng | G63: TTDB | H63: 4497500 | I63: DUY | J63: =R63-L63-N63-P63-Q63 -> 472237.5 | K63: TUẤN | L63: =IF(K63="-",0,H63*0.03) -> 134925 | M63: THIỆN | N63: =IF(M63="-",0,H63*0.02) -> 89950 | O63: ẨN | P63: =IF(O63="-",0,H63*0.01) -> 44975 | Q63: =H63*0.005 -> 22487.5 | R63: =IF(I63="V.Tân",H63*0.1375,IF(I63="nguyện",H63*0.1375,IF(I63="TOẢN",H63*0.1375,IF(I63="TUẤN",H63*0.1375,H63*0.17)))) -> 764575
A64: 58 | B64: 12/11/2025 | C64: Cao Văn Niết | D64: 80 | F64: PT KHX trên màn hình tăng sáng | G64: TTDB | H64: 4497500 | I64: NGUYỆN | J64: =R64-L64-N64-P64-Q64 -> 326068.75 | K64: DUY | L64: =IF(K64="-",0,H64*0.03) -> 134925 | M64: BẢO | N64: =IF(M64="-",0,H64*0.02) -> 89950 | O64: NGHIÊM | P64: =IF(O64="-",0,H64*0.01) -> 44975 | Q64: =H64*0.005 -> 22487.5 | R64: =IF(I64="V.Tân",H64*0.1375,IF(I64="nguyện",H64*0.1375,IF(I64="TOẢN",H64*0.1375,IF(I64="TUẤN",H64*0.1375,H64*0.17)))) -> 618406.25
A65: 59 | B65: 13/11/2025 | C65: Lê Văn Diệu | D65: 39 | F65: Cắt lọc hoại tử ổ loét | G65: TP | H65: 4221000 | I65: TOẢN | J65: =R65-L65-N65-P65-Q65 -> 306022.5 | K65: G.TỬ | L65: =IF(K65="-",0,H65*0.03) -> 126630 | M65: LINH | N65: =IF(M65="-",0,H65*0.02) -> 84420 | O65: DƯƠNG | P65: =IF(O65="-",0,H65*0.01) -> 42210 | Q65: =H65*0.005 -> 21105 | R65: =IF(I65="V.Tân",H65*0.1375,IF(I65="nguyện",H65*0.1375,IF(I65="TOẢN",H65*0.1375,IF(I65="TUẤN",H65*0.1375,H65*0.17)))) -> 580387.5
A66: 60 | B66: 13/11/2025 | C66: Lê Minh Nhựt | D66: 41 | F66: Cắt lọc hoại tử ổ loét | G66: TT2 | H66: 2128200 | I66: TOẢN | J66: =R66-L66-N66-P66-Q66 -> 154294.5 | K66: G.TỬ | L66: =IF(K66="-",0,H66*0.03) -> 63846 | M66: LINH | N66: =IF(M66="-",0,H66*0.02) -> 42564 | O66: DƯƠNG | P66: =IF(O66="-",0,H66*0.01) -> 21282 | Q66: =H66*0.005 -> 10641 | R66: =IF(I66="V.Tân",H66*0.1375,IF(I66="nguyện",H66*0.1375,IF(I66="TOẢN",H66*0.1375,IF(I66="TUẤN",H66*0.1375,H66*0.17)))) -> 292627.5
A67: 61 | B67: 13/11/2025 | C67: Nguyễn Văn Tho | D67: 64 | F67: Cắt lọc hoại tử ổ loét | G67: TT2 | H67: 2128200 | I67: DUY | J67: =R67-L67-N67-P67-Q67 -> 287307 | K67: G.TỬ | L67: =IF(K67="-",0,H67*0.03) -> 63846 | M67: - | N67: =IF(M67="-",0,H67*0.02) -> 0 | O67: - | P67: =IF(O67="-",0,H67*0.01) -> 0 | Q67: =H67*0.005 -> 10641 | R67: =IF(I67="V.Tân",H67*0.1375,IF(I67="nguyện",H67*0.1375,IF(I67="TOẢN",H67*0.1375,IF(I67="TUẤN",H67*0.1375,H67*0.17)))) -> 361794
A68: 62 | B68: 13/11/2025 | C68: Bùi Thành Tài | D68: 23 | F68: PT KHX trên màn hình tăng sáng | G68: TP | H68: 9972000 | I68: ĐIỀN | J68: =R68-L68-N68-P68-Q68 -> 1047060 | K68: TUẤN | L68: =IF(K68="-",0,H68*0.03) -> 299160 | M68: THIỆN | N68: =IF(M68="-",0,H68*0.02) -> 199440 | O68: THẠNH | P68: =IF(O68="-",0,H68*0.01) -> 99720 | Q68: =H68*0.005 -> 49860 | R68: =IF(I68="V.Tân",H68*0.1375,IF(I68="nguyện",H68*0.1375,IF(I68="TOẢN",H68*0.1375,IF(I68="TUẤN",H68*0.1375,H68*0.17)))) -> 1695240
A69: 63 | B69: 13/11/2025 | C69: Trần Minh Thái | D69: 73 | F69: PT thay toàn bộ khớp háng | G69: TTDB | H69: 3525500 | I69: NGUYỆN | J69: =R69-L69-N69-P69-Q69 -> 255598.75 | K69: TUẤN | L69: =IF(K69="-",0,H69*0.03) -> 105765 | M69: THIỆN | N69: =IF(M69="-",0,H69*0.02) -> 70510 | O69: THẠNH | P69: =IF(O69="-",0,H69*0.01) -> 35255 | Q69: =H69*0.005 -> 17627.5 | R69: =IF(I69="V.Tân",H69*0.1375,IF(I69="nguyện",H69*0.1375,IF(I69="TOẢN",H69*0.1375,IF(I69="TUẤN",H69*0.1375,H69*0.17)))) -> 484756.25
A70: 64 | B70: 14/11/2025 | C70: Phạm Thị Kim Phượng | E70: 58 | F70: Cắt lọc hoại tử ổ loét | G70: TT2 | H70: 2128200 | I70: ĐIỀN | J70: =R70-L70-N70-P70-Q70 -> 287307 | K70: ĐỨC | L70: =IF(K70="-",0,H70*0.03) -> 63846 | M70: - | N70: =IF(M70="-",0,H70*0.02) -> 0 | O70: - | P70: =IF(O70="-",0,H70*0.01) -> 0 | Q70: =H70*0.005 -> 10641 | R70: =IF(I70="V.Tân",H70*0.1375,IF(I70="nguyện",H70*0.1375,IF(I70="TOẢN",H70*0.1375,IF(I70="TUẤN",H70*0.1375,H70*0.17)))) -> 361794
A71: 65 | B71: 14/11/2025 | C71: Nguyễn Văn Tho | D71: 59 | F71: Cắt lọc hoại tử ổ loét | G71: TT2 | H71: 2127400 | I71: V.TÂN | J71: =R71-L71-N71-P71-Q71 -> 175510.5 | K71: G.TỬ | L71: =IF(K71="-",0,H71*0.03) -> 63822 | M71: CÔNG | N71: =IF(M71="-",0,H71*0.02) -> 42548 | O71: - | P71: =IF(O71="-",0,H71*0.01) -> 0 | Q71: =H71*0.005 -> 10637 | R71: =IF(I71="V.Tân",H71*0.1375,IF(I71="nguyện",H71*0.1375,IF(I71="TOẢN",H71*0.1375,IF(I71="TUẤN",H71*0.1375,H71*0.17)))) -> 292517.5
A72: 66 | B72: 14/11/2025 | C72: Giang Trung Hào | D72: 22 | F72: KHX trên màn hình tăng sáng | G72: TP | H72: 9972000 | I72: NGUYỆN | J72: =R72-L72-N72-P72-Q72 -> 722970 | K72: TUẤN | L72: =IF(K72="-",0,H72*0.03) -> 299160 | M72: CÔNG | N72: =IF(M72="-",0,H72*0.02) -> 199440 | O72: ĐỨC | P72: =IF(O72="-",0,H72*0.01) -> 99720 | Q72: =H72*0.005 -> 49860 | R72: =IF(I72="V.Tân",H72*0.1375,IF(I72="nguyện",H72*0.1375,IF(I72="TOẢN",H72*0.1375,IF(I72="TUẤN",H72*0.1375,H72*0.17)))) -> 1371150
A73: 67 | B73: 14/11/2025 | C73: Hà Ngọc Huyền Loan | E73: 47 | F73: Cố định cột sống | G73: TTDB | H73: 4201900 | I73: HOAN | J73: =R73-L73-N73-P73-Q73 -> 441199.5 | K73: NGUYỆN | L73: =IF(K73="-",0,H73*0.03) -> 126057 | M73: TUẤN | N73: =IF(M73="-",0,H73*0.02) -> 84038 | O73: ĐỨC | P73: =IF(O73="-",0,H73*0.01) -> 42019 | Q73: =H73*0.005 -> 21009.5 | R73: =IF(I73="V.Tân",H73*0.1375,IF(I73="nguyện",H73*0.1375,IF(I73="TOẢN",H73*0.1375,IF(I73="TUẤN",H73*0.1375,H73*0.17)))) -> 714323
A74: 68 | B74: 15/11/2025 | C74: Bùi Quang Đức | D74: 83 | F74: Thay khớp háng (P) bán phần | G74: TT1 | H74: 3897500 | I74: HOAN | J74: =R74-L74-N74-P74-Q74 -> 448212.5 | K74: G.TỬ | L74: =IF(K74="-",0,H74*0.03) -> 116925 | M74: ĐỨC | N74: =IF(M74="-",0,H74*0.02) -> 77950 | O74: - | P74: =IF(O74="-",0,H74*0.01) -> 0 | Q74: =H74*0.005 -> 19487.5 | R74: =IF(I74="V.Tân",H74*0.1375,IF(I74="nguyện",H74*0.1375,IF(I74="TOẢN",H74*0.1375,IF(I74="TUẤN",H74*0.1375,H74*0.17)))) -> 662575
A75: 69 | B75: 15/11/2025 | C75: Nguyễn Kim Em | E75: 57 | F75: PTNS khâu chóp xoay | G75: TTDB | H75: 5397500 | I75: HOAN | J75: =R75-L75-N75-P75-Q75 -> 566737.5 | K75: G.TỬ | L75: =IF(K75="-",0,H75*0.03) -> 161925 | M75: TUẤN | N75: =IF(M75="-",0,H75*0.02) -> 107950 | O75: LINH | P75: =IF(O75="-",0,H75*0.01) -> 53975 | Q75: =H75*0.005 -> 26987.5 | R75: =IF(I75="V.Tân",H75*0.1375,IF(I75="nguyện",H75*0.1375,IF(I75="TOẢN",H75*0.1375,IF(I75="TUẤN",H75*0.1375,H75*0.17)))) -> 917575
A76: 70 | B76: 15/11/2025 | C76: Nguyễn Hoàng Long | D76: 55 | F76: PT KHX trên màn hình tăng sáng | G76: TTDB | H76: 4497500 | I76: TUẤN | J76: =R76-L76-N76-P76-Q76 -> 326068.75 | K76: G.TỬ | L76: =IF(K76="-",0,H76*0.03) -> 134925 | M76: V.TÂN | N76: =IF(M76="-",0,H76*0.02) -> 89950 | O76: CÔNG | P76: =IF(O76="-",0,H76*0.01) -> 44975 | Q76: =H76*0.005 -> 22487.5 | R76: =IF(I76="V.Tân",H76*0.1375,IF(I76="nguyện",H76*0.1375,IF(I76="TOẢN",H76*0.1375,IF(I76="TUẤN",H76*0.1375,H76*0.17)))) -> 618406.25
A77: 71 | B77: 15/11/2025 | C77: Trần Minh Trí | D77: 16 | F77: PT KHX trên màn hình tăng sáng | G77: TTDB | H77: 4497500 | I77: V.TÂN | J77: =R77-L77-N77-P77-Q77 -> 326068.75 | K77: TUẤN | L77: =IF(K77="-",0,H77*0.03) -> 134925 | M77: G.TỬ | N77: =IF(M77="-",0,H77*0.02) -> 89950 | O77: CÔNG | P77: =IF(O77="-",0,H77*0.01) -> 44975 | Q77: =H77*0.005 -> 22487.5 | R77: =IF(I77="V.Tân",H77*0.1375,IF(I77="nguyện",H77*0.1375,IF(I77="TOẢN",H77*0.1375,IF(I77="TUẤN",H77*0.1375,H77*0.17)))) -> 618406.25
A78: 72 | B78: 15/11/2025 | C78: Nguyễn Văn Tư | D78: 55 | F78: PT KHX trên màn hình tăng sáng | G78: TTDB | H78: 4497500 | I78: TOẢN | J78: =R78-L78-N78-P78-Q78 -> 371043.75 | K78: LINH | L78: =IF(K78="-",0,H78*0.03) -> 134925 | M78: ĐỨC | N78: =IF(M78="-",0,H78*0.02) -> 89950 | O78: - | P78: =IF(O78="-",0,H78*0.01) -> 0 | Q78: =H78*0.005 -> 22487.5 | R78: =IF(I78="V.Tân",H78*0.1375,IF(I78="nguyện",H78*0.1375,IF(I78="TOẢN",H78*0.1375,IF(I78="TUẤN",H78*0.1375,H78*0.17)))) -> 618406.25
A79: 73 | B79: 16/11/2025 | C79: Nguyễn Đăng Khoa | D79: 18 | F79: KHX trên màn hình tăng sáng | G79: TTDB | H79: 4497500 | I79: TUẤN | J79: =R79-L79-N79-P79-Q79 -> 326068.75 | K79: CÔNG | L79: =IF(K79="-",0,H79*0.03) -> 134925 | M79: THIỆN | N79: =IF(M79="-",0,H79*0.02) -> 89950 | O79: ẨN | P79: =IF(O79="-",0,H79*0.01) -> 44975 | Q79: =H79*0.005 -> 22487.5 | R79: =IF(I79="V.Tân",H79*0.1375,IF(I79="nguyện",H79*0.1375,IF(I79="TOẢN",H79*0.1375,IF(I79="TUẤN",H79*0.1375,H79*0.17)))) -> 618406.25
A80: 74 | B80: 16/11/2025 | C80: Nguyễn Thị Kim Thoa | E80: 52 | F80: KHX trên màn hình tăng sáng | G80: TTDB | H80: 4497500 | I80: TUẤN | J80: =R80-L80-N80-P80-Q80 -> 326068.75 | K80: CÔNG | L80: =IF(K80="-",0,H80*0.03) -> 134925 | M80: ẨN | N80: =IF(M80="-",0,H80*0.02) -> 89950 | O80: THIỆN | P80: =IF(O80="-",0,H80*0.01) -> 44975 | Q80: =H80*0.005 -> 22487.5 | R80: =IF(I80="V.Tân",H80*0.1375,IF(I80="nguyện",H80*0.1375,IF(I80="TOẢN",H80*0.1375,IF(I80="TUẤN",H80*0.1375,H80*0.17)))) -> 618406.25
A81: 75 | B81: 17/11/2025 | C81: Bùi Văn Trường Kha | D81: 37 | F81: KHX bàn ngón | G81: TP | H81: 4253000 | I81: BẢO | J81: =R81-L81-N81-P81-Q81 -> 446565 | K81: G.TỬ | L81: =IF(K81="-",0,H81*0.03) -> 127590 | M81: THẠNH | N81: =IF(M81="-",0,H81*0.02) -> 85060 | O81: BÌNH | P81: =IF(O81="-",0,H81*0.01) -> 42530 | Q81: =H81*0.005 -> 21265 | R81: =IF(I81="V.Tân",H81*0.1375,IF(I81="nguyện",H81*0.1375,IF(I81="TOẢN",H81*0.1375,IF(I81="TUẤN",H81*0.1375,H81*0.17)))) -> 723010
A82: 76 | B82: 17/11/2025 | C82: Bùi Thị Thuận | E82: 83 | F82: Cắt lọc hoại tử ổ loét vết thương mạn tính | G82: TT2 | H82: 2128200 | I82: DUY | J82: =R82-L82-N82-P82-Q82 -> 244743 | K82: NGHIÊM | L82: =IF(K82="-",0,H82*0.03) -> 63846 | M82: CÔNG | N82: =IF(M82="-",0,H82*0.02) -> 42564 | O82: - | P82: =IF(O82="-",0,H82*0.01) -> 0 | Q82: =H82*0.005 -> 10641 | R82: =IF(I82="V.Tân",H82*0.1375,IF(I82="nguyện",H82*0.1375,IF(I82="TOẢN",H82*0.1375,IF(I82="TUẤN",H82*0.1375,H82*0.17)))) -> 361794
A83: 77 | B83: 17/11/2025 | C83: Trần Kim Long | D83: 60 | F83: Ghép da | G83: TT1 | H83: 2191600 | I83: DUY | J83: =R83-L83-N83-P83-Q83 -> 252034 | K83: G.TỬ | L83: =IF(K83="-",0,H83*0.03) -> 65748 | M83: DƯƠNG | N83: =IF(M83="-",0,H83*0.02) -> 43832 | O83: - | P83: =IF(O83="-",0,H83*0.01) -> 0 | Q83: =H83*0.005 -> 10958 | R83: =IF(I83="V.Tân",H83*0.1375,IF(I83="nguyện",H83*0.1375,IF(I83="TOẢN",H83*0.1375,IF(I83="TUẤN",H83*0.1375,H83*0.17)))) -> 372572
A84: 78 | B84: 17/11/2025 | C84: Nguyễn Văn Tùng | D84: 57 | F84: KHX trên màn hình tăng sáng | G84: TTDB | H84: 4497500 | I84: BẢO | J84: =R84-L84-N84-P84-Q84 -> 517212.5 | K84: G.TỬ | L84: =IF(K84="-",0,H84*0.03) -> 134925 | M84: THẠNH | N84: =IF(M84="-",0,H84*0.02) -> 89950 | O84: - | P84: =IF(O84="-",0,H84*0.01) -> 0 | Q84: =H84*0.005 -> 22487.5 | R84: =IF(I84="V.Tân",H84*0.1375,IF(I84="nguyện",H84*0.1375,IF(I84="TOẢN",H84*0.1375,IF(I84="TUẤN",H84*0.1375,H84*0.17)))) -> 764575
A85: 79 | B85: 17/11/2025 | C85: Bùi Thị Điệp | E85: 68 | F85: PT vết thương phức tạp | G85: TT1 | H85: 796000 | I85: BẢO | J85: =R85-L85-N85-P85-Q85 -> 91540 | K85: G.TỬ | L85: =IF(K85="-",0,H85*0.03) -> 23880 | M85: THẠNH | N85: =IF(M85="-",0,H85*0.02) -> 15920 | O85: - | P85: =IF(O85="-",0,H85*0.01) -> 0 | Q85: =H85*0.005 -> 3980 | R85: =IF(I85="V.Tân",H85*0.1375,IF(I85="nguyện",H85*0.1375,IF(I85="TOẢN",H85*0.1375,IF(I85="TUẤN",H85*0.1375,H85*0.17)))) -> 135320
A86: 80 | B86: 18/11/2025 | C86: Cao Văn Vũ | D86: 42 | F86: KXH trên màn hình tăng sáng | G86: TTDB | H86: 4497500 | I86: BẢO | J86: =R86-L86-N86-P86-Q86 -> 472237.5 | K86: DUY | L86: =IF(K86="-",0,H86*0.03) -> 134925 | M86: TUẤN | N86: =IF(M86="-",0,H86*0.02) -> 89950 | O86: NGHIÊM | P86: =IF(O86="-",0,H86*0.01) -> 44975 | Q86: =H86*0.005 -> 22487.5 | R86: =IF(I86="V.Tân",H86*0.1375,IF(I86="nguyện",H86*0.1375,IF(I86="TOẢN",H86*0.1375,IF(I86="TUẤN",H86*0.1375,H86*0.17)))) -> 764575
A87: 81 | B87: 18/11/2025 | C87: Trần Phượng Hoàng | E87: 65 | F87: PT thay toàn bộ khớp gối | G87: TTDB | H87: 3525500 | I87: HOAN | J87: =R87-L87-N87-P87-Q87 -> 370177.5 | K87: G.TỬ | L87: =IF(K87="-",0,H87*0.03) -> 105765 | M87: CÔNG | N87: =IF(M87="-",0,H87*0.02) -> 70510 | O87: THẠNH | P87: =IF(O87="-",0,H87*0.01) -> 35255 | Q87: =H87*0.005 -> 17627.5 | R87: =IF(I87="V.Tân",H87*0.1375,IF(I87="nguyện",H87*0.1375,IF(I87="TOẢN",H87*0.1375,IF(I87="TUẤN",H87*0.1375,H87*0.17)))) -> 599335
A88: 82 | B88: 18/11/2025 | C88: TRẦN THỊ KÍNH | E88: 74 | F88: PT sửa mõm cụt ngón chân | G88: TT2 | H88: 1773300 | I88: TUẤN | J88: =R88-L88-N88-P88-Q88 -> 128564.25 | K88: THIỆN | L88: =IF(K88="-",0,H88*0.03) -> 53199 | M88: CÔNG | N88: =IF(M88="-",0,H88*0.02) -> 35466 | O88: ẨN | P88: =IF(O88="-",0,H88*0.01) -> 17733 | Q88: =H88*0.005 -> 8866.5 | R88: =IF(I88="V.Tân",H88*0.1375,IF(I88="nguyện",H88*0.1375,IF(I88="TOẢN",H88*0.1375,IF(I88="TUẤN",H88*0.1375,H88*0.17)))) -> 243828.75
A89: 83 | B89: 18/11/2025 | C89: Trần Thị Chuộng | E89: 42 | F89: PTNS tái tạo dây chằng | G89: TTDB | H89: 3405500 | I89: TOẢN | J89: =R89-L89-N89-P89-Q89 -> 246898.75 | K89: TUẤN | L89: =IF(K89="-",0,H89*0.03) -> 102165 | M89: LINH | N89: =IF(M89="-",0,H89*0.02) -> 68110 | O89: DƯƠNG | P89: =IF(O89="-",0,H89*0.01) -> 34055 | Q89: =H89*0.005 -> 17027.5 | R89: =IF(I89="V.Tân",H89*0.1375,IF(I89="nguyện",H89*0.1375,IF(I89="TOẢN",H89*0.1375,IF(I89="TUẤN",H89*0.1375,H89*0.17)))) -> 468256.25
A90: 84 | B90: 18/11/2025 | C90: Võ Khánh Nam | D90: 22 | F90: PTNS tái tạo dây chằng | G90: TTDB | H90: 3405500 | I90: TOẢN | J90: =R90-L90-N90-P90-Q90 -> 280953.75 | K90: LINH | L90: =IF(K90="-",0,H90*0.03) -> 102165 | M90: DƯƠNG | N90: =IF(M90="-",0,H90*0.02) -> 68110 | O90: - | P90: =IF(O90="-",0,H90*0.01) -> 0 | Q90: =H90*0.005 -> 17027.5 | R90: =IF(I90="V.Tân",H90*0.1375,IF(I90="nguyện",H90*0.1375,IF(I90="TOẢN",H90*0.1375,IF(I90="TUẤN",H90*0.1375,H90*0.17)))) -> 468256.25
A91: 85 | B91: 18/11/2025 | C91: Hà Quốc Bảo | D91: 23 | F91: Lấy dụng cụ KHX | G91: TT2 | H91: 2559100 | I91: NGUYỆN | J91: =R91-L91-N91-P91-Q91 -> 211125.75 | K91: NGHIÊM | L91: =IF(K91="-",0,H91*0.03) -> 76773 | M91: ẨN | N91: =IF(M91="-",0,H91*0.02) -> 51182 | O91: - | P91: =IF(O91="-",0,H91*0.01) -> 0 | Q91: =H91*0.005 -> 12795.5 | R91: =IF(I91="V.Tân",H91*0.1375,IF(I91="nguyện",H91*0.1375,IF(I91="TOẢN",H91*0.1375,IF(I91="TUẤN",H91*0.1375,H91*0.17)))) -> 351876.25
A92: 86 | B92: 18/11/2025 | C92: Phan Thị Kim Tươi | E92: 40 | F92: Lấy dụng cụ KHX | G92: TT2 | H92: 2559100 | I92: HOAN | J92: =R92-L92-N92-P92-Q92 -> 294296.5 | K92: G.TỬ | L92: =IF(K92="-",0,H92*0.03) -> 76773 | M92: CÔNG | N92: =IF(M92="-",0,H92*0.02) -> 51182 | O92: - | P92: =IF(O92="-",0,H92*0.01) -> 0 | Q92: =H92*0.005 -> 12795.5 | R92: =IF(I92="V.Tân",H92*0.1375,IF(I92="nguyện",H92*0.1375,IF(I92="TOẢN",H92*0.1375,IF(I92="TUẤN",H92*0.1375,H92*0.17)))) -> 435047
A93: 87 | B93: 18/11/2025 | C93: Hồng Thị Mười | E93: 82 | F93: Tạo hình thân đốt sống bằng bơm cement sinh học có bóng | G93: TTDB | H93: 4578000 | I93: HOAN | J93: =R93-L93-N93-P93-Q93 -> 480690 | K93: TUẤN | L93: =IF(K93="-",0,H93*0.03) -> 137340 | M93: G.TỬ | N93: =IF(M93="-",0,H93*0.02) -> 91560 | O93: CÔNG | P93: =IF(O93="-",0,H93*0.01) -> 45780 | Q93: =H93*0.005 -> 22890 | R93: =IF(I93="V.Tân",H93*0.1375,IF(I93="nguyện",H93*0.1375,IF(I93="TOẢN",H93*0.1375,IF(I93="TUẤN",H93*0.1375,H93*0.17)))) -> 778260
A94: 88 | B94: 18/11/2025 | C94: Huỳnh Trần Minh Khôi | D94: 24 | F94: PTNS tái tạo dây chằng | G94: TTDB | H94: 3405500 | I94: SƠN | J94: =R94-L94-N94-P94-Q94 -> 357577.5 | K94: BẢO | L94: =IF(K94="-",0,H94*0.03) -> 102165 | M94: TOẢN | N94: =IF(M94="-",0,H94*0.02) -> 68110 | O94: KHÁNH | P94: =IF(O94="-",0,H94*0.01) -> 34055 | Q94: =H94*0.005 -> 17027.5 | R94: =IF(I94="V.Tân",H94*0.1375,IF(I94="nguyện",H94*0.1375,IF(I94="TOẢN",H94*0.1375,IF(I94="TUẤN",H94*0.1375,H94*0.17)))) -> 578935
A95: 89 | B95: 19/11/2025 | C95: Nguyễn Văn Tho | D95: 64 | F95: PT vá da diện tích >10cm | G95: TT1 | H95: 1300900 | I95: DUY | J95: =R95-L95-N95-P95-Q95 -> 149603.5 | K95: CÔNG | L95: =IF(K95="-",0,H95*0.03) -> 39027 | M95: ẨN | N95: =IF(M95="-",0,H95*0.02) -> 26018 | O95: - | P95: =IF(O95="-",0,H95*0.01) -> 0 | Q95: =H95*0.005 -> 6504.5 | R95: =IF(I95="V.Tân",H95*0.1375,IF(I95="nguyện",H95*0.1375,IF(I95="TOẢN",H95*0.1375,IF(I95="TUẤN",H95*0.1375,H95*0.17)))) -> 221153
A96: 90 | B96: 19/11/2025 | C96: Lê Thị Anh Khuyên | E96: 20 | F96: Cắt lọc hoại tử ổ loét vết thương mạn tính | G96: TT2 | H96: 2128200 | I96: TOẢN | J96: =R96-L96-N96-P96-Q96 -> 175576.5 | K96: CÔNG | L96: =IF(K96="-",0,H96*0.03) -> 63846 | M96: ẨN | N96: =IF(M96="-",0,H96*0.02) -> 42564 | O96: - | P96: =IF(O96="-",0,H96*0.01) -> 0 | Q96: =H96*0.005 -> 10641 | R96: =IF(I96="V.Tân",H96*0.1375,IF(I96="nguyện",H96*0.1375,IF(I96="TOẢN",H96*0.1375,IF(I96="TUẤN",H96*0.1375,H96*0.17)))) -> 292627.5
A97: 91 | B97: 19/11/2025 | C97: Nguyễn Thị Nữ | E97: 54 | F97: PT thay toàn bộ khớp gối | G97: TTDB | H97: 3525500 | I97: HOAN | J97: =R97-L97-N97-P97-Q97 -> 370177.5 | K97: NGUYỆN | L97: =IF(K97="-",0,H97*0.03) -> 105765 | M97: TUẤN | N97: =IF(M97="-",0,H97*0.02) -> 70510 | O97: DƯƠNG | P97: =IF(O97="-",0,H97*0.01) -> 35255 | Q97: =H97*0.005 -> 17627.5 | R97: =IF(I97="V.Tân",H97*0.1375,IF(I97="nguyện",H97*0.1375,IF(I97="TOẢN",H97*0.1375,IF(I97="TUẤN",H97*0.1375,H97*0.17)))) -> 599335
A98: 92 | B98: 19/11/2025 | C98: Triệu Thị Suôn | E98: 66 | F98: PT thay khớp háng toàn phần | G98: TTDB | H98: 3525500 | I98: HOAN | J98: =R98-L98-N98-P98-Q98 -> 370177.5 | K98: SƠN | L98: =IF(K98="-",0,H98*0.03) -> 105765 | M98: BẢO | N98: =IF(M98="-",0,H98*0.02) -> 70510 | O98: G.TỬ | P98: =IF(O98="-",0,H98*0.01) -> 35255 | Q98: =H98*0.005 -> 17627.5 | R98: =IF(I98="V.Tân",H98*0.1375,IF(I98="nguyện",H98*0.1375,IF(I98="TOẢN",H98*0.1375,IF(I98="TUẤN",H98*0.1375,H98*0.17)))) -> 599335
A99: 93 | B99: 19/11/2025 | C99: Trần Thị Kim Tư | E99: 69 | F99: Cố định cột sống | G99: TTDB | H99: 4201900 | I99: HOAN | J99: =R99-L99-N99-P99-Q99 -> 441199.5 | K99: NGUYỆN | L99: =IF(K99="-",0,H99*0.03) -> 126057 | M99: TUẤN | N99: =IF(M99="-",0,H99*0.02) -> 84038 | O99: G.TỬ | P99: =IF(O99="-",0,H99*0.01) -> 42019 | Q99: =H99*0.005 -> 21009.5 | R99: =IF(I99="V.Tân",H99*0.1375,IF(I99="nguyện",H99*0.1375,IF(I99="TOẢN",H99*0.1375,IF(I99="TUẤN",H99*0.1375,H99*0.17)))) -> 714323
A100: 94 | B100: 19/11/2025 | C100: Nguyễn Thị Hạnh | E100: 77 | F100: Tạo hình thân đốt sống bằng bơm cement sinh học có bóng | G100: TTDB | H100: 4578000 | I100: NGUYỆN | J100: =R100-L100-N100-P100-Q100 -> 331905 | K100: TOẢN | L100: =IF(K100="-",0,H100*0.03) -> 137340 | M100: TUẤN | N100: =IF(M100="-",0,H100*0.02) -> 91560 | O100: BÌNH | P100: =IF(O100="-",0,H100*0.01) -> 45780 | Q100: =H100*0.005 -> 22890 | R100: =IF(I100="V.Tân",H100*0.1375,IF(I100="nguyện",H100*0.1375,IF(I100="TOẢN",H100*0.1375,IF(I100="TUẤN",H100*0.1375,H100*0.17)))) -> 629475
A101: 95 | B101: 20/11/2025 | C101: Cam Chí Công | D101: 27 | F101: PT KHX trên màn hình tăng | G101: TTDB | H101: 4497500 | I101: BẢO | J101: =R101-L101-N101-P101-Q101 -> 472237.5 | K101: SƠN | L101: =IF(K101="-",0,H101*0.03) -> 134925 | M101: DUY | N101: =IF(M101="-",0,H101*0.02) -> 89950 | O101: THIỆN | P101: =IF(O101="-",0,H101*0.01) -> 44975 | Q101: =H101*0.005 -> 22487.5 | R101: =IF(I101="V.Tân",H101*0.1375,IF(I101="nguyện",H101*0.1375,IF(I101="TOẢN",H101*0.1375,IF(I101="TUẤN",H101*0.1375,H101*0.17)))) -> 764575
...

Sheet lanh tien PT
A1: BV TRƯỜNG ĐHYD CẦN THƠ
A2: KHOA NGOẠI CTCH-TK
B3: DANH SÁCH LÃNH TIỀN THÙ LAO THÁNG 11/2025
C4: (Phẫu thuật)
A6: STT | B6: HỌ TÊN | C6: chức vụ | D6: SỐ TIỀN | E6: KÝ NHẬN
A7: 1 | B7: Nguyễn Thành Tấn | C7: Bác sĩ | D7: =SUM(SUMIF(phauthuat!$I$7:$I$121,"TẤN",phauthuat!$J$7:$J$121),SUMIF(phauthuat!$K$7:$K$121,"TẤN",phauthuat!$L$7:$L$121),SUMIF(phauthuat!$M$7:$M$121,"TẤN",phauthuat!$N$7:$N$121),SUMIF(phauthuat!$O$7:$O$121,"TẤN",phauthuat!$P$7:$P$121)) -> 555266.25
A8: 2 | B8: Nguyễn Lê Hoan | C8: Bác sĩ | D8: =SUM(SUMIF(phauthuat!$I$7:$I$121,"HOAN",phauthuat!$J$7:$J$121),SUMIF(phauthuat!$K$7:$K$121,"HOAN",phauthuat!$L$7:$L$121),SUMIF(phauthuat!$M$7:$M$121,"HOAN",phauthuat!$N$7:$N$121),SUMIF(phauthuat!$O$7:$O$121,"Hoan",phauthuat!$P$7:$P$121)) -> 8513606.5
A9: 3 | B9: Nguyễn Chí Nguyện | C9: Bác sĩ | D9: =SUM(SUMIF(phauthuat!$I$7:$I$121,"NGUYỆN",phauthuat!$J$7:$J$121),SUMIF(phauthuat!$K$7:$K$121,"NGUYỆN",phauthuat!$L$7:$L$121),SUMIF(phauthuat!$M$7:$M$121,"NGUYỆN",phauthuat!$N$7:$N$121),SUMIF(phauthuat!$O$7:$O$121,"NGUYỆN",phauthuat!$P$7:$P$121)) -> 6612558
A10: 4 | B10: Hồ Điền | C10: Bác sĩ | D10: =SUM(SUMIF(phauthuat!$I$7:$I$121,"ĐIỀN",phauthuat!$J$7:$J$121),SUMIF(phauthuat!$K$7:$K$121,"ĐIỀN",phauthuat!$L$7:$L$121),SUMIF(phauthuat!$M$7:$M$121,"ĐIỀN",phauthuat!$N$7:$N$121),SUMIF(phauthuat!$O$7:$O$121,"ĐIỀN",phauthuat!$P$7:$P$121)) -> 4790892
A11: 5 | B11: Trần Quốc Toản | C11: Bác sĩ | D11: =SUM(SUMIF(phauthuat!$I$7:$I$121,"TOẢN",phauthuat!$J$7:$J$121),SUMIF(phauthuat!$K$7:$K$121,"TOẢN",phauthuat!$L$7:$L$121),SUMIF(phauthuat!$M$7:$M$121,"TOẢN",phauthuat!$N$7:$N$121),SUMIF(phauthuat!$O$7:$O$121,"TOẢN",phauthuat!$P$7:$P$121)) -> 3091240.5
A12: 6 | B12: Phạm Việt Tân | C12: Bác sĩ | D12: =SUM(SUMIF(phauthuat!$I$7:$I$121,"V.TÂN",phauthuat!$J$7:$J$121),SUMIF(phauthuat!$K$7:$K$121,"V.TÂN",phauthuat!$L$7:$L$121),SUMIF(phauthuat!$M$7:$M$121,"V.TÂN",phauthuat!$N$7:$N$121),SUMIF(phauthuat!$O$7:$O$121,"V.TÂN",phauthuat!$P$7:$P$121)) -> 2400262.8
A13: 7 | B13: Phan Văn Tuấn | C13: Bác sĩ | D13: =SUM(SUMIF(phauthuat!$I$7:$I$121,"TUẤN",phauthuat!$J$7:$J$121),SUMIF(phauthuat!$K$7:$K$121,"TUẤN",phauthuat!$L$7:$L$121),SUMIF(phauthuat!$M$7:$M$121,"TUẤN",phauthuat!$N$7:$N$121),SUMIF(phauthuat!$O$7:$O$121,"TUẤN",phauthuat!$P$7:$P$121)) -> 6866610.2
A14: 8 | B14: Nguyễn Tư Thái Bảo | C14: Bác sĩ | D14: =SUM(SUMIF(phauthuat!$I$7:$I$121,"BẢO",phauthuat!$J$7:$J$121),SUMIF(phauthuat!$K$7:$K$121,"BẢO",phauthuat!$L$7:$L$121),SUMIF(phauthuat!$M$7:$M$121,"BẢO",phauthuat!$N$7:$N$121),SUMIF(phauthuat!$O$7:$O$121,"BẢO",phauthuat!$P$7:$P$121)) -> 5240183
A15: 9 | B15: Trần Nguyễn Anh Duy | C15: Bác sĩ | D15: =SUM(SUMIF(phauthuat!$I$7:$I$121,"DUY",phauthuat!$J$7:$J$121),SUMIF(phauthuat!$K$7:$K$121,"DUY",phauthuat!$L$7:$L$121),SUMIF(phauthuat!$M$7:$M$121,"DUY",phauthuat!$N$7:$N$121),SUMIF(phauthuat!$O$7:$O$121,"DUY",phauthuat!$P$7:$P$121)) -> 5385728
A16: 10 | B16: Trần Quang Sơn | C16: Bác sĩ | D16: =SUM(SUMIF(phauthuat!$I$7:$I$121,"SƠN",phauthuat!$J$7:$J$121),SUMIF(phauthuat!$K$7:$K$121,"SƠN",phauthuat!$L$7:$L$121),SUMIF(phauthuat!$M$7:$M$121,"SƠN",phauthuat!$N$7:$N$121),SUMIF(phauthuat!$O$7:$O$121,"SƠN",phauthuat!$P$7:$P$121)) -> 5711389
A17: 11 | B17: Nguyễn Giang Tử | C17: Bác sĩ | D17: =SUM(SUMIF(phauthuat!$I$7:$I$121,"G.TỬ",phauthuat!$J$7:$J$121),SUMIF(phauthuat!$K$7:$K$121,"G.TỬ",phauthuat!$L$7:$L$121),SUMIF(phauthuat!$M$7:$M$121,"G.TỬ",phauthuat!$N$7:$N$121),SUMIF(phauthuat!$O$7:$O$121,"G.TỬ",phauthuat!$P$7:$P$121)) -> 2400965.5
A18: 12 | B18: Võ Long Ẩn | C18: Bác sĩ (nt) | D18: =SUM(SUMIF(phauthuat!$I$7:$I$121,"ẨN",phauthuat!$J$7:$J$121),SUMIF(phauthuat!$K$7:$K$121,"ẨN",phauthuat!$L$7:$L$121),SUMIF(phauthuat!$M$7:$M$121,"ẨN",phauthuat!$N$7:$N$121),SUMIF(phauthuat!$O$7:$O$121,"ẨN",phauthuat!$P$7:$P$121)) -> 1037686
A19: 13 | B19: Nguyễn Xuân Bình | C19: Bác sĩ (nt) | D19: =SUM(SUMIF(phauthuat!$I$7:$I$121,"Bình",phauthuat!$J$7:$J$121),SUMIF(phauthuat!$K$7:$K$121,"bình",phauthuat!$L$7:$L$121),SUMIF(phauthuat!$M$7:$M$121,"bình",phauthuat!$N$7:$N$121),SUMIF(phauthuat!$O$7:$O$121,"bình",phauthuat!$P$7:$P$121)) -> 707162
A20: 14 | B20: Phan Doãn Đại Dương | C20: Bác sĩ (nt) | D20: =SUM(SUMIF(phauthuat!$I$7:$I$121,"dương",phauthuat!$J$7:$J$121),SUMIF(phauthuat!$K$7:$K$121,"dương",phauthuat!$L$7:$L$121),SUMIF(phauthuat!$M$7:$M$121,"dương",phauthuat!$N$7:$N$121),SUMIF(phauthuat!$O$7:$O$121,"dương",phauthuat!$P$7:$P$121)) -> 711236
A21: 15 | B21: Lê Quốc Khánh | C21: Bác sĩ (nt) | D21: =SUM(SUMIF(phauthuat!$I$7:$I$121,"khánh",phauthuat!$J$7:$J$121),SUMIF(phauthuat!$K$7:$K$121,"khánh",phauthuat!$L$7:$L$121),SUMIF(phauthuat!$M$7:$M$121,"khánh",phauthuat!$N$7:$N$121),SUMIF(phauthuat!$O$7:$O$121,"khánh",phauthuat!$P$7:$P$121)) -> 591749
A22: 16 | B22: Lê Cường Thạnh | C22: Bác sĩ (nt) | D22: =SUM(SUMIF(phauthuat!$I$7:$I$121,"thạnh",phauthuat!$J$7:$J$121),SUMIF(phauthuat!$K$7:$K$121,"thạnh",phauthuat!$L$7:$L$121),SUMIF(phauthuat!$M$7:$M$121,"thạnh",phauthuat!$N$7:$N$121),SUMIF(phauthuat!$O$7:$O$121,"thạnh",phauthuat!$P$7:$P$121)) -> 1054169
A23: 17 | B23: Nguyễn Văn Nghiêm | C23: Bác sĩ (nt) | D23: =SUM(SUMIF(phauthuat!$I$7:$I$121,"NGHIÊM",phauthuat!$J$7:$J$121),SUMIF(phauthuat!$K$7:$K$121,"NGHIÊM",phauthuat!$L$7:$L$121),SUMIF(phauthuat!$M$7:$M$121,"NGHIÊM",phauthuat!$N$7:$N$121),SUMIF(phauthuat!$O$7:$O$121,"NGHIÊM",phauthuat!$P$7:$P$121)) -> 1093514
A24: 18 | B24: Đỗ Thành Công | C24: Bác sĩ (nt) | D24: =SUM(SUMIF(phauthuat!$I$7:$I$121,"CÔNG",phauthuat!$J$7:$J$121),SUMIF(phauthuat!$K$7:$K$121,"CÔNG",phauthuat!$L$7:$L$121),SUMIF(phauthuat!$M$7:$M$121,"CÔNG",phauthuat!$N$7:$N$121),SUMIF(phauthuat!$O$7:$O$121,"CÔNG",phauthuat!$P$7:$P$121)) -> 1483944
A25: 19 | B25: Võ Ngọc Thiện | C25: Bác sĩ (nt) | D25: =SUM(SUMIF(phauthuat!$I$7:$I$121,"THIỆN",phauthuat!$J$7:$J$121),SUMIF(phauthuat!$K$7:$K$121,"THIỆN",phauthuat!$L$7:$L$121),SUMIF(phauthuat!$M$7:$M$121,"THIỆN",phauthuat!$N$7:$N$121),SUMIF(phauthuat!$O$7:$O$121,"THIỆN",phauthuat!$P$7:$P$121)) -> 2265346
A26: 20 | B26: Nguyễn Hoài Linh | C26: Bác sĩ (nt) | D26: =SUM(SUMIF(phauthuat!$I$7:$I$121,"LINH",phauthuat!$J$7:$J$121),SUMIF(phauthuat!$K$7:$K$121,"LINH",phauthuat!$L$7:$L$121),SUMIF(phauthuat!$M$7:$M$121,"LINH",phauthuat!$N$7:$N$121),SUMIF(phauthuat!$O$7:$O$121,"LINH",phauthuat!$P$7:$P$121)) -> 2062681
A27: 21 | B27: Nguyễn Hoài Đức | C27: Bác sĩ (nt) | D27: =SUM(SUMIF(phauthuat!$I$7:$I$121,"ĐỨC",phauthuat!$J$7:$J$121),SUMIF(phauthuat!$K$7:$K$121,"ĐỨC",phauthuat!$L$7:$L$121),SUMIF(phauthuat!$M$7:$M$121,"ĐỨC",phauthuat!$N$7:$N$121),SUMIF(phauthuat!$O$7:$O$121,"ĐỨC",phauthuat!$P$7:$P$121)) -> 1375488
A28: 22 | B28: Phan Văn Hiếu | C28: Điều dưỡng | D28: =phauthuat!Q119/10 -> 209615.58
A29: 23 | B29: Võ Thị Yến Nhi | C29: Điều dưỡng | D29: =D28 -> 209615.58
A30: 24 | B30: Võ Phương Duy | C30: Điều dưỡng | D30: =D29 -> 209615.58
A31: 25 | B31: Nguyễn Kim Ngân | C31: Điều dưỡng | D31: =D30 -> 209615.58
A32: 26 | B32: Lê Ngọc Diệu | C32: Điều dưỡng | D32: =D31 -> 209615.58
A33: 27 | B33: Trần Quỳnh Minh Thư | C33: Điều dưỡng | D33: =D32 -> 209615.58
A34: 28 | B34: Lê Thị Tuyết Đoan | C34: Điều dưỡng | D34: =D33 -> 209615.58
A35: 29 | B35: Thạch Thị Thúy Đa | C35: Điều dưỡng | D35: =D33 -> 209615.58
A36: 30 | B36: Lê Kim Hoàn | C36: Điều dưỡng | D36: =D35 -> 209615.58
A37: 31 | B37: Nguyễn Lê Duy Anh | C37: Điều dưỡng | D37: =D36 -> 209615.58
B38: TỔNG CỘNG | D38: =SUM(D7:D37) -> 66047833
D40: Cần Thơ, ngày 16 tháng 12 năm 2025
A41: Người lập bảng | D41: Trưởng khoa
D44: =phauthuat!R119-'lanh tien PT'!D38 -> 0

Sheet phauthuat_BHYT
A1: BV TRƯỜNG ĐHYD CẦN THƠ
A2: KHOA NGOẠI CTCH-TK
B3: BẢNG KÊ TIỀN PHẪU THUẬT BHYT
A4: (THÁNG 11/2025)
A7: STT | B7: Ngày | C7: Họ và tên | D7: Nam | E7: Nữ | F7: Phương pháp phẫu thuật | G7: loại pt - đối tượng | H7: PTV chính | I7: Số tiền | J7: Phụ mổ 1 | K7: Số tiền | L7: Phụ mổ 2 | M7: Số tiền | N7: Tổng số tiền được lãnh sau trừ khấu hao
A8: 1 | B8: 24/10/2025 | C8: Nguyễn Long Hồ | D8: 52 | F8: PT thay toàn bộ khớp háng | G8: DTDB | H8: HOAN | I8: =IF(G8="DTDB",420000,IF(G8="TTDB",420000,IF(G8="DT1",187500,IF(G8="TT1",187500,IF(G8="DT2",97500,IF(G8="TT2",97500,IF(G8="DT3",75000,75000))))))) -> 420000 | J8: TUẤN | K8: =IF(G8="DTDB",300000,IF(G8="TTDB",300000,IF(G8="DT1",135000,IF(G8="TT1",135000,IF(G8="DT2",75000,IF(G8="TT2",75000,IF(G8="DT3",45000,45000))))))) -> 300000 | L8: ĐỨC | M8: =IF(L8="-",0,IF(G8="DTDB",300000,IF(G8="TTDB",300000,IF(G8="DT1",135000,IF(G8="TT1",135000,IF(G8="DT2",75000,IF(G8="TT2",75000,IF(G8="DT3",45000,45000)))))))) -> 300000 | N8: =I8+K8+M8 -> 1020000
A9: 2 | B9: 27/10/2025 | C9: Nguyễn Thị Bê | E9: 87 | F9: PT thay khớp háng bán phần | G9: TT1 | H9: HOAN | I9: =IF(G9="DTDB",420000,IF(G9="TTDB",420000,IF(G9="DT1",187500,IF(G9="TT1",187500,IF(G9="DT2",97500,IF(G9="TT2",97500,IF(G9="DT3",75000,75000))))))) -> 187500 | J9: DUY | K9: =IF(G9="DTDB",300000,IF(G9="TTDB",300000,IF(G9="DT1",135000,IF(G9="TT1",135000,IF(G9="DT2",75000,IF(G9="TT2",75000,IF(G9="DT3",45000,45000))))))) -> 135000 | L9: TUẤN | M9: =IF(L9="-",0,IF(G9="DTDB",300000,IF(G9="TTDB",300000,IF(G9="DT1",135000,IF(G9="TT1",135000,IF(G9="DT2",75000,IF(G9="TT2",75000,IF(G9="DT3",45000,45000)))))))) -> 135000 | N9: =I9+K9+M9 -> 457500
A10: 3 | B10: 27/10/2025 | C10: Phan Thúy Chiều | E10: 37 | F10: PT vết thương phần mềm phức tạp | G10: DT1 | H10: V.TÂN | I10: =IF(G10="DTDB",420000,IF(G10="TTDB",420000,IF(G10="DT1",187500,IF(G10="TT1",187500,IF(G10="DT2",97500,IF(G10="TT2",97500,IF(G10="DT3",75000,75000))))))) -> 187500 | J10: BẢO | K10: =IF(G10="DTDB",300000,IF(G10="TTDB",300000,IF(G10="DT1",135000,IF(G10="TT1",135000,IF(G10="DT2",75000,IF(G10="TT2",75000,IF(G10="DT3",45000,45000))))))) -> 135000 | L10: TUẤN | M10: =IF(L10="-",0,IF(G10="DTDB",300000,IF(G10="TTDB",300000,IF(G10="DT1",135000,IF(G10="TT1",135000,IF(G10="DT2",75000,IF(G10="TT2",75000,IF(G10="DT3",45000,45000)))))))) -> 135000 | N10: =I10+K10+M10 -> 457500
A11: 4 | B11: 28/10/2025 | C11: Nguyễn Thị Pha | E11: 59 | F11: PT thay toàn bộ khớp háng | G11: TTDB | H11: HOAN | I11: =IF(G11="DTDB",420000,IF(G11="TTDB",420000,IF(G11="DT1",187500,IF(G11="TT1",187500,IF(G11="DT2",97500,IF(G11="TT2",97500,IF(G11="DT3",75000,75000))))))) -> 420000 | J11: SƠN | K11: =IF(G11="DTDB",300000,IF(G11="TTDB",300000,IF(G11="DT1",135000,IF(G11="TT1",135000,IF(G11="DT2",75000,IF(G11="TT2",75000,IF(G11="DT3",45000,45000))))))) -> 300000 | L11: TUẤN | M11: =IF(L11="-",0,IF(G11="DTDB",300000,IF(G11="TTDB",300000,IF(G11="DT1",135000,IF(G11="TT1",135000,IF(G11="DT2",75000,IF(G11="TT2",75000,IF(G11="DT3",45000,45000)))))))) -> 300000 | N11: =I11+K11+M11 -> 1020000
A12: 5 | B12: 29/10/2025 | C12: Huỳnh Thị Đẹp | E12: 73 | F12: KHX trên màn hình tăng sáng | G12: TTDB | H12: SƠN | I12: =IF(G12="DTDB",420000,IF(G12="TTDB",420000,IF(G12="DT1",187500,IF(G12="TT1",187500,IF(G12="DT2",97500,IF(G12="TT2",97500,IF(G12="DT3",75000,75000))))))) -> 420000 | J12: LINH | K12: =IF(G12="DTDB",300000,IF(G12="TTDB",300000,IF(G12="DT1",135000,IF(G12="TT1",135000,IF(G12="DT2",75000,IF(G12="TT2",75000,IF(G12="DT3",45000,45000))))))) -> 300000 | L12: BÌNH | M12: =IF(L12="-",0,IF(G12="DTDB",300000,IF(G12="TTDB",300000,IF(G12="DT1",135000,IF(G12="TT1",135000,IF(G12="DT2",75000,IF(G12="TT2",75000,IF(G12="DT3",45000,45000)))))))) -> 300000 | N12: =I12+K12+M12 -> 1020000
A13: 6 | B13: 30/10/2025 | C13: Lê Thị Mộng Thu | E13: 53 | F13: NS tái tạo dây chằng | G13: TTDB | H13: SƠN | I13: =IF(G13="DTDB",420000,IF(G13="TTDB",420000,IF(G13="DT1",187500,IF(G13="TT1",187500,IF(G13="DT2",97500,IF(G13="TT2",97500,IF(G13="DT3",75000,75000))))))) -> 420000 | J13: BẢO | K13: =IF(G13="DTDB",300000,IF(G13="TTDB",300000,IF(G13="DT1",135000,IF(G13="TT1",135000,IF(G13="DT2",75000,IF(G13="TT2",75000,IF(G13="DT3",45000,45000))))))) -> 300000 | L13: LINH | M13: =IF(L13="-",0,IF(G13="DTDB",300000,IF(G13="TTDB",300000,IF(G13="DT1",135000,IF(G13="TT1",135000,IF(G13="DT2",75000,IF(G13="TT2",75000,IF(G13="DT3",45000,45000)))))))) -> 300000 | N13: =I13+K13+M13 -> 1020000
A14: 7 | B14: 30/10/2025 | C14: Lâm Hồng Luyến | D14: 39 | F14: NS tái tạo dây chằng | G14: TTDB | H14: SƠN | I14: =IF(G14="DTDB",420000,IF(G14="TTDB",420000,IF(G14="DT1",187500,IF(G14="TT1",187500,IF(G14="DT2",97500,IF(G14="TT2",97500,IF(G14="DT3",75000,75000))))))) -> 420000 | J14: LINH | K14: =IF(G14="DTDB",300000,IF(G14="TTDB",300000,IF(G14="DT1",135000,IF(G14="TT1",135000,IF(G14="DT2",75000,IF(G14="TT2",75000,IF(G14="DT3",45000,45000))))))) -> 300000 | L14: ẨN | M14: =IF(L14="-",0,IF(G14="DTDB",300000,IF(G14="TTDB",300000,IF(G14="DT1",135000,IF(G14="TT1",135000,IF(G14="DT2",75000,IF(G14="TT2",75000,IF(G14="DT3",45000,45000)))))))) -> 300000 | N14: =I14+K14+M14 -> 1020000
A15: 8 | B15: 30/10/2025 | C15: Trần Thị Khéo | E15: 74 | F15: Cố định cột sống | G15: TTDB | H15: NGUYỆN | I15: =IF(G15="DTDB",420000,IF(G15="TTDB",420000,IF(G15="DT1",187500,IF(G15="TT1",187500,IF(G15="DT2",97500,IF(G15="TT2",97500,IF(G15="DT3",75000,75000))))))) -> 420000 | J15: TUẤN | K15: =IF(G15="DTDB",300000,IF(G15="TTDB",300000,IF(G15="DT1",135000,IF(G15="TT1",135000,IF(G15="DT2",75000,IF(G15="TT2",75000,IF(G15="DT3",45000,45000))))))) -> 300000 | L15: ĐỨC | M15: =IF(L15="-",0,IF(G15="DTDB",300000,IF(G15="TTDB",300000,IF(G15="DT1",135000,IF(G15="TT1",135000,IF(G15="DT2",75000,IF(G15="TT2",75000,IF(G15="DT3",45000,45000)))))))) -> 300000 | N15: =I15+K15+M15 -> 1020000
A16: 9 | B16: 31/10/2025 | C16: Phùng Thị Mỹ Dung | E16: 52 | F16: PTNS cắt lọc khớp gối | G16: TT1 | H16: SƠN | I16: =IF(G16="DTDB",420000,IF(G16="TTDB",420000,IF(G16="DT1",187500,IF(G16="TT1",187500,IF(G16="DT2",97500,IF(G16="TT2",97500,IF(G16="DT3",75000,75000))))))) -> 187500 | J16: NGHIÊM | K16: =IF(G16="DTDB",300000,IF(G16="TTDB",300000,IF(G16="DT1",135000,IF(G16="TT1",135000,IF(G16="DT2",75000,IF(G16="TT2",75000,IF(G16="DT3",45000,45000))))))) -> 135000 | L16: THẠNH | M16: =IF(L16="-",0,IF(G16="DTDB",300000,IF(G16="TTDB",300000,IF(G16="DT1",135000,IF(G16="TT1",135000,IF(G16="DT2",75000,IF(G16="TT2",75000,IF(G16="DT3",45000,45000)))))))) -> 135000 | N16: =I16+K16+M16 -> 457500
A17: 10 | B17: 31/10/2025 | C17: Lê Thị Kim Tiếp | E17: 61 | F17: Cố định cột sống | G17: TTDB | H17: HOAN | I17: =IF(G17="DTDB",420000,IF(G17="TTDB",420000,IF(G17="DT1",187500,IF(G17="TT1",187500,IF(G17="DT2",97500,IF(G17="TT2",97500,IF(G17="DT3",75000,75000))))))) -> 420000 | J17: NGUYỆN | K17: =IF(G17="DTDB",300000,IF(G17="TTDB",300000,IF(G17="DT1",135000,IF(G17="TT1",135000,IF(G17="DT2",75000,IF(G17="TT2",75000,IF(G17="DT3",45000,45000))))))) -> 300000 | L17: TUẤN | M17: =IF(L17="-",0,IF(G17="DTDB",300000,IF(G17="TTDB",300000,IF(G17="DT1",135000,IF(G17="TT1",135000,IF(G17="DT2",75000,IF(G17="TT2",75000,IF(G17="DT3",45000,45000)))))))) -> 300000 | N17: =I17+K17+M17 -> 1020000
A18: 11 | B18: 31/10/2025 | C18: Lã Thị Tơ | E18: 70 | F18: PT chuyển vạt che phủ phần mềm cuống mạch liền | G18: DTDB | H18: HOAN | I18: =IF(G18="DTDB",420000,IF(G18="TTDB",420000,IF(G18="DT1",187500,IF(G18="TT1",187500,IF(G18="DT2",97500,IF(G18="TT2",97500,IF(G18="DT3",75000,75000))))))) -> 420000 | J18: TUẤN | K18: =IF(G18="DTDB",300000,IF(G18="TTDB",300000,IF(G18="DT1",135000,IF(G18="TT1",135000,IF(G18="DT2",75000,IF(G18="TT2",75000,IF(G18="DT3",45000,45000))))))) -> 300000 | L18: KHÁNH | M18: =IF(L18="-",0,IF(G18="DTDB",300000,IF(G18="TTDB",300000,IF(G18="DT1",135000,IF(G18="TT1",135000,IF(G18="DT2",75000,IF(G18="TT2",75000,IF(G18="DT3",45000,45000)))))))) -> 300000 | N18: =I18+K18+M18 -> 1020000
A19: 12 | B19: 31/10/2025 | C19: Nguyễn Trần Ngọc Hân | E19: 17 | F19: KHX trên màn hình tăng sáng | G19: TTDB | H19: NGUYỆN | I19: =IF(G19="DTDB",420000,IF(G19="TTDB",420000,IF(G19="DT1",187500,IF(G19="TT1",187500,IF(G19="DT2",97500,IF(G19="TT2",97500,IF(G19="DT3",75000,75000))))))) -> 420000 | J19: THIỆN | K19: =IF(G19="DTDB",300000,IF(G19="TTDB",300000,IF(G19="DT1",135000,IF(G19="TT1",135000,IF(G19="DT2",75000,IF(G19="TT2",75000,IF(G19="DT3",45000,45000))))))) -> 300000 | L19: BÌNH | M19: =IF(L19="-",0,IF(G19="DTDB",300000,IF(G19="TTDB",300000,IF(G19="DT1",135000,IF(G19="TT1",135000,IF(G19="DT2",75000,IF(G19="TT2",75000,IF(G19="DT3",45000,45000)))))))) -> 300000 | N19: =I19+K19+M19 -> 1020000
A20: 13 | B20: 01/11/2025 | C20: Huỳnh Minh Tần | D20: 34 | F20: PT thay khớp háng toàn phần | G20: TTDB | H20: TẤN | I20: =IF(G20="DTDB",420000,IF(G20="TTDB",420000,IF(G20="DT1",187500,IF(G20="TT1",187500,IF(G20="DT2",97500,IF(G20="TT2",97500,IF(G20="DT3",75000,75000))))))) -> 420000 | J20: NGUYỆN | K20: =IF(G20="DTDB",300000,IF(G20="TTDB",300000,IF(G20="DT1",135000,IF(G20="TT1",135000,IF(G20="DT2",75000,IF(G20="TT2",75000,IF(G20="DT3",45000,45000))))))) -> 300000 | L20: BẢO | M20: =IF(L20="-",0,IF(G20="DTDB",300000,IF(G20="TTDB",300000,IF(G20="DT1",135000,IF(G20="TT1",135000,IF(G20="DT2",75000,IF(G20="TT2",75000,IF(G20="DT3",45000,45000)))))))) -> 300000 | N20: =I20+K20+M20 -> 1020000
A21: 14 | B21: 01/11/2025 | C21: Huỳnh Minh Tần | D21: 34 | F21: PT thay khớp háng toàn phần (50%) | G21: TTDB | H21: TẤN | I21: =IF(G21="DTDB",420000,IF(G21="TTDB",420000,IF(G21="DT1",187500,IF(G21="TT1",187500,IF(G21="DT2",97500,IF(G21="TT2",97500,IF(G21="DT3",75000,75000))))))) -> 420000 | J21: NGUYỆN | K21: =IF(G21="DTDB",300000,IF(G21="TTDB",300000,IF(G21="DT1",135000,IF(G21="TT1",135000,IF(G21="DT2",75000,IF(G21="TT2",75000,IF(G21="DT3",45000,45000))))))) -> 300000 | L21: BẢO | M21: =IF(L21="-",0,IF(G21="DTDB",300000,IF(G21="TTDB",300000,IF(G21="DT1",135000,IF(G21="TT1",135000,IF(G21="DT2",75000,IF(G21="TT2",75000,IF(G21="DT3",45000,45000)))))))) -> 300000 | N21: =I21+K21+M21 -> 1020000
A22: 15 | B22: 01/11/2025 | C22: Trần Thị Lến | E22: 90 | F22: PT thay khớp háng bán phần | G22: TT1 | H22: HOAN | I22: =IF(G22="DTDB",420000,IF(G22="TTDB",420000,IF(G22="DT1",187500,IF(G22="TT1",187500,IF(G22="DT2",97500,IF(G22="TT2",97500,IF(G22="DT3",75000,75000))))))) -> 187500 | J22: V.TÂN | K22: =IF(G22="DTDB",300000,IF(G22="TTDB",300000,IF(G22="DT1",135000,IF(G22="TT1",135000,IF(G22="DT2",75000,IF(G22="TT2",75000,IF(G22="DT3",45000,45000))))))) -> 135000 | L22: TUẤN | M22: =IF(L22="-",0,IF(G22="DTDB",300000,IF(G22="TTDB",300000,IF(G22="DT1",135000,IF(G22="TT1",135000,IF(G22="DT2",75000,IF(G22="TT2",75000,IF(G22="DT3",45000,45000)))))))) -> 135000 | N22: =I22+K22+M22 -> 457500
A23: 16 | B23: 03/11/2025 | C23: Trần Thị Ngọc | E23: 56 | F23: KHX trên màn hình tăng sáng | G23: TTDB | H23: ĐIỀN | I23: =IF(G23="DTDB",420000,IF(G23="TTDB",420000,IF(G23="DT1",187500,IF(G23="TT1",187500,IF(G23="DT2",97500,IF(G23="TT2",97500,IF(G23="DT3",75000,75000))))))) -> 420000 | J23: TUẤN | K23: =IF(G23="DTDB",300000,IF(G23="TTDB",300000,IF(G23="DT1",135000,IF(G23="TT1",135000,IF(G23="DT2",75000,IF(G23="TT2",75000,IF(G23="DT3",45000,45000))))))) -> 300000 | L23: CÔNG | M23: =IF(L23="-",0,IF(G23="DTDB",300000,IF(G23="TTDB",300000,IF(G23="DT1",135000,IF(G23="TT1",135000,IF(G23="DT2",75000,IF(G23="TT2",75000,IF(G23="DT3",45000,45000)))))))) -> 300000 | N23: =I23+K23+M23 -> 1020000
A24: 17 | B24: 03/11/2025 | C24: Lê Thị Đẹp | E24: 74 | F24: Cố định cột sống | G24: TTDB | H24: HOAN | I24: =IF(G24="DTDB",420000,IF(G24="TTDB",420000,IF(G24="DT1",187500,IF(G24="TT1",187500,IF(G24="DT2",97500,IF(G24="TT2",97500,IF(G24="DT3",75000,75000))))))) -> 420000 | J24: NGUYỆN | K24: =IF(G24="DTDB",300000,IF(G24="TTDB",300000,IF(G24="DT1",135000,IF(G24="TT1",135000,IF(G24="DT2",75000,IF(G24="TT2",75000,IF(G24="DT3",45000,45000))))))) -> 300000 | L24: ĐIỀN | M24: =IF(L24="-",0,IF(G24="DTDB",300000,IF(G24="TTDB",300000,IF(G24="DT1",135000,IF(G24="TT1",135000,IF(G24="DT2",75000,IF(G24="TT2",75000,IF(G24="DT3",45000,45000)))))))) -> 300000 | N24: =I24+K24+M24 -> 1020000
A25: 18 | B25: 04/11/2025 | C25: Trần Thị Bích Ngọc | E25: 28 | F25: PTNS khâu chóp xoay | G25: TTDB | H25: SƠN | I25: =IF(G25="DTDB",420000,IF(G25="TTDB",420000,IF(G25="DT1",187500,IF(G25="TT1",187500,IF(G25="DT2",97500,IF(G25="TT2",97500,IF(G25="DT3",75000,75000))))))) -> 420000 | J25: TUẤN | K25: =IF(G25="DTDB",300000,IF(G25="TTDB",300000,IF(G25="DT1",135000,IF(G25="TT1",135000,IF(G25="DT2",75000,IF(G25="TT2",75000,IF(G25="DT3",45000,45000))))))) -> 300000 | L25: ĐỨC | M25: =IF(L25="-",0,IF(G25="DTDB",300000,IF(G25="TTDB",300000,IF(G25="DT1",135000,IF(G25="TT1",135000,IF(G25="DT2",75000,IF(G25="TT2",75000,IF(G25="DT3",45000,45000)))))))) -> 300000 | N25: =I25+K25+M25 -> 1020000
A26: 19 | B26: 04/11/2025 | C26: Nguyễn Hiếu Nghĩa | D26: 65 | F26: PTNS khâu chóp xoay | G26: TTDB | H26: SƠN | I26: =IF(G26="DTDB",420000,IF(G26="TTDB",420000,IF(G26="DT1",187500,IF(G26="TT1",187500,IF(G26="DT2",97500,IF(G26="TT2",97500,IF(G26="DT3",75000,75000))))))) -> 420000 | J26: NGHIÊM | K26: =IF(G26="DTDB",300000,IF(G26="TTDB",300000,IF(G26="DT1",135000,IF(G26="TT1",135000,IF(G26="DT2",75000,IF(G26="TT2",75000,IF(G26="DT3",45000,45000))))))) -> 300000 | L26: THẠNH | M26: =IF(L26="-",0,IF(G26="DTDB",300000,IF(G26="TTDB",300000,IF(G26="DT1",135000,IF(G26="TT1",135000,IF(G26="DT2",75000,IF(G26="TT2",75000,IF(G26="DT3",45000,45000)))))))) -> 300000 | N26: =I26+K26+M26 -> 1020000
A27: 20 | B27: 05/11/2025 | C27: Trần Ngọc Vấn | D27: 63 | F27: Cố định cột sống | G27: TTDB | H27: HOAN | I27: =IF(G27="DTDB",420000,IF(G27="TTDB",420000,IF(G27="DT1",187500,IF(G27="TT1",187500,IF(G27="DT2",97500,IF(G27="TT2",97500,IF(G27="DT3",75000,75000))))))) -> 420000 | J27: NGUYỆN | K27: =IF(G27="DTDB",300000,IF(G27="TTDB",300000,IF(G27="DT1",135000,IF(G27="TT1",135000,IF(G27="DT2",75000,IF(G27="TT2",75000,IF(G27="DT3",45000,45000))))))) -> 300000 | L27: ĐIỀN | M27: =IF(L27="-",0,IF(G27="DTDB",300000,IF(G27="TTDB",300000,IF(G27="DT1",135000,IF(G27="TT1",135000,IF(G27="DT2",75000,IF(G27="TT2",75000,IF(G27="DT3",45000,45000)))))))) -> 300000 | N27: =I27+K27+M27 -> 1020000
A28: 21 | B28: 05/11/2025 | C28: Phạm Thị Tuyết Mai | E28: 32 | F28: KHX trên màn hình tăng sáng | G28: TTDB | H28: TUẤN | I28: =IF(G28="DTDB",420000,IF(G28="TTDB",420000,IF(G28="DT1",187500,IF(G28="TT1",187500,IF(G28="DT2",97500,IF(G28="TT2",97500,IF(G28="DT3",75000,75000))))))) -> 420000 | J28: G.TỬ | K28: =IF(G28="DTDB",300000,IF(G28="TTDB",300000,IF(G28="DT1",135000,IF(G28="TT1",135000,IF(G28="DT2",75000,IF(G28="TT2",75000,IF(G28="DT3",45000,45000))))))) -> 300000 | L28: THIỆN | M28: =IF(L28="-",0,IF(G28="DTDB",300000,IF(G28="TTDB",300000,IF(G28="DT1",135000,IF(G28="TT1",135000,IF(G28="DT2",75000,IF(G28="TT2",75000,IF(G28="DT3",45000,45000)))))))) -> 300000 | N28: =I28+K28+M28 -> 1020000
A29: 22 | B29: 06/11/2025 | C29: Lê Thị Kim Đơn | E29: 64 | F29: PT KHX trên màn hình tăng sáng | G29: DTDB | H29: TOẢN | I29: =IF(G29="DTDB",420000,IF(G29="TTDB",420000,IF(G29="DT1",187500,IF(G29="TT1",187500,IF(G29="DT2",97500,IF(G29="TT2",97500,IF(G29="DT3",75000,75000))))))) -> 420000 | J29: NGUYỆN | K29: =IF(G29="DTDB",300000,IF(G29="TTDB",300000,IF(G29="DT1",135000,IF(G29="TT1",135000,IF(G29="DT2",75000,IF(G29="TT2",75000,IF(G29="DT3",45000,45000))))))) -> 300000 | L29: G.TỬ | M29: =IF(L29="-",0,IF(G29="DTDB",300000,IF(G29="TTDB",300000,IF(G29="DT1",135000,IF(G29="TT1",135000,IF(G29="DT2",75000,IF(G29="TT2",75000,IF(G29="DT3",45000,45000)))))))) -> 300000 | N29: =I29+K29+M29 -> 1020000
A30: 23 | B30: 06/11/2025 | C30: Lê Thị Kim Đơn | E30: 64 | F30: PT KHX trên màn hình tăng sáng (50%) | G30: DTDB | H30: TOẢN | I30: =IF(G30="DTDB",420000,IF(G30="TTDB",420000,IF(G30="DT1",187500,IF(G30="TT1",187500,IF(G30="DT2",97500,IF(G30="TT2",97500,IF(G30="DT3",75000,75000))))))) -> 420000 | J30: NGUYỆN | K30: =IF(G30="DTDB",300000,IF(G30="TTDB",300000,IF(G30="DT1",135000,IF(G30="TT1",135000,IF(G30="DT2",75000,IF(G30="TT2",75000,IF(G30="DT3",45000,45000))))))) -> 300000 | L30: G.TỬ | M30: =IF(L30="-",0,IF(G30="DTDB",300000,IF(G30="TTDB",300000,IF(G30="DT1",135000,IF(G30="TT1",135000,IF(G30="DT2",75000,IF(G30="TT2",75000,IF(G30="DT3",45000,45000)))))))) -> 300000 | N30: =I30+K30+M30 -> 1020000
A31: 24 | B31: 06/11/2025 | C31: Bùi Thị Lệ Thanh | E31: 47 | F31: KHX trên màn hình tăng sáng | G31: TTDB | H31: TOẢN | I31: =IF(G31="DTDB",420000,IF(G31="TTDB",420000,IF(G31="DT1",187500,IF(G31="TT1",187500,IF(G31="DT2",97500,IF(G31="TT2",97500,IF(G31="DT3",75000,75000))))))) -> 420000 | J31: NGUYỆN | K31: =IF(G31="DTDB",300000,IF(G31="TTDB",300000,IF(G31="DT1",135000,IF(G31="TT1",135000,IF(G31="DT2",75000,IF(G31="TT2",75000,IF(G31="DT3",45000,45000))))))) -> 300000 | L31: NGHIÊM | M31: =IF(L31="-",0,IF(G31="DTDB",300000,IF(G31="TTDB",300000,IF(G31="DT1",135000,IF(G31="TT1",135000,IF(G31="DT2",75000,IF(G31="TT2",75000,IF(G31="DT3",45000,45000)))))))) -> 300000 | N31: =I31+K31+M31 -> 1020000
A32: 25 | B32: 06/11/2025 | C32: Nguyễn Duy Thịnh | D32: 48 | F32: PT thay toàn bộ khớp háng | G32: DTDB | H32: HOAN | I32: =IF(G32="DTDB",420000,IF(G32="TTDB",420000,IF(G32="DT1",187500,IF(G32="TT1",187500,IF(G32="DT2",97500,IF(G32="TT2",97500,IF(G32="DT3",75000,75000))))))) -> 420000 | J32: V.TÂN | K32: =IF(G32="DTDB",300000,IF(G32="TTDB",300000,IF(G32="DT1",135000,IF(G32="TT1",135000,IF(G32="DT2",75000,IF(G32="TT2",75000,IF(G32="DT3",45000,45000))))))) -> 300000 | L32: TUẤN | M32: =IF(L32="-",0,IF(G32="DTDB",300000,IF(G32="TTDB",300000,IF(G32="DT1",135000,IF(G32="TT1",135000,IF(G32="DT2",75000,IF(G32="TT2",75000,IF(G32="DT3",45000,45000)))))))) -> 300000 | N32: =I32+K32+M32 -> 1020000
A33: 26 | B33: 07/11/2025 | C33: Nguyễn Văn Khánh | D33: 56 | F33: PT KHX trên màn hình tăng sáng | G33: TTDB | H33: NGUYỆN | I33: =IF(G33="DTDB",420000,IF(G33="TTDB",420000,IF(G33="DT1",187500,IF(G33="TT1",187500,IF(G33="DT2",97500,IF(G33="TT2",97500,IF(G33="DT3",75000,75000))))))) -> 420000 | J33: TOẢN | K33: =IF(G33="DTDB",300000,IF(G33="TTDB",300000,IF(G33="DT1",135000,IF(G33="TT1",135000,IF(G33="DT2",75000,IF(G33="TT2",75000,IF(G33="DT3",45000,45000))))))) -> 300000 | L33: TUẤN | M33: =IF(L33="-",0,IF(G33="DTDB",300000,IF(G33="TTDB",300000,IF(G33="DT1",135000,IF(G33="TT1",135000,IF(G33="DT2",75000,IF(G33="TT2",75000,IF(G33="DT3",45000,45000)))))))) -> 300000 | N33: =I33+K33+M33 -> 1020000
A34: 27 | B34: 07/11/2025 | C34: Nguyễn Văn Khánh | D34: 56 | F34: PT KHX trên màn hình tăng sáng (50%) | G34: DTDB | H34: NGUYỆN | I34: =IF(G34="DTDB",420000,IF(G34="TTDB",420000,IF(G34="DT1",187500,IF(G34="TT1",187500,IF(G34="DT2",97500,IF(G34="TT2",97500,IF(G34="DT3",75000,75000))))))) -> 420000 | J34: TOẢN | K34: =IF(G34="DTDB",300000,IF(G34="TTDB",300000,IF(G34="DT1",135000,IF(G34="TT1",135000,IF(G34="DT2",75000,IF(G34="TT2",75000,IF(G34="DT3",45000,45000))))))) -> 300000 | L34: TUẤN | M34: =IF(L34="-",0,IF(G34="DTDB",300000,IF(G34="TTDB",300000,IF(G34="DT1",135000,IF(G34="TT1",135000,IF(G34="DT2",75000,IF(G34="TT2",75000,IF(G34="DT3",45000,45000)))))))) -> 300000 | N34: =I34+K34+M34 -> 1020000
A35: 28 | B35: 07/11/2025 | C35: Diệp Thị Tiến | E35: 72 | F35: PT chuyển vạt da | G35: TTDB | H35: TUẤN | I35: =IF(G35="DTDB",420000,IF(G35="TTDB",420000,IF(G35="DT1",187500,IF(G35="TT1",187500,IF(G35="DT2",97500,IF(G35="TT2",97500,IF(G35="DT3",75000,75000))))))) -> 420000 | J35: THIỆN | K35: =IF(G35="DTDB",300000,IF(G35="TTDB",300000,IF(G35="DT1",135000,IF(G35="TT1",135000,IF(G35="DT2",75000,IF(G35="TT2",75000,IF(G35="DT3",45000,45000))))))) -> 300000 | L35: NGHIÊM | M35: =IF(L35="-",0,IF(G35="DTDB",300000,IF(G35="TTDB",300000,IF(G35="DT1",135000,IF(G35="TT1",135000,IF(G35="DT2",75000,IF(G35="TT2",75000,IF(G35="DT3",45000,45000)))))))) -> 300000 | N35: =I35+K35+M35 -> 1020000
A36: 29 | B36: 10/11/2025 | C36: Lê Võ Thúy Anh | E36: 20 | F36: PT KHX trên màn hình tăng sáng | G36: TTDB | H36: TUẤN | I36: =IF(G36="DTDB",420000,IF(G36="TTDB",420000,IF(G36="DT1",187500,IF(G36="TT1",187500,IF(G36="DT2",97500,IF(G36="TT2",97500,IF(G36="DT3",75000,75000))))))) -> 420000 | J36: G.TỬ | K36: =IF(G36="DTDB",300000,IF(G36="TTDB",300000,IF(G36="DT1",135000,IF(G36="TT1",135000,IF(G36="DT2",75000,IF(G36="TT2",75000,IF(G36="DT3",45000,45000))))))) -> 300000 | L36: ĐỨC | M36: =IF(L36="-",0,IF(G36="DTDB",300000,IF(G36="TTDB",300000,IF(G36="DT1",135000,IF(G36="TT1",135000,IF(G36="DT2",75000,IF(G36="TT2",75000,IF(G36="DT3",45000,45000)))))))) -> 300000 | N36: =I36+K36+M36 -> 1020000
A37: 30 | B37: 10/11/2025 | C37: Nguyễn Văn Tho | D37: 59 | F37: Ghép da | G37: DT1 | H37: HOAN | I37: =IF(G37="DTDB",420000,IF(G37="TTDB",420000,IF(G37="DT1",187500,IF(G37="TT1",187500,IF(G37="DT2",97500,IF(G37="TT2",97500,IF(G37="DT3",75000,75000))))))) -> 187500 | J37: V.TÂN | K37: =IF(G37="DTDB",300000,IF(G37="TTDB",300000,IF(G37="DT1",135000,IF(G37="TT1",135000,IF(G37="DT2",75000,IF(G37="TT2",75000,IF(G37="DT3",45000,45000))))))) -> 135000 | L37: LINH | M37: =IF(L37="-",0,IF(G37="DTDB",300000,IF(G37="TTDB",300000,IF(G37="DT1",135000,IF(G37="TT1",135000,IF(G37="DT2",75000,IF(G37="TT2",75000,IF(G37="DT3",45000,45000)))))))) -> 135000 | N37: =I37+K37+M37 -> 457500
A38: 31 | B38: 10/11/2025 | C38: Huỳnh Tấn Công | D38: 63 | F38: Thay toàn bộ khớp háng | G38: TTDB | H38: HOAN | I38: =IF(G38="DTDB",420000,IF(G38="TTDB",420000,IF(G38="DT1",187500,IF(G38="TT1",187500,IF(G38="DT2",97500,IF(G38="TT2",97500,IF(G38="DT3",75000,75000))))))) -> 420000 | J38: NGUYỆN | K38: =IF(G38="DTDB",300000,IF(G38="TTDB",300000,IF(G38="DT1",135000,IF(G38="TT1",135000,IF(G38="DT2",75000,IF(G38="TT2",75000,IF(G38="DT3",45000,45000))))))) -> 300000 | L38: G.TỬ | M38: =IF(L38="-",0,IF(G38="DTDB",300000,IF(G38="TTDB",300000,IF(G38="DT1",135000,IF(G38="TT1",135000,IF(G38="DT2",75000,IF(G38="TT2",75000,IF(G38="DT3",45000,45000)))))))) -> 300000 | N38: =I38+K38+M38 -> 1020000
A39: 32 | B39: 10/11/2025 | C39: Huỳnh Tấn Công | D39: 63 | F39: PT KHX trên màn hình tăng sáng (50%) | G39: DTDB | H39: HOAN | I39: =IF(G39="DTDB",420000,IF(G39="TTDB",420000,IF(G39="DT1",187500,IF(G39="TT1",187500,IF(G39="DT2",97500,IF(G39="TT2",97500,IF(G39="DT3",75000,75000))))))) -> 420000 | J39: NGUYỆN | K39: =IF(G39="DTDB",300000,IF(G39="TTDB",300000,IF(G39="DT1",135000,IF(G39="TT1",135000,IF(G39="DT2",75000,IF(G39="TT2",75000,IF(G39="DT3",45000,45000))))))) -> 300000 | L39: G.TỬ | M39: =IF(L39="-",0,IF(G39="DTDB",300000,IF(G39="TTDB",300000,IF(G39="DT1",135000,IF(G39="TT1",135000,IF(G39="DT2",75000,IF(G39="TT2",75000,IF(G39="DT3",45000,45000)))))))) -> 300000 | N39: =I39+K39+M39 -> 1020000
A40: 33 | B40: 10/11/2025 | C40: Nguyễn Thị Hồng Thu | E40: 61 | F40: Vá da diện tích > 10cm2 | G40: TT1 | H40: TUẤN | I40: =IF(G40="DTDB",420000,IF(G40="TTDB",420000,IF(G40="DT1",187500,IF(G40="TT1",187500,IF(G40="DT2",97500,IF(G40="TT2",97500,IF(G40="DT3",75000,75000))))))) -> 187500 | J40: LINH | K40: =IF(G40="DTDB",300000,IF(G40="TTDB",300000,IF(G40="DT1",135000,IF(G40="TT1",135000,IF(G40="DT2",75000,IF(G40="TT2",75000,IF(G40="DT3",45000,45000))))))) -> 135000 | L40: ẨN | M40: =IF(L40="-",0,IF(G40="DTDB",300000,IF(G40="TTDB",300000,IF(G40="DT1",135000,IF(G40="TT1",135000,IF(G40="DT2",75000,IF(G40="TT2",75000,IF(G40="DT3",45000,45000)))))))) -> 135000 | N40: =I40+K40+M40 -> 457500
A41: 34 | B41: 10/11/2025 | C41: NGUYỄN HỮU NHI | D41: 43 | F41: PT KHX trên màn hình tăng sáng | G41: DTDB | H41: DUY | I41: =IF(G41="DTDB",420000,IF(G41="TTDB",420000,IF(G41="DT1",187500,IF(G41="TT1",187500,IF(G41="DT2",97500,IF(G41="TT2",97500,IF(G41="DT3",75000,75000))))))) -> 420000 | J41: CÔNG | K41: =IF(G41="DTDB",300000,IF(G41="TTDB",300000,IF(G41="DT1",135000,IF(G41="TT1",135000,IF(G41="DT2",75000,IF(G41="TT2",75000,IF(G41="DT3",45000,45000))))))) -> 300000 | L41: THẠNH | M41: =IF(L41="-",0,IF(G41="DTDB",300000,IF(G41="TTDB",300000,IF(G41="DT1",135000,IF(G41="TT1",135000,IF(G41="DT2",75000,IF(G41="TT2",75000,IF(G41="DT3",45000,45000)))))))) -> 300000 | N41: =I41+K41+M41 -> 1020000
A42: 35 | B42: 11/11/2025 | C42: Nguyễn Thị Thúy Liên | E42: 59 | F42: PT KHX trên màn hình tăng sáng | G42: DTDB | H42: TUẤN | I42: =IF(G42="DTDB",420000,IF(G42="TTDB",420000,IF(G42="DT1",187500,IF(G42="TT1",187500,IF(G42="DT2",97500,IF(G42="TT2",97500,IF(G42="DT3",75000,75000))))))) -> 420000 | J42: G.TỬ | K42: =IF(G42="DTDB",300000,IF(G42="TTDB",300000,IF(G42="DT1",135000,IF(G42="TT1",135000,IF(G42="DT2",75000,IF(G42="TT2",75000,IF(G42="DT3",45000,45000))))))) -> 300000 | L42: KHÁNH | M42: =IF(L42="-",0,IF(G42="DTDB",300000,IF(G42="TTDB",300000,IF(G42="DT1",135000,IF(G42="TT1",135000,IF(G42="DT2",75000,IF(G42="TT2",75000,IF(G42="DT3",45000,45000)))))))) -> 300000 | N42: =I42+K42+M42 -> 1020000
A43: 36 | B43: 11/11/2025 | C43: Đỗ Từng Tư | D43: 52 | F43: PT giải ép thần kinh | G43: TT1 | H43: V.TÂN | I43: =IF(G43="DTDB",420000,IF(G43="TTDB",420000,IF(G43="DT1",187500,IF(G43="TT1",187500,IF(G43="DT2",97500,IF(G43="TT2",97500,IF(G43="DT3",75000,75000))))))) -> 187500 | J43: TUẤN | K43: =IF(G43="DTDB",300000,IF(G43="TTDB",300000,IF(G43="DT1",135000,IF(G43="TT1",135000,IF(G43="DT2",75000,IF(G43="TT2",75000,IF(G43="DT3",45000,45000))))))) -> 135000 | L43: NGHIÊM | M43: =IF(L43="-",0,IF(G43="DTDB",300000,IF(G43="TTDB",300000,IF(G43="DT1",135000,IF(G43="TT1",135000,IF(G43="DT2",75000,IF(G43="TT2",75000,IF(G43="DT3",45000,45000)))))))) -> 135000 | N43: =I43+K43+M43 -> 457500
A44: 37 | B44: 11/11/2025 | C44: Huỳnh Thị Ngân | E44: 48 | F44: PT thay toàn bộ khớp háng | G44: TTDB | H44: HOAN | I44: =IF(G44="DTDB",420000,IF(G44="TTDB",420000,IF(G44="DT1",187500,IF(G44="TT1",187500,IF(G44="DT2",97500,IF(G44="TT2",97500,IF(G44="DT3",75000,75000))))))) -> 420000 | J44: V.TÂN | K44: =IF(G44="DTDB",300000,IF(G44="TTDB",300000,IF(G44="DT1",135000,IF(G44="TT1",135000,IF(G44="DT2",75000,IF(G44="TT2",75000,IF(G44="DT3",45000,45000))))))) -> 300000 | L44: LINH | M44: =IF(L44="-",0,IF(G44="DTDB",300000,IF(G44="TTDB",300000,IF(G44="DT1",135000,IF(G44="TT1",135000,IF(G44="DT2",75000,IF(G44="TT2",75000,IF(G44="DT3",45000,45000)))))))) -> 300000 | N44: =I44+K44+M44 -> 1020000
A45: 38 | B45: 11/11/2025 | C45: Huỳnh Thị Ngân | E45: 48 | F45: PT thay toàn bộ khớp háng | G45: DTDB | H45: HOAN | I45: =IF(G45="DTDB",420000,IF(G45="TTDB",420000,IF(G45="DT1",187500,IF(G45="TT1",187500,IF(G45="DT2",97500,IF(G45="TT2",97500,IF(G45="DT3",75000,75000))))))) -> 420000 | J45: V.TÂN | K45: =IF(G45="DTDB",300000,IF(G45="TTDB",300000,IF(G45="DT1",135000,IF(G45="TT1",135000,IF(G45="DT2",75000,IF(G45="TT2",75000,IF(G45="DT3",45000,45000))))))) -> 300000 | L45: LINH | M45: =IF(L45="-",0,IF(G45="DTDB",300000,IF(G45="TTDB",300000,IF(G45="DT1",135000,IF(G45="TT1",135000,IF(G45="DT2",75000,IF(G45="TT2",75000,IF(G45="DT3",45000,45000)))))))) -> 300000 | N45: =I45+K45+M45 -> 1020000
A46: 39 | B46: 12/11/2025 | C46: Nguyễn Văn Tốt | D46: 40 | F46: PT thay toàn bộ khớp háng | G46: TTDB | H46: HOAN | I46: =IF(G46="DTDB",420000,IF(G46="TTDB",420000,IF(G46="DT1",187500,IF(G46="TT1",187500,IF(G46="DT2",97500,IF(G46="TT2",97500,IF(G46="DT3",75000,75000))))))) -> 420000 | J46: NGUYỆN | K46: =IF(G46="DTDB",300000,IF(G46="TTDB",300000,IF(G46="DT1",135000,IF(G46="TT1",135000,IF(G46="DT2",75000,IF(G46="TT2",75000,IF(G46="DT3",45000,45000))))))) -> 300000 | L46: G.TỬ | M46: =IF(L46="-",0,IF(G46="DTDB",300000,IF(G46="TTDB",300000,IF(G46="DT1",135000,IF(G46="TT1",135000,IF(G46="DT2",75000,IF(G46="TT2",75000,IF(G46="DT3",45000,45000)))))))) -> 300000 | N46: =I46+K46+M46 -> 1020000
A47: 40 | B47: 12/11/2025 | C47: Nguyễn Văn Nhứt | D47: 48 | F47: Cắt u lành >10cm | G47: TT1 | H47: HOAN | I47: =IF(G47="DTDB",420000,IF(G47="TTDB",420000,IF(G47="DT1",187500,IF(G47="TT1",187500,IF(G47="DT2",97500,IF(G47="TT2",97500,IF(G47="DT3",75000,75000))))))) -> 187500 | J47: TUẤN | K47: =IF(G47="DTDB",300000,IF(G47="TTDB",300000,IF(G47="DT1",135000,IF(G47="TT1",135000,IF(G47="DT2",75000,IF(G47="TT2",75000,IF(G47="DT3",45000,45000))))))) -> 135000 | L47: THIỆN | M47: =IF(L47="-",0,IF(G47="DTDB",300000,IF(G47="TTDB",300000,IF(G47="DT1",135000,IF(G47="TT1",135000,IF(G47="DT2",75000,IF(G47="TT2",75000,IF(G47="DT3",45000,45000)))))))) -> 135000 | N47: =I47+K47+M47 -> 457500
A48: 41 | B48: 12/11/2025 | C48: Nguyễn Thị Luốt | E48: 81 | F48: PT KHX trên màn hình tăng sáng | G48: TTDB | H48: DUY | I48: =IF(G48="DTDB",420000,IF(G48="TTDB",420000,IF(G48="DT1",187500,IF(G48="TT1",187500,IF(G48="DT2",97500,IF(G48="TT2",97500,IF(G48="DT3",75000,75000))))))) -> 420000 | J48: TUẤN | K48: =IF(G48="DTDB",300000,IF(G48="TTDB",300000,IF(G48="DT1",135000,IF(G48="TT1",135000,IF(G48="DT2",75000,IF(G48="TT2",75000,IF(G48="DT3",45000,45000))))))) -> 300000 | L48: THIỆN | M48: =IF(L48="-",0,IF(G48="DTDB",300000,IF(G48="TTDB",300000,IF(G48="DT1",135000,IF(G48="TT1",135000,IF(G48="DT2",75000,IF(G48="TT2",75000,IF(G48="DT3",45000,45000)))))))) -> 300000 | N48: =I48+K48+M48 -> 1020000
A49: 42 | B49: 12/11/2025 | C49: Cao Văn Niết | D49: 80 | F49: PT KHX trên màn hình tăng sáng | G49: TTDB | H49: NGUYỆN | I49: =IF(G49="DTDB",420000,IF(G49="TTDB",420000,IF(G49="DT1",187500,IF(G49="TT1",187500,IF(G49="DT2",97500,IF(G49="TT2",97500,IF(G49="DT3",75000,75000))))))) -> 420000 | J49: DUY | K49: =IF(G49="DTDB",300000,IF(G49="TTDB",300000,IF(G49="DT1",135000,IF(G49="TT1",135000,IF(G49="DT2",75000,IF(G49="TT2",75000,IF(G49="DT3",45000,45000))))))) -> 300000 | L49: BẢO | M49: =IF(L49="-",0,IF(G49="DTDB",300000,IF(G49="TTDB",300000,IF(G49="DT1",135000,IF(G49="TT1",135000,IF(G49="DT2",75000,IF(G49="TT2",75000,IF(G49="DT3",45000,45000)))))))) -> 300000 | N49: =I49+K49+M49 -> 1020000
A50: 43 | B50: 13/11/2025 | C50: Trần Minh Thái | D50: 73 | F50: PT thay toàn bộ khớp háng | G50: TTDB | H50: NGUYỆN | I50: =IF(G50="DTDB",420000,IF(G50="TTDB",420000,IF(G50="DT1",187500,IF(G50="TT1",187500,IF(G50="DT2",97500,IF(G50="TT2",97500,IF(G50="DT3",75000,75000))))))) -> 420000 | J50: TUẤN | K50: =IF(G50="DTDB",300000,IF(G50="TTDB",300000,IF(G50="DT1",135000,IF(G50="TT1",135000,IF(G50="DT2",75000,IF(G50="TT2",75000,IF(G50="DT3",45000,45000))))))) -> 300000 | L50: THIỆN | M50: =IF(L50="-",0,IF(G50="DTDB",300000,IF(G50="TTDB",300000,IF(G50="DT1",135000,IF(G50="TT1",135000,IF(G50="DT2",75000,IF(G50="TT2",75000,IF(G50="DT3",45000,45000)))))))) -> 300000 | N50: =I50+K50+M50 -> 1020000
A51: 44 | B51: 14/11/2025 | C51: Hà Ngọc Huyền Loan | E51: 47 | F51: Cố định cột sống | G51: TTDB | H51: HOAN | I51: =IF(G51="DTDB",420000,IF(G51="TTDB",420000,IF(G51="DT1",187500,IF(G51="TT1",187500,IF(G51="DT2",97500,IF(G51="TT2",97500,IF(G51="DT3",75000,75000))))))) -> 420000 | J51: NGUYỆN | K51: =IF(G51="DTDB",300000,IF(G51="TTDB",300000,IF(G51="DT1",135000,IF(G51="TT1",135000,IF(G51="DT2",75000,IF(G51="TT2",75000,IF(G51="DT3",45000,45000))))))) -> 300000 | L51: TUẤN | M51: =IF(L51="-",0,IF(G51="DTDB",300000,IF(G51="TTDB",300000,IF(G51="DT1",135000,IF(G51="TT1",135000,IF(G51="DT2",75000,IF(G51="TT2",75000,IF(G51="DT3",45000,45000)))))))) -> 300000 | N51: =I51+K51+M51 -> 1020000
A52: 45 | B52: 15/11/2025 | C52: Bùi Quang Đức | D52: 83 | F52: Thay khớp háng (P) bán phần | G52: TT1 | H52: HOAN | I52: =IF(G52="DTDB",420000,IF(G52="TTDB",420000,IF(G52="DT1",187500,IF(G52="TT1",187500,IF(G52="DT2",97500,IF(G52="TT2",97500,IF(G52="DT3",75000,75000))))))) -> 187500 | J52: G.TỬ | K52: =IF(G52="DTDB",300000,IF(G52="TTDB",300000,IF(G52="DT1",135000,IF(G52="TT1",135000,IF(G52="DT2",75000,IF(G52="TT2",75000,IF(G52="DT3",45000,45000))))))) -> 135000 | L52: ĐỨC | M52: =IF(L52="-",0,IF(G52="DTDB",300000,IF(G52="TTDB",300000,IF(G52="DT1",135000,IF(G52="TT1",135000,IF(G52="DT2",75000,IF(G52="TT2",75000,IF(G52="DT3",45000,45000)))))))) -> 135000 | N52: =I52+K52+M52 -> 457500
A53: 46 | B53: 15/11/2025 | C53: Nguyễn Kim Em | E53: 57 | F53: PTNS khâu chóp xoay | G53: TTDB | H53: HOAN | I53: =IF(G53="DTDB",420000,IF(G53="TTDB",420000,IF(G53="DT1",187500,IF(G53="TT1",187500,IF(G53="DT2",97500,IF(G53="TT2",97500,IF(G53="DT3",75000,75000))))))) -> 420000 | J53: G.TỬ | K53: =IF(G53="DTDB",300000,IF(G53="TTDB",300000,IF(G53="DT1",135000,IF(G53="TT1",135000,IF(G53="DT2",75000,IF(G53="TT2",75000,IF(G53="DT3",45000,45000))))))) -> 300000 | L53: TUẤN | M53: =IF(L53="-",0,IF(G53="DTDB",300000,IF(G53="TTDB",300000,IF(G53="DT1",135000,IF(G53="TT1",135000,IF(G53="DT2",75000,IF(G53="TT2",75000,IF(G53="DT3",45000,45000)))))))) -> 300000 | N53: =I53+K53+M53 -> 1020000
A54: 47 | B54: 15/11/2025 | C54: Nguyễn Hoàng Long | D54: 55 | F54: PT KHX trên màn hình tăng sáng | G54: TTDB | H54: TUẤN | I54: =IF(G54="DTDB",420000,IF(G54="TTDB",420000,IF(G54="DT1",187500,IF(G54="TT1",187500,IF(G54="DT2",97500,IF(G54="TT2",97500,IF(G54="DT3",75000,75000))))))) -> 420000 | J54: G.TỬ | K54: =IF(G54="DTDB",300000,IF(G54="TTDB",300000,IF(G54="DT1",135000,IF(G54="TT1",135000,IF(G54="DT2",75000,IF(G54="TT2",75000,IF(G54="DT3",45000,45000))))))) -> 300000 | L54: V.TÂN | M54: =IF(L54="-",0,IF(G54="DTDB",300000,IF(G54="TTDB",300000,IF(G54="DT1",135000,IF(G54="TT1",135000,IF(G54="DT2",75000,IF(G54="TT2",75000,IF(G54="DT3",45000,45000)))))))) -> 300000 | N54: =I54+K54+M54 -> 1020000
A55: 48 | B55: 15/11/2025 | C55: Trần Minh Trí | D55: 16 | F55: PT KHX trên màn hình tăng sáng | G55: TTDB | H55: V.TÂN | I55: =IF(G55="DTDB",420000,IF(G55="TTDB",420000,IF(G55="DT1",187500,IF(G55="TT1",187500,IF(G55="DT2",97500,IF(G55="TT2",97500,IF(G55="DT3",75000,75000))))))) -> 420000 | J55: TUẤN | K55: =IF(G55="DTDB",300000,IF(G55="TTDB",300000,IF(G55="DT1",135000,IF(G55="TT1",135000,IF(G55="DT2",75000,IF(G55="TT2",75000,IF(G55="DT3",45000,45000))))))) -> 300000 | L55: G.TỬ | M55: =IF(L55="-",0,IF(G55="DTDB",300000,IF(G55="TTDB",300000,IF(G55="DT1",135000,IF(G55="TT1",135000,IF(G55="DT2",75000,IF(G55="TT2",75000,IF(G55="DT3",45000,45000)))))))) -> 300000 | N55: =I55+K55+M55 -> 1020000
A56: 49 | B56: 15/11/2025 | C56: Nguyễn Văn Tư | D56: 55 | F56: PT KHX trên màn hình tăng sáng | G56: TTDB | H56: TOẢN | I56: =IF(G56="DTDB",420000,IF(G56="TTDB",420000,IF(G56="DT1",187500,IF(G56="TT1",187500,IF(G56="DT2",97500,IF(G56="TT2",97500,IF(G56="DT3",75000,75000))))))) -> 420000 | J56: LINH | K56: =IF(G56="DTDB",300000,IF(G56="TTDB",300000,IF(G56="DT1",135000,IF(G56="TT1",135000,IF(G56="DT2",75000,IF(G56="TT2",75000,IF(G56="DT3",45000,45000))))))) -> 300000 | L56: ĐỨC | M56: =IF(L56="-",0,IF(G56="DTDB",300000,IF(G56="TTDB",300000,IF(G56="DT1",135000,IF(G56="TT1",135000,IF(G56="DT2",75000,IF(G56="TT2",75000,IF(G56="DT3",45000,45000)))))))) -> 300000 | N56: =I56+K56+M56 -> 1020000
A57: 50 | B57: 16/11/2025 | C57: Nguyễn Đăng Khoa | D57: 18 | F57: KHX trên màn hình tăng sáng | G57: TTDB | H57: TUẤN | I57: =IF(G57="DTDB",420000,IF(G57="TTDB",420000,IF(G57="DT1",187500,IF(G57="TT1",187500,IF(G57="DT2",97500,IF(G57="TT2",97500,IF(G57="DT3",75000,75000))))))) -> 420000 | J57: CÔNG | K57: =IF(G57="DTDB",300000,IF(G57="TTDB",300000,IF(G57="DT1",135000,IF(G57="TT1",135000,IF(G57="DT2",75000,IF(G57="TT2",75000,IF(G57="DT3",45000,45000))))))) -> 300000 | L57: THIỆN | M57: =IF(L57="-",0,IF(G57="DTDB",300000,IF(G57="TTDB",300000,IF(G57="DT1",135000,IF(G57="TT1",135000,IF(G57="DT2",75000,IF(G57="TT2",75000,IF(G57="DT3",45000,45000)))))))) -> 300000 | N57: =I57+K57+M57 -> 1020000
A58: 51 | B58: 16/11/2025 | C58: Nguyễn Đăng Khoa | D58: 18 | F58: Khâu phục hồi tổn thương gân duỗi (50%) | G58: DT1 | H58: TUẤN | I58: =IF(G58="DTDB",420000,IF(G58="TTDB",420000,IF(G58="DT1",187500,IF(G58="TT1",187500,IF(G58="DT2",97500,IF(G58="TT2",97500,IF(G58="DT3",75000,75000))))))) -> 187500 | J58: CÔNG | K58: =IF(G58="DTDB",300000,IF(G58="TTDB",300000,IF(G58="DT1",135000,IF(G58="TT1",135000,IF(G58="DT2",75000,IF(G58="TT2",75000,IF(G58="DT3",45000,45000))))))) -> 135000 | L58: THIỆN | M58: =IF(L58="-",0,IF(G58="DTDB",300000,IF(G58="TTDB",300000,IF(G58="DT1",135000,IF(G58="TT1",135000,IF(G58="DT2",75000,IF(G58="TT2",75000,IF(G58="DT3",45000,45000)))))))) -> 135000 | N58: =I58+K58+M58 -> 457500
A59: 52 | B59: 16/11/2025 | C59: Nguyễn Thị Kim Thoa | E59: 52 | F59: KHX trên màn hình tăng sáng | G59: TTDB | H59: TUẤN | I59: =IF(G59="DTDB",420000,IF(G59="TTDB",420000,IF(G59="DT1",187500,IF(G59="TT1",187500,IF(G59="DT2",97500,IF(G59="TT2",97500,IF(G59="DT3",75000,75000))))))) -> 420000 | J59: CÔNG | K59: =IF(G59="DTDB",300000,IF(G59="TTDB",300000,IF(G59="DT1",135000,IF(G59="TT1",135000,IF(G59="DT2",75000,IF(G59="TT2",75000,IF(G59="DT3",45000,45000))))))) -> 300000 | L59: ẨN | M59: =IF(L59="-",0,IF(G59="DTDB",300000,IF(G59="TTDB",300000,IF(G59="DT1",135000,IF(G59="TT1",135000,IF(G59="DT2",75000,IF(G59="TT2",75000,IF(G59="DT3",45000,45000)))))))) -> 300000 | N59: =I59+K59+M59 -> 1020000
A60: 53 | B60: 17/11/2025 | C60: Trần Kim Long | D60: 60 | F60: Ghép da | G60: TT1 | H60: DUY | I60: =IF(G60="DTDB",420000,IF(G60="TTDB",420000,IF(G60="DT1",187500,IF(G60="TT1",187500,IF(G60="DT2",97500,IF(G60="TT2",97500,IF(G60="DT3",75000,75000))))))) -> 187500 | J60: G.TỬ | K60: =IF(G60="DTDB",300000,IF(G60="TTDB",300000,IF(G60="DT1",135000,IF(G60="TT1",135000,IF(G60="DT2",75000,IF(G60="TT2",75000,IF(G60="DT3",45000,45000))))))) -> 135000 | L60: DƯƠNG | M60: =IF(L60="-",0,IF(G60="DTDB",300000,IF(G60="TTDB",300000,IF(G60="DT1",135000,IF(G60="TT1",135000,IF(G60="DT2",75000,IF(G60="TT2",75000,IF(G60="DT3",45000,45000)))))))) -> 135000 | N60: =I60+K60+M60 -> 457500
A61: 54 | B61: 17/11/2025 | C61: LÊ THÀNH TÂN | D61: 36 | F61: Cố định cột sống | G61: DTDB | H61: NGUYỆN | I61: =IF(G61="DTDB",420000,IF(G61="TTDB",420000,IF(G61="DT1",187500,IF(G61="TT1",187500,IF(G61="DT2",97500,IF(G61="TT2",97500,IF(G61="DT3",75000,75000))))))) -> 420000 | J61: TUẤN | K61: =IF(G61="DTDB",300000,IF(G61="TTDB",300000,IF(G61="DT1",135000,IF(G61="TT1",135000,IF(G61="DT2",75000,IF(G61="TT2",75000,IF(G61="DT3",45000,45000))))))) -> 300000 | L61: LINH | M61: =IF(L61="-",0,IF(G61="DTDB",300000,IF(G61="TTDB",300000,IF(G61="DT1",135000,IF(G61="TT1",135000,IF(G61="DT2",75000,IF(G61="TT2",75000,IF(G61="DT3",45000,45000)))))))) -> 300000 | N61: =I61+K61+M61 -> 1020000
A62: 55 | B62: 17/11/2025 | C62: Thái Ngọc Khiêm | D62: 31 | F62: KXH trên màn hình tăng sáng | G62: DTDB | H62: HOAN | I62: =IF(G62="DTDB",420000,IF(G62="TTDB",420000,IF(G62="DT1",187500,IF(G62="TT1",187500,IF(G62="DT2",97500,IF(G62="TT2",97500,IF(G62="DT3",75000,75000))))))) -> 420000 | J62: TUẤN | K62: =IF(G62="DTDB",300000,IF(G62="TTDB",300000,IF(G62="DT1",135000,IF(G62="TT1",135000,IF(G62="DT2",75000,IF(G62="TT2",75000,IF(G62="DT3",45000,45000))))))) -> 300000 | L62: LINH | M62: =IF(L62="-",0,IF(G62="DTDB",300000,IF(G62="TTDB",300000,IF(G62="DT1",135000,IF(G62="TT1",135000,IF(G62="DT2",75000,IF(G62="TT2",75000,IF(G62="DT3",45000,45000)))))))) -> 300000 | N62: =I62+K62+M62 -> 1020000
A63: 56 | B63: 17/11/2025 | C63: Nguyễn Văn Tùng | D63: 57 | F63: KHX trên màn hình tăng sáng | G63: TTDB | H63: BẢO | I63: =IF(G63="DTDB",420000,IF(G63="TTDB",420000,IF(G63="DT1",187500,IF(G63="TT1",187500,IF(G63="DT2",97500,IF(G63="TT2",97500,IF(G63="DT3",75000,75000))))))) -> 420000 | J63: G.TỬ | K63: =IF(G63="DTDB",300000,IF(G63="TTDB",300000,IF(G63="DT1",135000,IF(G63="TT1",135000,IF(G63="DT2",75000,IF(G63="TT2",75000,IF(G63="DT3",45000,45000))))))) -> 300000 | L63: THẠNH | M63: =IF(L63="-",0,IF(G63="DTDB",300000,IF(G63="TTDB",300000,IF(G63="DT1",135000,IF(G63="TT1",135000,IF(G63="DT2",75000,IF(G63="TT2",75000,IF(G63="DT3",45000,45000)))))))) -> 300000 | N63: =I63+K63+M63 -> 1020000
A64: 57 | B64: 17/11/2025 | C64: Bùi Thị Điệp | E64: 68 | F64: PT vết thương phức tạp | G64: TT1 | H64: BẢO | I64: =IF(G64="DTDB",420000,IF(G64="TTDB",420000,IF(G64="DT1",187500,IF(G64="TT1",187500,IF(G64="DT2",97500,IF(G64="TT2",97500,IF(G64="DT3",75000,75000))))))) -> 187500 | J64: G.TỬ | K64: =IF(G64="DTDB",300000,IF(G64="TTDB",300000,IF(G64="DT1",135000,IF(G64="TT1",135000,IF(G64="DT2",75000,IF(G64="TT2",75000,IF(G64="DT3",45000,45000))))))) -> 135000 | L64: THẠNH | M64: =IF(L64="-",0,IF(G64="DTDB",300000,IF(G64="TTDB",300000,IF(G64="DT1",135000,IF(G64="TT1",135000,IF(G64="DT2",75000,IF(G64="TT2",75000,IF(G64="DT3",45000,45000)))))))) -> 135000 | N64: =I64+K64+M64 -> 457500
A65: 58 | B65: 18/11/2025 | C65: Trầm Hà Nguyên Vũ | D65: 54 | F65: Khâu phục hồi tổn thương gân gấp | G65: DT1 | H65: NGUYỆN | I65: =IF(G65="DTDB",420000,IF(G65="TTDB",420000,IF(G65="DT1",187500,IF(G65="TT1",187500,IF(G65="DT2",97500,IF(G65="TT2",97500,IF(G65="DT3",75000,75000))))))) -> 187500 | J65: ĐỨC | K65: =IF(G65="DTDB",300000,IF(G65="TTDB",300000,IF(G65="DT1",135000,IF(G65="TT1",135000,IF(G65="DT2",75000,IF(G65="TT2",75000,IF(G65="DT3",45000,45000))))))) -> 135000 | L65: BÌNH | M65: =IF(L65="-",0,IF(G65="DTDB",300000,IF(G65="TTDB",300000,IF(G65="DT1",135000,IF(G65="TT1",135000,IF(G65="DT2",75000,IF(G65="TT2",75000,IF(G65="DT3",45000,45000)))))))) -> 135000 | N65: =I65+K65+M65 -> 457500
A66: 59 | B66: 18/11/2025 | C66: Cao Văn Vũ | D66: 42 | F66: KXH trên màn hình tăng sáng | G66: TTDB | H66: BẢO | I66: =IF(G66="DTDB",420000,IF(G66="TTDB",420000,IF(G66="DT1",187500,IF(G66="TT1",187500,IF(G66="DT2",97500,IF(G66="TT2",97500,IF(G66="DT3",75000,75000))))))) -> 420000 | J66: DUY | K66: =IF(G66="DTDB",300000,IF(G66="TTDB",300000,IF(G66="DT1",135000,IF(G66="TT1",135000,IF(G66="DT2",75000,IF(G66="TT2",75000,IF(G66="DT3",45000,45000))))))) -> 300000 | L66: TUẤN | M66: =IF(L66="-",0,IF(G66="DTDB",300000,IF(G66="TTDB",300000,IF(G66="DT1",135000,IF(G66="TT1",135000,IF(G66="DT2",75000,IF(G66="TT2",75000,IF(G66="DT3",45000,45000)))))))) -> 300000 | N66: =I66+K66+M66 -> 1020000
A67: 60 | B67: 18/11/2025 | C67: Trần Phượng Hoàng | E67: 65 | F67: PT thay toàn bộ khớp gối | G67: TTDB | H67: HOAN | I67: =IF(G67="DTDB",420000,IF(G67="TTDB",420000,IF(G67="DT1",187500,IF(G67="TT1",187500,IF(G67="DT2",97500,IF(G67="TT2",97500,IF(G67="DT3",75000,75000))))))) -> 420000 | J67: G.TỬ | K67: =IF(G67="DTDB",300000,IF(G67="TTDB",300000,IF(G67="DT1",135000,IF(G67="TT1",135000,IF(G67="DT2",75000,IF(G67="TT2",75000,IF(G67="DT3",45000,45000))))))) -> 300000 | L67: CÔNG | M67: =IF(L67="-",0,IF(G67="DTDB",300000,IF(G67="TTDB",300000,IF(G67="DT1",135000,IF(G67="TT1",135000,IF(G67="DT2",75000,IF(G67="TT2",75000,IF(G67="DT3",45000,45000)))))))) -> 300000 | N67: =I67+K67+M67 -> 1020000
A68: 61 | B68: 18/11/2025 | C68: Trần Thị Chuộng | E68: 42 | F68: PTNS tái tạo dây chằng | G68: TTDB | H68: TOẢN | I68: =IF(G68="DTDB",420000,IF(G68="TTDB",420000,IF(G68="DT1",187500,IF(G68="TT1",187500,IF(G68="DT2",97500,IF(G68="TT2",97500,IF(G68="DT3",75000,75000))))))) -> 420000 | J68: TUẤN | K68: =IF(G68="DTDB",300000,IF(G68="TTDB",300000,IF(G68="DT1",135000,IF(G68="TT1",135000,IF(G68="DT2",75000,IF(G68="TT2",75000,IF(G68="DT3",45000,45000))))))) -> 300000 | L68: LINH | M68: =IF(L68="-",0,IF(G68="DTDB",300000,IF(G68="TTDB",300000,IF(G68="DT1",135000,IF(G68="TT1",135000,IF(G68="DT2",75000,IF(G68="TT2",75000,IF(G68="DT3",45000,45000)))))))) -> 300000 | N68: =I68+K68+M68 -> 1020000
A69: 62 | B69: 18/11/2025 | C69: Võ Khánh Nam | D69: 22 | F69: PTNS tái tạo dây chằng | G69: TTDB | H69: TOẢN | I69: =IF(G69="DTDB",420000,IF(G69="TTDB",420000,IF(G69="DT1",187500,IF(G69="TT1",187500,IF(G69="DT2",97500,IF(G69="TT2",97500,IF(G69="DT3",75000,75000))))))) -> 420000 | J69: LINH | K69: =IF(G69="DTDB",300000,IF(G69="TTDB",300000,IF(G69="DT1",135000,IF(G69="TT1",135000,IF(G69="DT2",75000,IF(G69="TT2",75000,IF(G69="DT3",45000,45000))))))) -> 300000 | L69: DƯƠNG | M69: =IF(L69="-",0,IF(G69="DTDB",300000,IF(G69="TTDB",300000,IF(G69="DT1",135000,IF(G69="TT1",135000,IF(G69="DT2",75000,IF(G69="TT2",75000,IF(G69="DT3",45000,45000)))))))) -> 300000 | N69: =I69+K69+M69 -> 1020000
A70: 63 | B70: 18/11/2025 | C70: Hồng Thị Mười | E70: 82 | F70: Tạo hình thân đốt sống bằng bơm cement sinh học có bóng | G70: TTDB | H70: HOAN | I70: =IF(G70="DTDB",420000,IF(G70="TTDB",420000,IF(G70="DT1",187500,IF(G70="TT1",187500,IF(G70="DT2",97500,IF(G70="TT2",97500,IF(G70="DT3",75000,75000))))))) -> 420000 | J70: TUẤN | K70: =IF(G70="DTDB",300000,IF(G70="TTDB",300000,IF(G70="DT1",135000,IF(G70="TT1",135000,IF(G70="DT2",75000,IF(G70="TT2",75000,IF(G70="DT3",45000,45000))))))) -> 300000 | L70: G.TỬ | M70: =IF(L70="-",0,IF(G70="DTDB",300000,IF(G70="TTDB",300000,IF(G70="DT1",135000,IF(G70="TT1",135000,IF(G70="DT2",75000,IF(G70="TT2",75000,IF(G70="DT3",45000,45000)))))))) -> 300000 | N70: =I70+K70+M70 -> 1020000
A71: 64 | B71: 18/11/2025 | C71: Huỳnh Trần Minh Khôi | D71: 24 | F71: PTNS tái tạo dây chằng | G71: TTDB | H71: SƠN | I71: =IF(G71="DTDB",420000,IF(G71="TTDB",420000,IF(G71="DT1",187500,IF(G71="TT1",187500,IF(G71="DT2",97500,IF(G71="TT2",97500,IF(G71="DT3",75000,75000))))))) -> 420000 | J71: BẢO | K71: =IF(G71="DTDB",300000,IF(G71="TTDB",300000,IF(G71="DT1",135000,IF(G71="TT1",135000,IF(G71="DT2",75000,IF(G71="TT2",75000,IF(G71="DT3",45000,45000))))))) -> 300000 | L71: TOẢN | M71: =IF(L71="-",0,IF(G71="DTDB",300000,IF(G71="TTDB",300000,IF(G71="DT1",135000,IF(G71="TT1",135000,IF(G71="DT2",75000,IF(G71="TT2",75000,IF(G71="DT3",45000,45000)))))))) -> 300000 | N71: =I71+K71+M71 -> 1020000
A72: 65 | B72: 19/11/2025 | C72: Nguyễn Văn Tho | D72: 64 | F72: PT vá da diện tích >10cm | G72: TT1 | H72: DUY | I72: =IF(G72="DTDB",420000,IF(G72="TTDB",420000,IF(G72="DT1",187500,IF(G72="TT1",187500,IF(G72="DT2",97500,IF(G72="TT2",97500,IF(G72="DT3",75000,75000))))))) -> 187500 | J72: CÔNG | K72: =IF(G72="DTDB",300000,IF(G72="TTDB",300000,IF(G72="DT1",135000,IF(G72="TT1",135000,IF(G72="DT2",75000,IF(G72="TT2",75000,IF(G72="DT3",45000,45000))))))) -> 135000 | L72: ẨN | M72: =IF(L72="-",0,IF(G72="DTDB",300000,IF(G72="TTDB",300000,IF(G72="DT1",135000,IF(G72="TT1",135000,IF(G72="DT2",75000,IF(G72="TT2",75000,IF(G72="DT3",45000,45000)))))))) -> 135000 | N72: =I72+K72+M72 -> 457500
A73: 66 | B73: 19/11/2025 | C73: Viên Làm | D73: 74 | F73: PT thay khớp háng bán phần | G73: DT1 | H73: SƠN | I73: =IF(G73="DTDB",420000,IF(G73="TTDB",420000,IF(G73="DT1",187500,IF(G73="TT1",187500,IF(G73="DT2",97500,IF(G73="TT2",97500,IF(G73="DT3",75000,75000))))))) -> 187500 | J73: BẢO | K73: =IF(G73="DTDB",300000,IF(G73="TTDB",300000,IF(G73="DT1",135000,IF(G73="TT1",135000,IF(G73="DT2",75000,IF(G73="TT2",75000,IF(G73="DT3",45000,45000))))))) -> 135000 | L73: THIỆN | M73: =IF(L73="-",0,IF(G73="DTDB",300000,IF(G73="TTDB",300000,IF(G73="DT1",135000,IF(G73="TT1",135000,IF(G73="DT2",75000,IF(G73="TT2",75000,IF(G73="DT3",45000,45000)))))))) -> 135000 | N73: =I73+K73+M73 -> 457500
A74: 67 | B74: 19/11/2025 | C74: Nguyễn Thị Nữ | E74: 54 | F74: PT thay toàn bộ khớp gối | G74: TTDB | H74: HOAN | I74: =IF(G74="DTDB",420000,IF(G74="TTDB",420000,IF(G74="DT1",187500,IF(G74="TT1",187500,IF(G74="DT2",97500,IF(G74="TT2",97500,IF(G74="DT3",75000,75000))))))) -> 420000 | J74: NGUYỆN | K74: =IF(G74="DTDB",300000,IF(G74="TTDB",300000,IF(G74="DT1",135000,IF(G74="TT1",135000,IF(G74="DT2",75000,IF(G74="TT2",75000,IF(G74="DT3",45000,45000))))))) -> 300000 | L74: TUẤN | M74: =IF(L74="-",0,IF(G74="DTDB",300000,IF(G74="TTDB",300000,IF(G74="DT1",135000,IF(G74="TT1",135000,IF(G74="DT2",75000,IF(G74="TT2",75000,IF(G74="DT3",45000,45000)))))))) -> 300000 | N74: =I74+K74+M74 -> 1020000
A75: 68 | B75: 19/11/2025 | C75: Triệu Thị Suôn | E75: 66 | F75: PT thay khớp háng toàn phần | G75: TTDB | H75: HOAN | I75: =IF(G75="DTDB",420000,IF(G75="TTDB",420000,IF(G75="DT1",187500,IF(G75="TT1",187500,IF(G75="DT2",97500,IF(G75="TT2",97500,IF(G75="DT3",75000,75000))))))) -> 420000 | J75: SƠN | K75: =IF(G75="DTDB",300000,IF(G75="TTDB",300000,IF(G75="DT1",135000,IF(G75="TT1",135000,IF(G75="DT2",75000,IF(G75="TT2",75000,IF(G75="DT3",45000,45000))))))) -> 300000 | L75: BẢO | M75: =IF(L75="-",0,IF(G75="DTDB",300000,IF(G75="TTDB",300000,IF(G75="DT1",135000,IF(G75="TT1",135000,IF(G75="DT2",75000,IF(G75="TT2",75000,IF(G75="DT3",45000,45000)))))))) -> 300000 | N75: =I75+K75+M75 -> 1020000
A76: 69 | B76: 19/11/2025 | C76: Trần Thị Kim Tư | E76: 69 | F76: Cố định cột sống | G76: TTDB | H76: HOAN | I76: =IF(G76="DTDB",420000,IF(G76="TTDB",420000,IF(G76="DT1",187500,IF(G76="TT1",187500,IF(G76="DT2",97500,IF(G76="TT2",97500,IF(G76="DT3",75000,75000))))))) -> 420000 | J76: NGUYỆN | K76: =IF(G76="DTDB",300000,IF(G76="TTDB",300000,IF(G76="DT1",135000,IF(G76="TT1",135000,IF(G76="DT2",75000,IF(G76="TT2",75000,IF(G76="DT3",45000,45000))))))) -> 300000 | L76: TUẤN | M76: =IF(L76="-",0,IF(G76="DTDB",300000,IF(G76="TTDB",300000,IF(G76="DT1",135000,IF(G76="TT1",135000,IF(G76="DT2",75000,IF(G76="TT2",75000,IF(G76="DT3",45000,45000)))))))) -> 300000 | N76: =I76+K76+M76 -> 1020000
A77: 70 | B77: 19/11/2025 | C77: Nguyễn Thị Hạnh | E77: 77 | F77: Tạo hình thân đốt sống bằng bơm cement sinh học có bóng | G77: TTDB | H77: NGUYỆN | I77: =IF(G77="DTDB",420000,IF(G77="TTDB",420000,IF(G77="DT1",187500,IF(G77="TT1",187500,IF(G77="DT2",97500,IF(G77="TT2",97500,IF(G77="DT3",75000,75000))))))) -> 420000 | J77: TOẢN | K77: =IF(G77="DTDB",300000,IF(G77="TTDB",300000,IF(G77="DT1",135000,IF(G77="TT1",135000,IF(G77="DT2",75000,IF(G77="TT2",75000,IF(G77="DT3",45000,45000))))))) -> 300000 | L77: TUẤN | M77: =IF(L77="-",0,IF(G77="DTDB",300000,IF(G77="TTDB",300000,IF(G77="DT1",135000,IF(G77="TT1",135000,IF(G77="DT2",75000,IF(G77="TT2",75000,IF(G77="DT3",45000,45000)))))))) -> 300000 | N77: =I77+K77+M77 -> 1020000
A78: 71 | B78: 20/11/2025 | C78: Cam Chí Công | D78: 27 | F78: PT KHX trên màn hình tăng | G78: TTDB | H78: BẢO | I78: =IF(G78="DTDB",420000,IF(G78="TTDB",420000,IF(G78="DT1",187500,IF(G78="TT1",187500,IF(G78="DT2",97500,IF(G78="TT2",97500,IF(G78="DT3",75000,75000))))))) -> 420000 | J78: SƠN | K78: =IF(G78="DTDB",300000,IF(G78="TTDB",300000,IF(G78="DT1",135000,IF(G78="TT1",135000,IF(G78="DT2",75000,IF(G78="TT2",75000,IF(G78="DT3",45000,45000))))))) -> 300000 | L78: DUY | M78: =IF(L78="-",0,IF(G78="DTDB",300000,IF(G78="TTDB",300000,IF(G78="DT1",135000,IF(G78="TT1",135000,IF(G78="DT2",75000,IF(G78="TT2",75000,IF(G78="DT3",45000,45000)))))))) -> 300000 | N78: =I78+K78+M78 -> 1020000
A79: 72 | B79: 20/11/2025 | C79: Nguyễn Thị Hồng Thảo | E79: 53 | F79: Cắt u > 10cm | G79: TT1 | H79: NGUYỆN | I79: =IF(G79="DTDB",420000,IF(G79="TTDB",420000,IF(G79="DT1",187500,IF(G79="TT1",187500,IF(G79="DT2",97500,IF(G79="TT2",97500,IF(G79="DT3",75000,75000))))))) -> 187500 | J79: TOẢN | K79: =IF(G79="DTDB",300000,IF(G79="TTDB",300000,IF(G79="DT1",135000,IF(G79="TT1",135000,IF(G79="DT2",75000,IF(G79="TT2",75000,IF(G79="DT3",45000,45000))))))) -> 135000 | L79: TUẤN | M79: =IF(L79="-",0,IF(G79="DTDB",300000,IF(G79="TTDB",300000,IF(G79="DT1",135000,IF(G79="TT1",135000,IF(G79="DT2",75000,IF(G79="TT2",75000,IF(G79="DT3",45000,45000)))))))) -> 135000 | N79: =I79+K79+M79 -> 457500
A80: 73 | B80: 20/11/2025 | C80: Lâm Thị Thanh Nhanh | E80: 46 | F80: PTNS khâu sụn chiêm | G80: TTDB | H80: SƠN | I80: =IF(G80="DTDB",420000,IF(G80="TTDB",420000,IF(G80="DT1",187500,IF(G80="TT1",187500,IF(G80="DT2",97500,IF(G80="TT2",97500,IF(G80="DT3",75000,75000))))))) -> 420000 | J80: CÔNG | K80: =IF(G80="DTDB",300000,IF(G80="TTDB",300000,IF(G80="DT1",135000,IF(G80="TT1",135000,IF(G80="DT2",75000,IF(G80="TT2",75000,IF(G80="DT3",45000,45000))))))) -> 300000 | L80: DƯƠNG | M80: =IF(L80="-",0,IF(G80="DTDB",300000,IF(G80="TTDB",300000,IF(G80="DT1",135000,IF(G80="TT1",135000,IF(G80="DT2",75000,IF(G80="TT2",75000,IF(G80="DT3",45000,45000)))))))) -> 300000 | N80: =I80+K80+M80 -> 1020000
A81: 74 | B81: 20/11/2025 | C81: Nguyễn Hồng Hoa | E81: 63 | F81: Cắt u lành >10cm | G81: TT1 | H81: TUẤN | I81: =IF(G81="DTDB",420000,IF(G81="TTDB",420000,IF(G81="DT1",187500,IF(G81="TT1",187500,IF(G81="DT2",97500,IF(G81="TT2",97500,IF(G81="DT3",75000,75000))))))) -> 187500 | J81: G.TỬ | K81: =IF(G81="DTDB",300000,IF(G81="TTDB",300000,IF(G81="DT1",135000,IF(G81="TT1",135000,IF(G81="DT2",75000,IF(G81="TT2",75000,IF(G81="DT3",45000,45000))))))) -> 135000 | L81: KHÁNH | M81: =IF(L81="-",0,IF(G81="DTDB",300000,IF(G81="TTDB",300000,IF(G81="DT1",135000,IF(G81="TT1",135000,IF(G81="DT2",75000,IF(G81="TT2",75000,IF(G81="DT3",45000,45000)))))))) -> 135000 | N81: =I81+K81+M81 -> 457500
A82: 75 | B82: 20/11/2025 | C82: Phan Thanh Liêm | D82: 62 | F82: PT cắt cụt chi | G82: DT1 | H82: TOẢN | I82: =IF(G82="DTDB",420000,IF(G82="TTDB",420000,IF(G82="DT1",187500,IF(G82="TT1",187500,IF(G82="DT2",97500,IF(G82="TT2",97500,IF(G82="DT3",75000,75000))))))) -> 187500 | J82: THIỆN | K82: =IF(G82="DTDB",300000,IF(G82="TTDB",300000,IF(G82="DT1",135000,IF(G82="TT1",135000,IF(G82="DT2",75000,IF(G82="TT2",75000,IF(G82="DT3",45000,45000))))))) -> 135000 | L82: BÌNH | M82: =IF(L82="-",0,IF(G82="DTDB",300000,IF(G82="TTDB",300000,IF(G82="DT1",135000,IF(G82="TT1",135000,IF(G82="DT2",75000,IF(G82="TT2",75000,IF(G82="DT3",45000,45000)))))))) -> 135000 | N82: =I82+K82+M82 -> 457500
A83: 76 | B83: 21/11/2025 | C83: Lê Thị Thao | E83: 89 | F83: KHX trên màn hình tăng sáng | G83: TTDB | H83: NGUYỆN | I83: =IF(G83="DTDB",420000,IF(G83="TTDB",420000,IF(G83="DT1",187500,IF(G83="TT1",187500,IF(G83="DT2",97500,IF(G83="TT2",97500,IF(G83="DT3",75000,75000))))))) -> 420000 | J83: TOẢN | K83: =IF(G83="DTDB",300000,IF(G83="TTDB",300000,IF(G83="DT1",135000,IF(G83="TT1",135000,IF(G83="DT2",75000,IF(G83="TT2",75000,IF(G83="DT3",45000,45000))))))) -> 300000 | L83: G.TỬ | M83: =IF(L83="-",0,IF(G83="DTDB",300000,IF(G83="TTDB",300000,IF(G83="DT1",135000,IF(G83="TT1",135000,IF(G83="DT2",75000,IF(G83="TT2",75000,IF(G83="DT3",45000,45000)))))))) -> 300000 | N83: =I83+K83+M83 -> 1020000
A84: 77 | B84: 21/11/2025 | C84: Nguyễn Thị Bạch | E84: 84 | F84: Tạo hinh thân đốt sống bằng bơm cement sinh học qua cuống | G84: TTDB | H84: HOAN | I84: =IF(G84="DTDB",420000,IF(G84="TTDB",420000,IF(G84="DT1",187500,IF(G84="TT1",187500,IF(G84="DT2",97500,IF(G84="TT2",97500,IF(G84="DT3",75000,75000))))))) -> 420000 | J84: TUẤN | K84: =IF(G84="DTDB",300000,IF(G84="TTDB",300000,IF(G84="DT1",135000,IF(G84="TT1",135000,IF(G84="DT2",75000,IF(G84="TT2",75000,IF(G84="DT3",45000,45000))))))) -> 300000 | L84: G.TỬ | M84: =IF(L84="-",0,IF(G84="DTDB",300000,IF(G84="TTDB",300000,IF(G84="DT1",135000,IF(G84="TT1",135000,IF(G84="DT2",75000,IF(G84="TT2",75000,IF(G84="DT3",45000,45000)))))))) -> 300000 | N84: =I84+K84+M84 -> 1020000
A85: 78 | B85: 22/11/2025 | C85: Phan Tự Do | D85: 42 | F85: KHX trên màn hình tăng sáng | G85: TTDB | H85: NGUYỆN | I85: =IF(G85="DTDB",420000,IF(G85="TTDB",420000,IF(G85="DT1",187500,IF(G85="TT1",187500,IF(G85="DT2",97500,IF(G85="TT2",97500,IF(G85="DT3",75000,75000))))))) -> 420000 | J85: TUẤN | K85: =IF(G85="DTDB",300000,IF(G85="TTDB",300000,IF(G85="DT1",135000,IF(G85="TT1",135000,IF(G85="DT2",75000,IF(G85="TT2",75000,IF(G85="DT3",45000,45000))))))) -> 300000 | L85: ĐỨC | M85: =IF(L85="-",0,IF(G85="DTDB",300000,IF(G85="TTDB",300000,IF(G85="DT1",135000,IF(G85="TT1",135000,IF(G85="DT2",75000,IF(G85="TT2",75000,IF(G85="DT3",45000,45000)))))))) -> 300000 | N85: =I85+K85+M85 -> 1020000
A86: 79 | B86: 24/11/2025 | C86: Phan Trường Sơn | D86: 41 | F86: Khâu phục hồi tổn thương gân duỗi | G86: TT1 | H86: NGUYỆN | I86: =IF(G86="DTDB",420000,IF(G86="TTDB",420000,IF(G86="DT1",187500,IF(G86="TT1",187500,IF(G86="DT2",97500,IF(G86="TT2",97500,IF(G86="DT3",75000,75000))))))) -> 187500 | J86: LINH | K86: =IF(G86="DTDB",300000,IF(G86="TTDB",300000,IF(G86="DT1",135000,IF(G86="TT1",135000,IF(G86="DT2",75000,IF(G86="TT2",75000,IF(G86="DT3",45000,45000))))))) -> 135000 | L86: THẠNH | M86: =IF(L86="-",0,IF(G86="DTDB",300000,IF(G86="TTDB",300000,IF(G86="DT1",135000,IF(G86="TT1",135000,IF(G86="DT2",75000,IF(G86="TT2",75000,IF(G86="DT3",45000,45000)))))))) -> 135000 | N86: =I86+K86+M86 -> 457500
A87: 80 | B87: 24/11/2025 | C87: Khưu Hiếu Đạt | D87: 42 | F87: PT giải phóng thần kinh | G87: TT1 | H87: TUẤN | I87: =IF(G87="DTDB",420000,IF(G87="TTDB",420000,IF(G87="DT1",187500,IF(G87="TT1",187500,IF(G87="DT2",97500,IF(G87="TT2",97500,IF(G87="DT3",75000,75000))))))) -> 187500 | J87: THIỆN | K87: =IF(G87="DTDB",300000,IF(G87="TTDB",300000,IF(G87="DT1",135000,IF(G87="TT1",135000,IF(G87="DT2",75000,IF(G87="TT2",75000,IF(G87="DT3",45000,45000))))))) -> 135000 | L87: LINH | M87: =IF(L87="-",0,IF(G87="DTDB",300000,IF(G87="TTDB",300000,IF(G87="DT1",135000,IF(G87="TT1",135000,IF(G87="DT2",75000,IF(G87="TT2",75000,IF(G87="DT3",45000,45000)))))))) -> 135000 | N87: =I87+K87+M87 -> 457500
A88: 81 | B88: 25/11/2025 | C88: Nguyễn Văn Braxin | D88: 31 | F88: PT điều trị hội chứng OCT | G88: TT1 | H88: BẢO | I88: =IF(G88="DTDB",420000,IF(G88="TTDB",420000,IF(G88="DT1",187500,IF(G88="TT1",187500,IF(G88="DT2",97500,IF(G88="TT2",97500,IF(G88="DT3",75000,75000))))))) -> 187500 | J88: V.TÂN | K88: =IF(G88="DTDB",300000,IF(G88="TTDB",300000,IF(G88="DT1",135000,IF(G88="TT1",135000,IF(G88="DT2",75000,IF(G88="TT2",75000,IF(G88="DT3",45000,45000))))))) -> 135000 | L88: KHÁNH | M88: =IF(L88="-",0,IF(G88="DTDB",300000,IF(G88="TTDB",300000,IF(G88="DT1",135000,IF(G88="TT1",135000,IF(G88="DT2",75000,IF(G88="TT2",75000,IF(G88="DT3",45000,45000)))))))) -> 135000 | N88: =I88+K88+M88 -> 457500
A89: 82 | B89: 25/11/2025 | C89: Bùi Châu Kiệt | D89: 18 | F89: KHX trên màn hình tăng sáng | G89: TTDB | H89: TUẤN | I89: =IF(G89="DTDB",420000,IF(G89="TTDB",420000,IF(G89="DT1",187500,IF(G89="TT1",187500,IF(G89="DT2",97500,IF(G89="TT2",97500,IF(G89="DT3",75000,75000))))))) -> 420000 | J89: CÔNG | K89: =IF(G89="DTDB",300000,IF(G89="TTDB",300000,IF(G89="DT1",135000,IF(G89="TT1",135000,IF(G89="DT2",75000,IF(G89="TT2",75000,IF(G89="DT3",45000,45000))))))) -> 300000 | L89: THIỆN | M89: =IF(L89="-",0,IF(G89="DTDB",300000,IF(G89="TTDB",300000,IF(G89="DT1",135000,IF(G89="TT1",135000,IF(G89="DT2",75000,IF(G89="TT2",75000,IF(G89="DT3",45000,45000)))))))) -> 300000 | N89: =I89+K89+M89 -> 1020000
A90: 83 | B90: 27/11/2025 | C90: Đoàn Khánh Vy | E90: 17 | F90: PTNS điều trị mất vững khớp vai | G90: TT1 | H90: SƠN | I90: =IF(G90="DTDB",420000,IF(G90="TTDB",420000,IF(G90="DT1",187500,IF(G90="TT1",187500,IF(G90="DT2",97500,IF(G90="TT2",97500,IF(G90="DT3",75000,75000))))))) -> 187500 | J90: TOẢN | K90: =IF(G90="DTDB",300000,IF(G90="TTDB",300000,IF(G90="DT1",135000,IF(G90="TT1",135000,IF(G90="DT2",75000,IF(G90="TT2",75000,IF(G90="DT3",45000,45000))))))) -> 135000 | L90: THIỆN | M90: =IF(L90="-",0,IF(G90="DTDB",300000,IF(G90="TTDB",300000,IF(G90="DT1",135000,IF(G90="TT1",135000,IF(G90="DT2",75000,IF(G90="TT2",75000,IF(G90="DT3",45000,45000)))))))) -> 135000 | N90: =I90+K90+M90 -> 457500
A91: 84 | B91: 15/10/2025 | C91: NGUYỄN VĂN THO | D91: 59 | F91: Cắt lọc hoại tử ổ loét vết thương mãn tính | G91: DT2 | H91: V.TÂN | I91: =IF(G91="DTDB",420000,IF(G91="TTDB",420000,IF(G91="DT1",187500,IF(G91="TT1",187500,IF(G91="DT2",97500,IF(G91="TT2",97500,IF(G91="DT3",75000,75000))))))) -> 97500 | J91: BẢO | K91: =IF(G91="DTDB",300000,IF(G91="TTDB",300000,IF(G91="DT1",135000,IF(G91="TT1",135000,IF(G91="DT2",75000,IF(G91="TT2",75000,IF(G91="DT3",45000,45000))))))) -> 75000 | L91: - | M91: =IF(L91="-",0,IF(G91="DTDB",300000,IF(G91="TTDB",300000,IF(G91="DT1",135000,IF(G91="TT1",135000,IF(G91="DT2",75000,IF(G91="TT2",75000,IF(G91="DT3",45000,45000)))))))) -> 0 | N91: =I91+K91+M91 -> 172500
A92: 85 | B92: 17/10/2025 | C92: Đỗ Văn Dũng | D92: 55 | F92: Cắt lọc hoại tử ổ loét vết thương mãn tính | G92: TT2 | H92: BẢO | I92: =IF(G92="DTDB",420000,IF(G92="TTDB",420000,IF(G92="DT1",187500,IF(G92="TT1",187500,IF(G92="DT2",97500,IF(G92="TT2",97500,IF(G92="DT3",75000,75000))))))) -> 97500 | J92: ĐỨC | K92: =IF(G92="DTDB",300000,IF(G92="TTDB",300000,IF(G92="DT1",135000,IF(G92="TT1",135000,IF(G92="DT2",75000,IF(G92="TT2",75000,IF(G92="DT3",45000,45000))))))) -> 75000 | L92: - | M92: =IF(L92="-",0,IF(G92="DTDB",300000,IF(G92="TTDB",300000,IF(G92="DT1",135000,IF(G92="TT1",135000,IF(G92="DT2",75000,IF(G92="TT2",75000,IF(G92="DT3",45000,45000)))))))) -> 0 | N92: =I92+K92+M92 -> 172500
A93: 86 | B93: 21/10/2025 | C93: Đỗ Văn Dũng | D93: 55 | F93: Cắt lọc hoại tử ổ loét vết thương mãn tính | G93: TT2 | H93: BẢO | I93: =IF(G93="DTDB",420000,IF(G93="TTDB",420000,IF(G93="DT1",187500,IF(G93="TT1",187500,IF(G93="DT2",97500,IF(G93="TT2",97500,IF(G93="DT3",75000,75000))))))) -> 97500 | J93: THIỆN | K93: =IF(G93="DTDB",300000,IF(G93="TTDB",300000,IF(G93="DT1",135000,IF(G93="TT1",135000,IF(G93="DT2",75000,IF(G93="TT2",75000,IF(G93="DT3",45000,45000))))))) -> 75000 | L93: - | M93: =IF(L93="-",0,IF(G93="DTDB",300000,IF(G93="TTDB",300000,IF(G93="DT1",135000,IF(G93="TT1",135000,IF(G93="DT2",75000,IF(G93="TT2",75000,IF(G93="DT3",45000,45000)))))))) -> 0 | N93: =I93+K93+M93 -> 172500
A94: 87 | B94: 21/10/2025 | C94: Nguyễn Văn Tho | D94: 59 | F94: Cắt lọc hoại tử ổ loét vết thương mãn tính | G94: DT2 | H94: V.TÂN | I94: =IF(G94="DTDB",420000,IF(G94="TTDB",420000,IF(G94="DT1",187500,IF(G94="TT1",187500,IF(G94="DT2",97500,IF(G94="TT2",97500,IF(G94="DT3",75000,75000))))))) -> 97500 | J94: THIỆN | K94: =IF(G94="DTDB",300000,IF(G94="TTDB",300000,IF(G94="DT1",135000,IF(G94="TT1",135000,IF(G94="DT2",75000,IF(G94="TT2",75000,IF(G94="DT3",45000,45000))))))) -> 75000 | L94: - | M94: =IF(L94="-",0,IF(G94="DTDB",300000,IF(G94="TTDB",300000,IF(G94="DT1",135000,IF(G94="TT1",135000,IF(G94="DT2",75000,IF(G94="TT2",75000,IF(G94="DT3",45000,45000)))))))) -> 0 | N94: =I94+K94+M94 -> 172500
A95: 88 | B95: 23/10/2025 | C95: Đỗ Văn Dũng | D95: 55 | F95: Cắt lọc hoại tử ổ loét vết thương mãn tính | G95: DT2 | H95: DUY | I95: =IF(G95="DTDB",420000,IF(G95="TTDB",420000,IF(G95="DT1",187500,IF(G95="TT1",187500,IF(G95="DT2",97500,IF(G95="TT2",97500,IF(G95="DT3",75000,75000))))))) -> 97500 | J95: NGHIÊM | K95: =IF(G95="DTDB",300000,IF(G95="TTDB",300000,IF(G95="DT1",135000,IF(G95="TT1",135000,IF(G95="DT2",75000,IF(G95="TT2",75000,IF(G95="DT3",45000,45000))))))) -> 75000 | L95: - | M95: =IF(L95="-",0,IF(G95="DTDB",300000,IF(G95="TTDB",300000,IF(G95="DT1",135000,IF(G95="TT1",135000,IF(G95="DT2",75000,IF(G95="TT2",75000,IF(G95="DT3",45000,45000)))))))) -> 0 | N95: =I95+K95+M95 -> 172500
A96: 89 | B96: 24/10/2025 | C96: Nguyễn Văn Tho | D96: 59 | F96: Cắt lọc hoại tử ổ loét vết thương mãn tính | G96: DT2 | H96: V.TÂN | I96: =IF(G96="DTDB",420000,IF(G96="TTDB",420000,IF(G96="DT1",187500,IF(G96="TT1",187500,IF(G96="DT2",97500,IF(G96="TT2",97500,IF(G96="DT3",75000,75000))))))) -> 97500 | J96: TUẤN | K96: =IF(G96="DTDB",300000,IF(G96="TTDB",300000,IF(G96="DT1",135000,IF(G96="TT1",135000,IF(G96="DT2",75000,IF(G96="TT2",75000,IF(G96="DT3",45000,45000))))))) -> 75000 | L96: - | M96: =IF(L96="-",0,IF(G96="DTDB",300000,IF(G96="TTDB",300000,IF(G96="DT1",135000,IF(G96="TT1",135000,IF(G96="DT2",75000,IF(G96="TT2",75000,IF(G96="DT3",45000,45000)))))))) -> 0 | N96: =I96+K96+M96 -> 172500
A97: 90 | B97: 27/10/2025 | C97: Võ Thị Quyến | E97: 65 | F97: PT cắt cụt chi | G97: DT2 | H97: V.TÂN | I97: =IF(G97="DTDB",420000,IF(G97="TTDB",420000,IF(G97="DT1",187500,IF(G97="TT1",187500,IF(G97="DT2",97500,IF(G97="TT2",97500,IF(G97="DT3",75000,75000))))))) -> 97500 | J97: BÌNH | K97: =IF(G97="DTDB",300000,IF(G97="TTDB",300000,IF(G97="DT1",135000,IF(G97="TT1",135000,IF(G97="DT2",75000,IF(G97="TT2",75000,IF(G97="DT3",45000,45000))))))) -> 75000 | L97: - | M97: =IF(L97="-",0,IF(G97="DTDB",300000,IF(G97="TTDB",300000,IF(G97="DT1",135000,IF(G97="TT1",135000,IF(G97="DT2",75000,IF(G97="TT2",75000,IF(G97="DT3",45000,45000)))))))) -> 0 | N97: =I97+K97+M97 -> 172500
A98: 91 | B98: 28/10/2025 | C98: MÃ HÒA DỂ | D98: 64 | F98: Cắt lọc hoại tử ổ loét vết thương mãn tính | G98: TT2 | H98: BẢO | I98: =IF(G98="DTDB",420000,IF(G98="TTDB",420000,IF(G98="DT1",187500,IF(G98="TT1",187500,IF(G98="DT2",97500,IF(G98="TT2",97500,IF(G98="DT3",75000,75000))))))) -> 97500 | J98: V.TÂN | K98: =IF(G98="DTDB",300000,IF(G98="TTDB",300000,IF(G98="DT1",135000,IF(G98="TT1",135000,IF(G98="DT2",75000,IF(G98="TT2",75000,IF(G98="DT3",45000,45000))))))) -> 75000 | L98: - | M98: =IF(L98="-",0,IF(G98="DTDB",300000,IF(G98="TTDB",300000,IF(G98="DT1",135000,IF(G98="TT1",135000,IF(G98="DT2",75000,IF(G98="TT2",75000,IF(G98="DT3",45000,45000)))))))) -> 0 | N98: =I98+K98+M98 -> 172500
A99: 92 | B99: 29/10/2025 | C99: Nguyễn Văn Quân | D99: 64 | F99: Cắt lọc hoại tử ổ loét vết thương mãn tính | G99: DT2 | H99: NGUYỆN | I99: =IF(G99="DTDB",420000,IF(G99="TTDB",420000,IF(G99="DT1",187500,IF(G99="TT1",187500,IF(G99="DT2",97500,IF(G99="TT2",97500,IF(G99="DT3",75000,75000))))))) -> 97500 | J99: ĐỨC | K99: =IF(G99="DTDB",300000,IF(G99="TTDB",300000,IF(G99="DT1",135000,IF(G99="TT1",135000,IF(G99="DT2",75000,IF(G99="TT2",75000,IF(G99="DT3",45000,45000))))))) -> 75000 | L99: - | M99: =IF(L99="-",0,IF(G99="DTDB",300000,IF(G99="TTDB",300000,IF(G99="DT1",135000,IF(G99="TT1",135000,IF(G99="DT2",75000,IF(G99="TT2",75000,IF(G99="DT3",45000,45000)))))))) -> 0 | N99: =I99+K99+M99 -> 172500
A100: 93 | B100: 29/10/2025 | C100: Lý Sển | D100: 68 | F100: PT cắt cụt chi | G100: TT2 | H100: V.TÂN | I100: =IF(G100="DTDB",420000,IF(G100="TTDB",420000,IF(G100="DT1",187500,IF(G100="TT1",187500,IF(G100="DT2",97500,IF(G100="TT2",97500,IF(G100="DT3",75000,75000))))))) -> 97500 | J100: ĐỨC | K100: =IF(G100="DTDB",300000,IF(G100="TTDB",300000,IF(G100="DT1",135000,IF(G100="TT1",135000,IF(G100="DT2",75000,IF(G100="TT2",75000,IF(G100="DT3",45000,45000))))))) -> 75000 | L100: - | M100: =IF(L100="-",0,IF(G100="DTDB",300000,IF(G100="TTDB",300000,IF(G100="DT1",135000,IF(G100="TT1",135000,IF(G100="DT2",75000,IF(G100="TT2",75000,IF(G100="DT3",45000,45000)))))))) -> 0 | N100: =I100+K100+M100 -> 172500
A101: 94 | B101: 29/10/2025 | C101: Nguyễn Văn Tho | D101: 59 | F101: Cắt lọc hoại tử ổ loét vết thương mãn tính | G101: DT2 | H101: HOAN | I101: =IF(G101="DTDB",420000,IF(G101="TTDB",420000,IF(G101="DT1",187500,IF(G101="TT1",187500,IF(G101="DT2",97500,IF(G101="TT2",97500,IF(G101="DT3",75000,75000))))))) -> 97500 | J101: V.TÂN | K101: =IF(G101="DTDB",300000,IF(G101="TTDB",300000,IF(G101="DT1",135000,IF(G101="TT1",135000,IF(G101="DT2",75000,IF(G101="TT2",75000,IF(G101="DT3",45000,45000))))))) -> 75000 | L101: - | M101: =IF(L101="-",0,IF(G101="DTDB",300000,IF(G101="TTDB",300000,IF(G101="DT1",135000,IF(G101="TT1",135000,IF(G101="DT2",75000,IF(G101="TT2",75000,IF(G101="DT3",45000,45000)))))))) -> 0 | N101: =I101+K101+M101 -> 172500
A102: 95 | B102: 30/10/2025 | C102: Nguyễn Thị Xuân | E102: 85 | F102: PT cắt cụt chi | G102: TT2 | H102: BẢO | I102: =IF(G102="DTDB",420000,IF(G102="TTDB",420000,IF(G102="DT1",187500,IF(G102="TT1",187500,IF(G102="DT2",97500,IF(G102="TT2",97500,IF(G102="DT3",75000,75000))))))) -> 97500 | J102: TUẤN | K102: =IF(G102="DTDB",300000,IF(G102="TTDB",300000,IF(G102="DT1",135000,IF(G102="TT1",135000,IF(G102="DT2",75000,IF(G102="TT2",75000,IF(G102="DT3",45000,45000))))))) -> 75000 | L102: - | M102: =IF(L102="-",0,IF(G102="DTDB",300000,IF(G102="TTDB",300000,IF(G102="DT1",135000,IF(G102="TT1",135000,IF(G102="DT2",75000,IF(G102="TT2",75000,IF(G102="DT3",45000,45000)))))))) -> 0 | N102: =I102+K102+M102 -> 172500
...

Sheet lanh tien PT_BHYT
A1: BV TRƯỜNG ĐHYD CẦN THƠ
A2: KHOA NGOẠI CTCH-TK
A3: DANH SÁCH LÃNH TIỀN THÙ LAO THÁNG 11/2025
A4: (BHYT)
A6: STT | B6: HỌ TÊN | C6: CHỨC VỤ | D6: SỐ TÀI KHOẢN | E6: SỐ TIỀN | F6: Thuế 10%
A7: 1 | B7: Nguyễn Thành Tấn | C7: Bác sĩ | D7: 103006610215 | E7: =SUM(SUMIF(phauthuat_BHYT!$H$8:$H$155,"TẤN",phauthuat_BHYT!$I$8:$I$155),SUMIF(phauthuat_BHYT!$J$8:$J$155,"TẤN",phauthuat_BHYT!$K$8:$K$155),SUMIF(phauthuat_BHYT!$L$8:$L$155,"TẤN",phauthuat_BHYT!$M$8:$M$155)) -> 840000
A8: 2 | B8: Nguyễn Lê Hoan | C8: Bác sĩ | D8: 100006610218 | E8: =SUM(SUMIF(phauthuat_BHYT!$H$8:$H$155,"HOAN",phauthuat_BHYT!$I$8:$I$155),SUMIF(phauthuat_BHYT!$J$8:$J$155,"HOAN",phauthuat_BHYT!$K$8:$K$155),SUMIF(phauthuat_BHYT!$L$8:$L$155,"HOAN",phauthuat_BHYT!$M$8:$M$155)) -> 10147500
A9: 3 | B9: Nguyễn Chí Nguyện | C9: Bác sĩ | D9: 105001159195 | E9: =SUM(SUMIF(phauthuat_BHYT!$H$8:$H$155,"NGUYỆN",phauthuat_BHYT!$I$8:$I$155),SUMIF(phauthuat_BHYT!$J$8:$J$155,"NGUYỆN",phauthuat_BHYT!$K$8:$K$155),SUMIF(phauthuat_BHYT!$L$8:$L$155,"NGUYỆN",phauthuat_BHYT!$M$8:$M$155)) -> 9255000
A10: 4 | B10: Hồ Điền | C10: Bác sĩ | D10: 105001225232 | E10: =SUM(SUMIF(phauthuat_BHYT!$H$8:$H$155,"ĐIỀN",phauthuat_BHYT!$I$8:$I$155),SUMIF(phauthuat_BHYT!$J$8:$J$155,"ĐIỀN",phauthuat_BHYT!$K$8:$K$155),SUMIF(phauthuat_BHYT!$L$8:$L$155,"ĐIỀN",phauthuat_BHYT!$M$8:$M$155)) -> 1995000
A11: 5 | B11: Trần Quốc Toản | C11: Bác sĩ | D11: 107868829237 | E11: =SUM(SUMIF(phauthuat_BHYT!$H$8:$H$155,"TOẢN",phauthuat_BHYT!$I$8:$I$155),SUMIF(phauthuat_BHYT!$J$8:$J$155,"TOẢN",phauthuat_BHYT!$K$8:$K$155),SUMIF(phauthuat_BHYT!$L$8:$L$155,"TOẢN",phauthuat_BHYT!$M$8:$M$155)) -> 5625000
A12: 6 | B12: Phạm Việt Tân | C12: Bác sĩ | D12: 104000362303 | E12: =SUM(SUMIF(phauthuat_BHYT!$H$8:$H$155,"v.tân",phauthuat_BHYT!$I$8:$I$155),SUMIF(phauthuat_BHYT!$J$8:$J$155,"v.tân",phauthuat_BHYT!$K$8:$K$155),SUMIF(phauthuat_BHYT!$L$8:$L$155,"v.tân",phauthuat_BHYT!$M$8:$M$155)) -> 3697500
A13: 7 | B13: Phan Văn Tuấn | C13: Bác sĩ | D13: 105872433048 | E13: =SUM(SUMIF(phauthuat_BHYT!$H$8:$H$155,"TUẤN",phauthuat_BHYT!$I$8:$I$155),SUMIF(phauthuat_BHYT!$J$8:$J$155,"TUẤN",phauthuat_BHYT!$K$8:$K$155),SUMIF(phauthuat_BHYT!$L$8:$L$155,"TUẤN",phauthuat_BHYT!$M$8:$M$155)) -> 13012500
A14: 8 | B14: Trần Quang Sơn | C14: Bác sĩ | D14: 107004193662 | E14: =SUM(SUMIF(phauthuat_BHYT!$H$8:$H$155,"sơn",phauthuat_BHYT!$I$8:$I$155),SUMIF(phauthuat_BHYT!$J$8:$J$155,"sơn",phauthuat_BHYT!$K$8:$K$155),SUMIF(phauthuat_BHYT!$L$8:$L$155,"sơn",phauthuat_BHYT!$M$8:$M$155)) -> 4500000
A15: 9 | B15: Nguyễn Tư Thái Bảo | C15: Bác sĩ | D15: 109871759605 | E15: =SUM(SUMIF(phauthuat_BHYT!$H$8:$H$155,"bảo",phauthuat_BHYT!$I$8:$I$155),SUMIF(phauthuat_BHYT!$J$8:$J$155,"bảo",phauthuat_BHYT!$K$8:$K$155),SUMIF(phauthuat_BHYT!$L$8:$L$155,"bảo",phauthuat_BHYT!$M$8:$M$155)) -> 4440000
A16: 10 | B16: Trần Nguyễn Anh Duy | C16: Bác sĩ | D16: 109867708726 | E16: =SUM(SUMIF(phauthuat_BHYT!$H$8:$H$155,"duy",phauthuat_BHYT!$I$8:$I$155),SUMIF(phauthuat_BHYT!$J$8:$J$155,"duy",phauthuat_BHYT!$K$8:$K$155),SUMIF(phauthuat_BHYT!$L$8:$L$155,"duy",phauthuat_BHYT!$M$8:$M$155)) -> 3375000
A17: 11 | B17: Nguyễn Giang Tử | C17: Bác sĩ | D17: 109875250610 | E17: =SUM(SUMIF(phauthuat_BHYT!$H$8:$H$155,"g.tử",phauthuat_BHYT!$I$8:$I$155),SUMIF(phauthuat_BHYT!$J$8:$J$155,"g.tử",phauthuat_BHYT!$K$8:$K$155),SUMIF(phauthuat_BHYT!$L$8:$L$155,"g.tử",phauthuat_BHYT!$M$8:$M$155)) -> 6540000
A18: 12 | B18: Võ Long Ẩn | C18: Bác sĩ (nt) | E18: =SUM(SUMIF(phauthuat_BHYT!$H$8:$H$155,"ẩn",phauthuat_BHYT!$I$8:$I$155),SUMIF(phauthuat_BHYT!$J$8:$J$155,"ẩn",phauthuat_BHYT!$K$8:$K$155),SUMIF(phauthuat_BHYT!$L$8:$L$155,"ẩn",phauthuat_BHYT!$M$8:$M$155)) -> 1020000
A19: 13 | B19: Nguyễn Xuân Bình | C19: Bác sĩ (nt) | E19: =SUM(SUMIF(phauthuat_BHYT!$H$8:$H$155,"bình",phauthuat_BHYT!$I$8:$I$155),SUMIF(phauthuat_BHYT!$J$8:$J$155,"bình",phauthuat_BHYT!$K$8:$K$155),SUMIF(phauthuat_BHYT!$L$8:$L$155,"bình",phauthuat_BHYT!$M$8:$M$155)) -> 1020000
A20: 14 | B20: Phan Doãn Đại Dương | C20: Bác sĩ (nt) | E20: =SUM(SUMIF(phauthuat_BHYT!$H$8:$H$155,"dương",phauthuat_BHYT!$I$8:$I$155),SUMIF(phauthuat_BHYT!$J$8:$J$155,"dương",phauthuat_BHYT!$K$8:$K$155),SUMIF(phauthuat_BHYT!$L$8:$L$155,"dương",phauthuat_BHYT!$M$8:$M$155)) -> 810000
A21: 15 | B21: Lê Quốc Khánh | C21: Bác sĩ (nt) | E21: =SUM(SUMIF(phauthuat_BHYT!$H$8:$H$155,"khánh",phauthuat_BHYT!$I$8:$I$155),SUMIF(phauthuat_BHYT!$J$8:$J$155,"khánh",phauthuat_BHYT!$K$8:$K$155),SUMIF(phauthuat_BHYT!$L$8:$L$155,"khánh",phauthuat_BHYT!$M$8:$M$155)) -> 870000
A22: 16 | B22: Lê Cường Thạnh | C22: Bác sĩ (nt) | E22: =SUM(SUMIF(phauthuat_BHYT!$H$8:$H$155,"thạnh",phauthuat_BHYT!$I$8:$I$155),SUMIF(phauthuat_BHYT!$J$8:$J$155,"thạnh",phauthuat_BHYT!$K$8:$K$155),SUMIF(phauthuat_BHYT!$L$8:$L$155,"thạnh",phauthuat_BHYT!$M$8:$M$155)) -> 1455000
A23: 17 | B23: Nguyễn Văn Nghiêm | C23: Bác sĩ (nt) | D23: 108883113558 | E23: =SUM(SUMIF(phauthuat_BHYT!$H$8:$H$155,"NGHIÊM",phauthuat_BHYT!$I$8:$I$155),SUMIF(phauthuat_BHYT!$J$8:$J$155,"NGHIÊM",phauthuat_BHYT!$K$8:$K$155),SUMIF(phauthuat_BHYT!$L$8:$L$155,"NGHIÊM",phauthuat_BHYT!$M$8:$M$155)) -> 1695000
A24: 18 | B24: Đỗ Thành Công | C24: Bác sĩ (nt) | D24: 109881609351 | E24: =SUM(SUMIF(phauthuat_BHYT!$H$8:$H$155,"CÔNG",phauthuat_BHYT!$I$8:$I$155),SUMIF(phauthuat_BHYT!$J$8:$J$155,"CÔNG",phauthuat_BHYT!$K$8:$K$155),SUMIF(phauthuat_BHYT!$L$8:$L$155,"CÔNG",phauthuat_BHYT!$M$8:$M$155)) -> 2445000
A25: 19 | B25: Võ Ngọc Thiện | C25: Bác sĩ (nt) | D25: 102885267089 | E25: =SUM(SUMIF(phauthuat_BHYT!$H$8:$H$155,"THIỆN",phauthuat_BHYT!$I$8:$I$155),SUMIF(phauthuat_BHYT!$J$8:$J$155,"THIỆN",phauthuat_BHYT!$K$8:$K$155),SUMIF(phauthuat_BHYT!$L$8:$L$155,"THIỆN",phauthuat_BHYT!$M$8:$M$155)) -> 3435000
A26: 20 | B26: Nguyễn Hoài Linh | C26: Bác sĩ (nt) | E26: =SUM(SUMIF(phauthuat_BHYT!$H$8:$H$155,"LINH",phauthuat_BHYT!$I$8:$I$155),SUMIF(phauthuat_BHYT!$J$8:$J$155,"LINH",phauthuat_BHYT!$K$8:$K$155),SUMIF(phauthuat_BHYT!$L$8:$L$155,"LINH",phauthuat_BHYT!$M$8:$M$155)) -> 3540000
A27: 21 | B27: Nguyễn Hoài Đức | C27: Bác sĩ (nt) | D27: 101883256042 | E27: =SUM(SUMIF(phauthuat_BHYT!$H$8:$H$155,"ĐỨC",phauthuat_BHYT!$I$8:$I$155),SUMIF(phauthuat_BHYT!$J$8:$J$155,"ĐỨC",phauthuat_BHYT!$K$8:$K$155),SUMIF(phauthuat_BHYT!$L$8:$L$155,"ĐỨC",phauthuat_BHYT!$M$8:$M$155)) -> 2745000
B28: TỔNG CỘNG | E28: =SUM(E7:E27) -> 82462500
D30: Cần Thơ, ngày 16 tháng 12 năm 2025
A31: Người lập bảng | D31: Trưởng khoa
A35: ĐD. Phan Văn Hiếu | D35: ThS.Bs.CKII. Nguyễn Lê Hoan

Sheet Thực lãnh
A1: BV TRƯỜNG ĐHYD CẦN THƠ
A2: KHOA NGOẠI CTCH-TK
A3: DANH SÁCH LÃNH TIỀN THÙ LAO THÁNG 11/2025
A4: (BHYT)
A6: STT | B6: HỌ TÊN | C6: CHỨC VỤ | D6: SỐ TÀI KHOẢN | E6: SỐ TIỀN | F6: SỐ TIỀN | G6: KÝ NHẬN
A7: 1 | B7: Nguyễn Thành Tấn | C7: Bác sĩ | D7: 103006610215 | E7: =SUM(SUMIF(phauthuat_BHYT!$H$8:$H$155,"TẤN",phauthuat_BHYT!$I$8:$I$155),SUMIF(phauthuat_BHYT!$J$8:$J$155,"TẤN",phauthuat_BHYT!$K$8:$K$155),SUMIF(phauthuat_BHYT!$L$8:$L$155,"TẤN",phauthuat_BHYT!$M$8:$M$155)) -> 840000 | F7: =E7 -> 840000
A8: 2 | B8: Nguyễn Lê Hoan | C8: Bác sĩ | D8: 100006610218 | E8: =SUM(SUMIF(phauthuat_BHYT!$H$8:$H$155,"HOAN",phauthuat_BHYT!$I$8:$I$155),SUMIF(phauthuat_BHYT!$J$8:$J$155,"HOAN",phauthuat_BHYT!$K$8:$K$155),SUMIF(phauthuat_BHYT!$L$8:$L$155,"HOAN",phauthuat_BHYT!$M$8:$M$155)) -> 10147500 | F8: =E8+I28 -> 20857500
A9: 3 | B9: Nguyễn Chí Nguyện | C9: Bác sĩ | D9: 105001159195 | E9: =SUM(SUMIF(phauthuat_BHYT!$H$8:$H$155,"NGUYỆN",phauthuat_BHYT!$I$8:$I$155),SUMIF(phauthuat_BHYT!$J$8:$J$155,"NGUYỆN",phauthuat_BHYT!$K$8:$K$155),SUMIF(phauthuat_BHYT!$L$8:$L$155,"NGUYỆN",phauthuat_BHYT!$M$8:$M$155)) -> 9255000 | F9: =E9 -> 9255000
A10: 4 | B10: Hồ Điền | C10: Bác sĩ | D10: 105001225232 | E10: =SUM(SUMIF(phauthuat_BHYT!$H$8:$H$155,"ĐIỀN",phauthuat_BHYT!$I$8:$I$155),SUMIF(phauthuat_BHYT!$J$8:$J$155,"ĐIỀN",phauthuat_BHYT!$K$8:$K$155),SUMIF(phauthuat_BHYT!$L$8:$L$155,"ĐIỀN",phauthuat_BHYT!$M$8:$M$155)) -> 1995000 | F10: =E10+I18 -> 4035000
A11: 5 | B11: Trần Quốc Toản | C11: Bác sĩ | D11: 107868829237 | E11: =SUM(SUMIF(phauthuat_BHYT!$H$8:$H$155,"TOẢN",phauthuat_BHYT!$I$8:$I$155),SUMIF(phauthuat_BHYT!$J$8:$J$155,"TOẢN",phauthuat_BHYT!$K$8:$K$155),SUMIF(phauthuat_BHYT!$L$8:$L$155,"TOẢN",phauthuat_BHYT!$M$8:$M$155)) -> 5625000 | F11: =E11 -> 5625000
A12: 6 | B12: Phạm Việt Tân | C12: Bác sĩ | D12: 104000362303 | F12: ='lanh tien PT_BHYT'!E12 -> 3697500
A13: 7 | B13: Phan Văn Tuấn | C13: Bác sĩ | D13: 105872433048 | F13: ='lanh tien PT_BHYT'!E13 -> 13012500
A14: 8 | B14: Nguyễn Tư Thái Bảo | C14: Bác sĩ | D14: 109871759605 | F14: ='lanh tien PT_BHYT'!E15+I31 -> 7185000
A15: 9 | B15: Trần Nguyễn Anh Duy | C15: Bác sĩ | D15: 109867708726 | F15: ='lanh tien PT_BHYT'!E16+I30 -> 6915000
A16: 10 | B16: Trần Quang Sơn | C16: Bác sĩ | D16: 107004193662 | F16: ='lanh tien PT_BHYT'!E14 -> 4500000
A17: 11 | B17: Nguyễn Giang Tử | C17: Bác sĩ | D17: 109875250610 | F17: ='lanh tien PT_BHYT'!E17 -> 6540000
A18: 12 | B18: Võ Dương Thành Thái | C18: Bác sĩ (nt) | H18: BS.ĐIỀN | I18: =SUM('lanh tien PT_BHYT'!E18:E19) -> 2040000
A19: 13 | B19: Văn Minh Khén | C19: Bác sĩ (nt)
A20: 14 | B20: Nguyễn Đông Khang | C20: Bác sĩ (nt)
A21: 15 | B21: Nguyễn Đình Luật | C21: Bác sĩ (nt)
A22: 16 | B22: Lê Nhỉ Khang | C22: Bác sĩ (nt)
A23: 17 | B23: Phạm Văn Hưởng | C23: Bác sĩ (nt)
A24: 18 | B24: Trần Trung Nghĩa | C24: Bác sĩ (nt)
A25: 19 | B25: Nguyễn Trung Nhị | C25: Bác sĩ (nt)
A26: 20 | B26: Nguyễn Trần Khánh Đan | C26: Bác sĩ (nt)
A27: 21 | B27: Phạm Công Hậu | C27: Bác sĩ (nt)
A28: 22 | B28: Trang Gia Vinh | C28: Bác sĩ (nt) | H28: BS.HOAN | I28: =SUM('lanh tien PT_BHYT'!E20:E25) -> 10710000
A29: 23 | B29: Bùi Quan Tấn | C29: Bác sĩ (nt)
A30: 24 | B30: Tào Nhật Hào | C30: Bác sĩ (nt) | H30: BS.Duy | I30: =SUM('lanh tien PT_BHYT'!E26) -> 3540000
A31: 25 | B31: Huỳnh Phúc Nguyên | C31: Bác sĩ (nt) | H31: Bs.Bảo | I31: ='lanh tien PT_BHYT'!E27 -> 2745000
B32: TỔNG CỘNG | E32: =SUM(E7:E13) -> 27862500 | F32: =SUM(F7:F23) -> 82462500
D34: Cần Thơ, ngày 16 tháng 12 năm 2025
A35: Người lập bảng | D35: Trưởng khoa
A39: Phan Văn Hiếu | D39: ThS.Bs.CKII. Nguyễn Lê Hoan

Sheet Bác sĩ điều trị
A1: BV TRƯỜNG ĐHYD CẦN THƠ
A2: KHOA NGOẠI CTCH-TK
A3: DANH SÁCH LÃNH TIỀN THÙ LAO THÁNG 11/2025
A4: (BÁC SĨ ĐIỀU TRỊ)
A6: STT | B6: HỌ TÊN | C6: chức vụ | D6: SỐ TIỀN | E6: KÝ NHẬN
A7: 1 | B7: Phạm Việt Triều | C7: Bác sĩ | D7: -
A8: 2 | B8: Nguyễn Thành Tấn | C8: Bác sĩ | D8: -
A9: 3 | B9: Nguyễn Lê Hoan | C9: Bác sĩ | D9: =16000000*0.25 -> 4000000
A10: 4 | B10: Trần Quang Sơn | C10: Bác sĩ | D10: -
A11: 5 | B11: Nguyễn Chí Nguyện | C11: Bác sĩ | D11: -
A12: 6 | B12: Bùi Công Minh | C12: Bác sĩ | D12: -
A13: 7 | B13: Hồ Điền | C13: Bác sĩ | D13: =16000000*0.25 -> 4000000
A14: 8 | B14: Phạm Việt Tân | C14: Bác sĩ | D14: -
A15: 9 | B15: Đặng Phước Giàu | C15: Bác sĩ | D15: -
A16: 10 | B16: Trần Quốc Toản | C16: Bác sĩ | D16: -
A17: 11 | B17: Nguyễn Hữu Đạt | C17: Bác sĩ | D17: -
A18: 12 | B18: Nguyễn Giang Tử | C18: Bác sĩ | D18: =16000000*0.25 -> 4000000
A19: 13 | B19: Nguyễn Tư Thái Bảo | C19: Bác sĩ | D19: =16000000*0.125 -> 2000000
A20: 14 | B20: Trần Nguyễn Anh Duy | C20: Bác sĩ | D20: =16000000*0.125 -> 2000000
B21: TỔNG CỘNG | D21: =SUM(D7:D20) -> 16000000
D23: Cần Thơ, ngày 22 tháng 02 năm 2024
A24: Người lập bảng | D24: Trưởng khoa

Sheet lanh tien PT1
A1: BV TRƯỜNG ĐHYD CẦN THƠ
A2: KHOA NGOẠI CTCH-TK
B3: DANH SÁCH LÃNH TIỀN THÙ LAO THÁNG 8/2025
C4: (Phẫu thuật)
A6: STT | B6: HỌ TÊN | C6: chức vụ | D6: SỐ TIỀN | E6: KÝ NHẬN
A7: 1 | B7: Phạm Việt Triều | C7: Bác sĩ | D7: -
A8: 2 | B8: Nguyễn Thành Tấn | C8: Bác sĩ | D8: -
A9: 3 | B9: Lê Dũng | C9: Bác sĩ | D9: -
A10: 4 | B10: Nguyễn Lê Hoan | C10: Bác sĩ | D10: -
A11: 5 | B11: Nguyễn Tâm Từ | C11: Bác sĩ | D11: -
A12: 6 | B12: Hoàng Minh Tú | C12: Bác sĩ | D12: -
A13: 7 | B13: Nguyễn Hữu Thuyết | C13: Bác sĩ | D13: -
A14: 8 | B14: Nguyễn Thanh Huy | C14: Bác sĩ | D14: -
A15: 9 | B15: Trần Mạnh Dũng | C15: Bác sĩ | D15: - | G15: =156835+2786922+430040+555554+167000 -> 4096351
A16: 10 | B16: Trần Quang Sơn | C16: Bác sĩ (nt) | D16: - | G16: =G15*9 -> 36867159
A17: 11 | B17: Lê Thế Hiển | C17: Bác sĩ (nt) | D17: - | G17: =G16/19 -> 1940376.8
A18: 12 | B18: Lê Minh Dương | C18: Bác sĩ (nt) | D18: - | G18: =G17*2 -> 3880753.6
A20: 1 | B20: Phan Văn Hiếu | C20: Điều dưỡng | D20: =G27 -> 5330525.7 | E20: =G18 -> 3880753.6
A21: 2 | B21: Võ Thị Yến Nhi | C21: Điều dưỡng | D21: =D20 -> 5330525.7 | E21: =E20 -> 3880753.6
A22: 3 | B22: Nguyễn Kim Ngân | C22: Điều dưỡng | D22: =D20 -> 5330525.7 | E22: =E20 -> 3880753.6
A23: 4 | B23: Võ Phương Duy | C23: Điều dưỡng | D23: =D20 -> 5330525.7 | E23: =E20 -> 3880753.6
A24: 5 | B24: Lê Ngọc Diệu | C24: Điều dưỡng | D24: =D20 -> 5330525.7 | E24: =E20 -> 3880753.6 | G24: =209616+2690748+457326+1870000+369362 -> 5597052
A25: 6 | B25: Trần Quỳnh Minh Thư | C25: Điều dưỡng | D25: =D20 -> 5330525.7 | E25: =E20 -> 3880753.6 | G25: =G24*10 -> 55970520
A26: 7 | B26: Lê Thị Tuyết Đoan | C26: Điều dưỡng | D26: =D20 -> 5330525.7 | G26: =G25/21 -> 2665262.9
A27: 8 | B27: Thạch Thị Thúy Đa | C27: Điều dưỡng | D27: =D20 -> 5330525.7 | E27: =E20 -> 3880753.6 | G27: =G26*2 -> 5330525.7
A28: 9 | B28: Nguyễn Lê Duy Anh | C28: Điều dưỡng | D28: =D20 -> 5330525.7 | E28: =E20 -> 3880753.6
A29: 10 | B29: Lê Kim Hoàn | C29: Điều dưỡng | D29: =D28 -> 5330525.7 | E29: =E20 -> 3880753.6
A30: 11 | B30: Nguyễn Thị Như Ý | C30: Hộ Lí | D30: =G26+111 -> 2665373.9 | E30: =G17+6 -> 1940382.8 | G30: =3693624/10 -> 369362.4
B31: TỔNG CỘNG | D31: =SUM(D20:D30) -> 55970631 | E31: =SUM(E20:E30) -> 36867165
D34: Cần Thơ, ngày 25 tháng 09 năm 2017
A35: Người lập bảng | D35: Trưởng khoa

Sheet thu thuat
B1: BV TRƯỜNG ĐHYD CẦN THƠ
B2: KHOA NGOẠI CTCH-TK
B3: BẢNG KÊ TIỀN TIỂU THỦ THUẬT
B4: (THÁNG 11/2025)
B5: STT | C5: NGÀY | D5: TÊN BỆNH NHÂN | E5: TUỔI | F5: PHƯƠNG PHÁP THỦ THUẬT | G5: SỐ LẦN | H5: TỔNG THU | I5: THỰC LÃNH
B7: 1 | C7: 01/11/2025 | D7: NGUYỄN XUÂN VIỆT | E7: 43 Tuổi | F7: Truyền tĩnh mạch | G7: 2 | H7: 200000 | I7: =H7*25%*75% -> 37500
B8: 2 | C8: 01/11/2025 | D8: HUỲNH HOÀNG ANH | E8: 17 Tuổi | F8: Bó bột ống trong gãy xương bánh chè | G8: 1 | H8: 600000 | I8: =H8*25%*75% -> 112500
B9: 3 | C9: 01/11/2025 | D9: NGUYỄN XUÂN VIỆT | E9: 43 Tuổi | F9: Nẹp bột các loại, không nắn (loại 1) | G9: 2 | H9: 400000 | I9: =H9*25%*75% -> 75000
B10: 4 | C10: 01/11/2025 | D10: HUỲNH HOÀNG ANH | E10: 17 Tuổi | F10: Truyền tĩnh mạch | G10: 1 | H10: 100000 | I10: =H10*25%*75% -> 18750
B11: 5 | C11: 01/11/2025 | D11: NGUYỄN XUÂN VIỆT | E11: 43 Tuổi | F11: Nắn, bó bột gãy xương gót | G11: 1 | H11: 400000 | I11: =H11*25%*75% -> 75000
B12: 6 | C12: 01/11/2025 | D12: NGUYỄN XUÂN VIỆT | E12: 43 Tuổi | F12: Truyền tĩnh mạch | G12: 1 | H12: 100000 | I12: =H12*25%*75% -> 18750
B13: 7 | C13: 02/11/2025 | D13: NGUYỄN VĂN ĐÚNG | E13: 23 Tuổi | F13: Nắn, bó bột gãy xương bàn, ngón tay [bột liền] | G13: 1 | H13: 400000 | I13: =H13*25%*75% -> 75000
B14: 8 | C14: 02/11/2025 | D14: TRƯƠNG TRUNG TRỰC | E14: 83 Tuổi | F14: Nắn, bó bột gãy một xương cẳng tay [bột liền] | G14: 1 | H14: 372700 | I14: =H14*25%*75% -> 69881.25
B15: 9 | C15: 02/11/2025 | D15: TRƯƠNG LÊ HÙNG | E15: 53 Tuổi | F15: Nắn, bó bột gãy một xương cẳng tay [bột liền] | G15: 1 | H15: 372700 | I15: =H15*25%*75% -> 69881.25
B16: 10 | C16: 02/11/2025 | D16: PHẠM THIỆN NHÂN | E16: 13 Tuổi | F16: Nắn, bó bột gãy một xương cẳng tay [bột liền] | G16: 1 | H16: 372700 | I16: =H16*25%*75% -> 69881.25
B17: 11 | C17: 03/11/2025 | D17: NGUYỄN HỒNG HIẾU | E17: 27 Tuổi | F17: Thay băng, cắt chỉ vết mổ | G17: 1 | H17: 100000 | I17: =H17*25%*75% -> 18750
B18: 12 | C18: 03/11/2025 | D18: PHAN THÚY CHIỀU | E18: 37 Tuổi | F18: Truyền tĩnh mạch | G18: 6 | H18: 600000 | I18: =H18*25%*75% -> 112500
... B443: 437 | C443: 30/11/2025 | D443: NGUYỄN NGỌC HUỲNH | E443: 20 Tuổi | F443: Nắn, bó bột trật khớp cổ chân [bột liền] | G443: 1 | H443: 282000 | I443: =H443*25%*75% -> 52875
B444: 438 | C444: 03/11/2025 | D444: LÝ SỂN | E444: 68 Tuổi | F444: Xét nghiệm đường máu mao mạch tại giường (một lần) | G444: 2 | H444: 32000 | I444: =H444*21.25% -> 6800
B445: 439 | C445: 03/11/2025 | D445: VÕ THỊ QUYẾN | E445: 65 Tuổi | F445: Xét nghiệm đường máu mao mạch tại giường (một lần) | G445: 8 | H445: 280000 | I445: =H445*21.25% -> 59500
B446: 440 | C446: 03/11/2025 | D446: PHAN THỊ HỒNG KHOA | E446: 41 Tuổi | F446: Xét nghiệm đường máu mao mạch tại giường (một lần) | G446: 2 | H446: 70000 | I446: =H446*21.25% -> 14875
B447: 441 | C447: 03/11/2025 | D447: PHAN THỊ HỒNG KHOA | E447: 41 Tuổi | F447: Xét nghiệm đường máu mao mạch tại giường (một lần) | G447: 4 | H447: 140000 | I447: =H447*21.25% -> 29750
B448: 442 | C448: 03/11/2025 | D448: VÕ THỊ QUYẾN | E448: 65 Tuổi | F448: Xét nghiệm đường máu mao mạch tại giường (một lần) | G448: 5 | H448: 175000 | I448: =H448*21.25% -> 37187.5
B449: 443 | C449: 03/11/2025 | D449: LÝ SỂN | E449: 68 Tuổi | F449: Xét nghiệm đường máu mao mạch tại giường (một lần) | G449: 3 | H449: 48000 | I449: =H449*21.25% -> 10200
B450: 444 | C450: 03/11/2025 | D450: LÝ SỂN | E450: 68 Tuổi | F450: Xét nghiệm đường máu mao mạch tại giường (một lần) | G450: 2 | H450: 32000 | I450: =H450*21.25% -> 6800
B451: 445 | C451: 03/11/2025 | D451: VÕ THỊ QUYẾN | E451: 65 Tuổi | F451: Xét nghiệm đường máu mao mạch tại giường (một lần) | G451: 7 | H451: 245000 | I451: =H451*21.25% -> 52062.5
B452: 446 | C452: 03/11/2025 | D452: VÕ THỊ QUYẾN | E452: 65 Tuổi | F452: Xét nghiệm đường máu mao mạch tại giường (một lần) | G452: 10 | H452: 350000 | I452: =H452*21.25% -> 74375
B453: 447 | C453: 03/11/2025 | D453: PHAN THỊ HỒNG KHOA | E453: 41 Tuổi | F453: Xét nghiệm đường máu mao mạch tại giường (một lần) | G453: 3 | H453: 105000 | I453: =H453*21.25% -> 22312.5
B454: 448 | C454: 03/11/2025 | D454: VÕ THỊ QUYẾN | E454: 65 Tuổi | F454: Xét nghiệm đường máu mao mạch tại giường (một lần) | G454: 1 | H454: 35000 | I454: =H454*21.25% -> 7437.5
B455: 449 | C455: 03/11/2025 | D455: VÕ THỊ QUYẾN | E455: 65 Tuổi | F455: Xét nghiệm đường máu mao mạch tại giường (một lần) | G455: 3 | H455: 105000 | I455: =H455*21.25% -> 22312.5
... B638: 632 | C638: 29/11/2025 | D638: LÊ MINH NHỰT | E638: 41 Tuổi | F638: Xét nghiệm đường máu mao mạch tại giường (một lần) | G638: 1 | H638: 35000 | I638: =H638*21.25% -> 7437.5
B639: 633 | C639: 28/11/2025 | D639: THẠCH THỊ PHÁT | E639: 70 Tuổi | F639: Nắn, bó bột trật khớp vai [bột liền] | G639: 1 | H639: 342000 | I639: =H639*25%*75% -> 64125
D640: Tổng Cộng | G640: =SUBTOTAL(9,G7:G639) -> 1673 | H640: =SUBTOTAL(9,H7:H639) -> 141689600 | I640: =SUBTOTAL(9,I7:I639) -> 26907475
F641: Cần Thơ, ngày 16 tháng 12 năm 2025
B642: Lập bảng | F642: Trưởng Khoa
B646: ĐD. Phan Văn Hiếu | F646: ThS. Bs.CKII. Nguyễn Lê Hoan

Sheet lanh tien thu thuat
A1: BV TRƯỜNG ĐHYD CẦN THƠ
A2: KHOA NGOẠI CTCH-TK
B3: DANH SÁCH LÃNH TIỀN THÙ LAO THÁNG 11/2025
C4: (thủ thuật)
A6: STT | B6: HỌ TÊN | C6: chức vụ | D6: SỐ TIỀN | E6: KÝ NHẬN
A7: 1 | B7: Phan Văn Hiếu | C7: Điều dưỡng | D7: ='thu thuat'!I640/10 -> 2690747.5 | F7: 19.5
A8: 2 | B8: Võ Thị Yến Nhi | C8: Điều dưỡng | D8: =D7 -> 2690747.5 | F8: 19.5
A9: 3 | B9: Võ Phương Duy | C9: Điều dưỡng | D9: =D8 -> 2690747.5
A10: 4 | B10: Nguyễn Kim Ngân | C10: Điều dưỡng | D10: =D9 -> 2690747.5
A11: 5 | B11: Lê Ngọc Diệu | C11: Điều dưỡng | D11: =D10 -> 2690747.5
A12: 6 | B12: Trần Quỳnh Minh Thư | C12: Điều dưỡng | D12: =D11 -> 2690747.5
A13: 7 | B13: Lê Thị Tuyết Đoan | C13: Điều dưỡng | D13: =D12 -> 2690747.5
A14: 8 | B14: Thạch Thị Thúy Đa | C14: Điều dưỡng | D14: =D12 -> 2690747.5
A15: 9 | B15: Lê Kim Hoàn | C15: Điều dưỡng | D15: =D14 -> 2690747.5
A16: 10 | B16: Nguyễn Lê Duy Anh | C16: Điều dưỡng | D16: =D15 -> 2690747.5
B17: TỔNG CỘNG | D17: =SUM(D7:D16) -> 26907475 | F17: =SUM(F7:F8) -> 39
D19: Cần Thơ, ngày 24 tháng 9 năm 2025
A20: Người lập bảng | D20: Trưởng khoa

Sheet tieuphau
A1: BV TRƯỜNG ĐHYD CẦN THƠ
A2: KHOA NGOẠI CTCH - TK
A3: BẢNG KÊ TIỀN TIỂU PHẪU
A4: THÁNG 11 NĂM 2025
A6: STT | B6: Ngày | C6: Họ Tên BN | D6: Tuổi | E6: Phương pháp PT | F6: Giá Tiền | G6: Bác Sĩ | H6: Số Tiền | I6: Điều Dưỡng | J6: Số Tiền | K6: Thực Lãnh
A7: 1 | B7: 03/11/2025 | C7: NGUYỄN HOÀNG DŨNG | D7: 67 Tuổi | E7: Hút ổ viêm/áp xe phần mềm | F7: 126700 | G7: V.TÂN | H7: =K7-J7 -> 17421.25 | I7: ĐD | J7: =F7*0.05 -> 6335 | K7: =IF(G7="NGUYỆN",F7*25%*75%,IF(G7="TOẢN",F7*25%*75%,IF(G7="V.TÂN",F7*25%*75%,IF(G7="TUẤN",F7*25%*75%,F7*0.25)))) -> 23756.25
A8: 2 | B8: 03/11/2025 | C8: ĐÀM VĂN QUANG | D8: 25 Tuổi | E8: Mắt cá 1-2 thương tổn | F8: 500000 | G8: SƠN | H8: =K8-J8 -> 100000 | I8: ĐD | J8: =F8*0.05 -> 25000 | K8: =IF(G8="NGUYỆN",F8*25%*75%,IF(G8="TOẢN",F8*25%*75%,IF(G8="V.TÂN",F8*25%*75%,IF(G8="TUẤN",F8*25%*75%,F8*0.25)))) -> 125000
A9: 3 | B9: 03/11/2025 | C9: LÊ THÚY HỒNG | D9: 48 Tuổi | E9: Tiêm gân Dequervein | F9: 300000 | G9: V.TÂN | H9: =K9-J9 -> 41250 | I9: ĐD | J9: =F9*0.05 -> 15000 | K9: =IF(G9="NGUYỆN",F9*25%*75%,IF(G9="TOẢN",F9*25%*75%,IF(G9="V.TÂN",F9*25%*75%,IF(G9="TUẤN",F9*25%*75%,F9*0.25)))) -> 56250
A10: 4 | B10: 03/11/2025 | C10: THỊ DUNG | D10: 61 Tuổi | E10: Tiêm khớp gối | F10: 384000 | G10: SƠN | H10: =K10-J10 -> 76800 | I10: ĐD | J10: =F10*0.05 -> 19200 | K10: =IF(G10="NGUYỆN",F10*25%*75%,IF(G10="TOẢN",F10*25%*75%,IF(G10="V.TÂN",F10*25%*75%,IF(G10="TUẤN",F10*25%*75%,F10*0.25)))) -> 96000
A11: 5 | B11: 04/11/2025 | C11: LIÊU THỊ HOA | D11: 54 Tuổi | E11: Phẫu thuật điều trị ngón tay cò súng (1 ngón) | F11: 1000000 | G11: NGUYỆN | H11: =K11-J11 -> 137500 | I11: ĐD | J11: =F11*0.05 -> 50000 | K11: =IF(G11="NGUYỆN",F11*25%*75%,IF(G11="TOẢN",F11*25%*75%,IF(G11="V.TÂN",F11*25%*75%,IF(G11="TUẤN",F11*25%*75%,F11*0.25)))) -> 187500
A12: 6 | B12: 05/11/2025 | C12: TRỊNH THỊ NGUYỆT HỒNG | D12: 65 Tuổi | E12: Hút ổ viêm/áp xe phần mềm | F12: 418000 | G12: V.TÂN | H12: =K12-J12 -> 57475 | I12: ĐD | J12: =F12*0.05 -> 20900 | K12: =IF(G12="NGUYỆN",F12*25%*75%,IF(G12="TOẢN",F12*25%*75%,IF(G12="V.TÂN",F12*25%*75%,IF(G12="TUẤN",F12*25%*75%,F12*0.25)))) -> 78375
A13: 7 | B13: 05/11/2025 | C13: NGUYỄN THỊ KIM OANH | D13: 65 Tuổi | E13: Hút ổ viêm/áp xe phần mềm | F13: 126700 | G13: V.TÂN | H13: =K13-J13 -> 17421.25 | I13: ĐD | J13: =F13*0.05 -> 6335 | K13: =IF(G13="NGUYỆN",F13*25%*75%,IF(G13="TOẢN",F13*25%*75%,IF(G13="V.TÂN",F13*25%*75%,IF(G13="TUẤN",F13*25%*75%,F13*0.25)))) -> 23756.25
A14: 8 | B14: 05/11/2025 | C14: HUỲNH THỊ THANH HƯƠNG | D14: 41 Tuổi | E14: Hút dịch khớp gối | F14: 129600 | G14: TÚ | H14: =K14-J14 -> 25920 | I14: ĐD | J14: =F14*0.05 -> 6480 | K14: =IF(G14="NGUYỆN",F14*25%*75%,IF(G14="TOẢN",F14*25%*75%,IF(G14="V.TÂN",F14*25%*75%,IF(G14="TUẤN",F14*25%*75%,F14*0.25)))) -> 32400
A15: 9 | B15: 05/11/2025 | C15: NGUYỄN THỊ HỒNG NGA | D15: 56 Tuổi | E15: Tiêm gân Dequervein | F15: 300000 | G15: TÚ | H15: =K15-J15 -> 60000 | I15: ĐD | J15: =F15*0.05 -> 15000 | K15: =IF(G15="NGUYỆN",F15*25%*75%,IF(G15="TOẢN",F15*25%*75%,IF(G15="V.TÂN",F15*25%*75%,IF(G15="TUẤN",F15*25%*75%,F15*0.25)))) -> 75000
A16: 10 | B16: 05/11/2025 | C16: ĐÀO MỘNG NGHI | D16: 43 Tuổi | E16: Hút dịch khớp gối | F16: 129600 | G16: V.TÂN | H16: =K16-J16 -> 17820 | I16: ĐD | J16: =F16*0.05 -> 6480 | K16: =IF(G16="NGUYỆN",F16*25%*75%,IF(G16="TOẢN",F16*25%*75%,IF(G16="V.TÂN",F16*25%*75%,IF(G16="TUẤN",F16*25%*75%,F16*0.25)))) -> 24300
A17: 11 | B17: 05/11/2025 | C17: TRẦN THỊ SINH | D17: 57 Tuổi | E17: Phẫu thuật điều trị ngón tay cò súng (1 ngón) | F17: 1000000 | G17: TÚ | H17: =K17-J17 -> 200000 | I17: ĐD | J17: =F17*0.05 -> 50000 | K17: =IF(G17="NGUYỆN",F17*25%*75%,IF(G17="TOẢN",F17*25%*75%,IF(G17="V.TÂN",F17*25%*75%,IF(G17="TUẤN",F17*25%*75%,F17*0.25)))) -> 250000
A18: 12 | B18: 05/11/2025 | C18: LÊ THỊ ĐÀO | D18: 54 Tuổi | E18: Phẫu thuật điều trị ngón tay cò súng (1 ngón) | F18: 1000000 | G18: TÚ | H18: =K18-J18 -> 200000 | I18: ĐD | J18: =F18*0.05 -> 50000 | K18: =IF(G18="NGUYỆN",F18*25%*75%,IF(G18="TOẢN",F18*25%*75%,IF(G18="V.TÂN",F18*25%*75%,IF(G18="TUẤN",F18*25%*75%,F18*0.25)))) -> 250000
... A110: 104 | B110: 29/11/2025 | C110: ĐẶNG THỊ HIỀN | D110: 59 Tuổi | E110: Cắt u lành phần mềm đường kính dưới 10 cm | F110: 2140700 | G110: DUY | H110: =K110-J110 -> 428140 | I110: ĐD | J110: =F110*0.05 -> 107035 | K110: =IF(G110="NGUYỆN",F110*25%*75%,IF(G110="TOẢN",F110*25%*75%,IF(G110="V.TÂN",F110*25%*75%,IF(G110="TUẤN",F110*25%*75%,F110*0.25)))) -> 535175
C111: Tổng Cộng | F111: =SUBTOTAL(9,F7:F110) -> 91465200 | H111: =SUBTOTAL(9,H7:H110) -> 16164771 | J111: =SUBTOTAL(9,J7:J110) -> 4573260 | K111: =SUBTOTAL(9,K7:K110) -> 20738031
G112: Cần Thơ, Ngày 16 tháng 12 năm 2025
A113: Lập bảng | H113: Trưởng khoa
A117: Phan Văn Hiếu | H117: Ths.Bs.CKII. Nguyễn Lê Hoan

Sheet lanh tien tphau
A1: BV TRƯỜNG ĐHYD CẦN THƠ
A2: KHOA NGOẠI CTCH - TK
A3: DANH SÁCH LÃNH TIỀN THÙ LAO THÁNG 11/2025
A4: (Tiểu phẫu)
A6: stt | B6: Họ và tên | C6: Chức vụ | D6: Số tiền | E6: Ký nhận
A7: 1 | B7: Nguyễn Lê Hoan | C7: Bác sĩ | D7: =SUM(SUMIF(tieuphau!$G$7:$G$120,"HOAN",tieuphau!$H$7:$H$120),SUMIF(tieuphau!$I$7:$I$119,"HOAN",tieuphau!$J$7:$J$119)) -> 2062480
A8: 2 | B8: Hoàng Minh Tú | C8: Bác sĩ | D8: =SUM(SUMIF(tieuphau!$G$7:$G$120,"TÚ",tieuphau!$H$7:$H$120),SUMIF(tieuphau!$I$7:$I$119,"TÚ",tieuphau!$J$7:$J$119)) -> 3674560
A9: 3 | B9: Nguyễn Chí Nguyện | C9: Bác sĩ | D9: =SUM(SUMIF(tieuphau!$G$7:$G$120,"NGUYỆN",tieuphau!$H$7:$H$120),SUMIF(tieuphau!$I$7:$I$119,"NGUYỆN",tieuphau!$J$7:$J$119)) -> 1227696.2
A10: 4 | B10: Phạm Việt Tân | C10: Bác sĩ | D10: =SUM(SUMIF(tieuphau!$G$7:$G$120,"v.tân",tieuphau!$H$7:$H$120),SUMIF(tieuphau!$I$7:$I$119,"v.tân",tieuphau!$J$7:$J$119)) -> 1210756.2
A11: 5 | B11: Trần Quốc Toản | C11: Bác sĩ | D11: =SUM(SUMIF(tieuphau!$G$7:$G$120,"TOẢN",tieuphau!$H$7:$H$120),SUMIF(tieuphau!$I$7:$I$119,"TOẢN",tieuphau!$J$7:$J$119)) -> 550000
A12: 6 | B12: Hồ Điền | C12: Bác sĩ | D12: =SUM(SUMIF(tieuphau!$G$7:$G$120,"Điền",tieuphau!$H$7:$H$120),SUMIF(tieuphau!$I$7:$I$119,"điền",tieuphau!$J$7:$J$119)) -> 1300000
A13: 7 | B13: Trần Quang Sơn | C13: Bác sĩ | D13: =SUM(SUMIF(tieuphau!$G$7:$G$120,"sơn",tieuphau!$H$7:$H$120),SUMIF(tieuphau!$I$7:$I$119,"sơn",tieuphau!$J$7:$J$119)) -> 1907000
A14: 8 | B14: Nguyễn Tư Thái Bảo | C14: Bác sĩ | D14: =SUM(SUMIF(tieuphau!$G$7:$G$120,"BẢO",tieuphau!$H$7:$H$120),SUMIF(tieuphau!$I$7:$I$119,"BẢO",tieuphau!$J$7:$J$119)) -> 1890400
A15: 9 | B15: Trần Nguyễn Anh Duy | C15: Bác sĩ | D15: =SUM(SUMIF(tieuphau!$G$7:$G$120,"DUY",tieuphau!$H$7:$H$120),SUMIF(tieuphau!$I$7:$I$119,"DUY",tieuphau!$J$7:$J$119)) -> 648140
A16: 10 | B16: Phan Văn Tuấn | C16: Bác sĩ | D16: =SUM(SUMIF(tieuphau!$G$7:$G$120,"TUẤN",tieuphau!$H$7:$H$120),SUMIF(tieuphau!$I$7:$I$119,"TUẤN",tieuphau!$J$7:$J$119)) -> 1693738.8
A17: 11 | B17: Phan Văn Hiếu | C17: Điều dưỡng | D17: =tieuphau!J111/10 -> 457326
A18: 12 | B18: Võ Thị Yến Nhi | C18: Điều dưỡng | D18: =D17 -> 457326
A19: 13 | B19: Võ Phương Duy | C19: Điều dưỡng | D19: =D18 -> 457326
A20: 14 | B20: Lê Ngọc Diệu | C20: Điều dưỡng | D20: =D19 -> 457326
A21: 15 | B21: Nguyễn Kim Ngân | C21: Điều dưỡng | D21: =D20 -> 457326
A22: 16 | B22: Trần Quỳnh Minh Thư | C22: Điều dưỡng | D22: =D21 -> 457326
A23: 17 | B23: Lê Thị Tuyết Đoan | C23: Điều dưỡng | D23: =D22 -> 457326
A24: 18 | B24: Thạch Thị Thúy Đa | C24: Điều dưỡng | D24: =D22 -> 457326
A25: 19 | B25: Lê Kim Hoàn | C25: Điều dưỡng | D25: =D24 -> 457326
A26: 20 | B26: Nguyễn Lê Duy Anh | C26: Điều dưỡng | D26: =D24 -> 457326
B27: TỔNG CỘNG | D27: =SUM(D7:D26) -> 20738031
D29: Cần Thơ, ngày 16 tháng 12 năm 2025
A30: Người lập bảng | D30: Trưởng khoa

Sheet TIỀN GIƯỜNG
A1: BV TRƯỜNG ĐHYD CẦN THƠ
A2: KHOA NGOẠI CTCH-TK
A3: DANH SÁCH LÃNH TIỀN THÙ LAO THÁNG 11/2025
C4: (Tiền giường)
A6: STT | B6: HỌ TÊN | C6: Chức Danh | D6: SỐ TIỀN | E6: KÝ NHẬN
A7: 1 | B7: Phan Văn Hiếu | C7: Điều dưỡng | D7: =18700000/10 -> 1870000 | E7: =F7/19.5 -> 1 | F7: 19.5
A8: 2 | B8: Võ Thị Yến Nhi | C8: Điều dưỡng | D8: =18700000/10 -> 1870000 | E8: =F8/19.5 -> 1 | F8: 19.5
A9: 3 | B9: Nguyễn Kim Ngân | C9: Điều dưỡng | D9: =18700000/10 -> 1870000
A10: 4 | B10: Thạch Thị Thúy Đa | C10: Điều dưỡng | D10: =18700000/10 -> 1870000
A11: 5 | B11: Võ Phương Duy | C11: Điều dưỡng | D11: =18700000/10 -> 1870000
A12: 6 | B12: Lê Ngọc Diệu | C12: Điều dưỡng | D12: =18700000/10 -> 1870000
A13: 7 | B13: Trần Quỳnh Minh Thư | C13: Điều dưỡng | D13: =18700000/10 -> 1870000
A14: 8 | B14: Lê Kim Hoàn | C14: Điều dưỡng | D14: =18700000/10 -> 1870000
A15: 9 | B15: Nguyễn Lê Duy Anh | C15: Điều dưỡng | D15: =18700000/10 -> 1870000
A16: 10 | B16: Lê Thị Tuyết Đoan | C16: Điều dưỡng | D16: =18700000/10 -> 1870000
B17: TỔNG CỘNG | D17: =SUM(D7:D16) -> 18700000
D20: Cần Thơ, ngày 13 tháng 09 năm 2024
B21: Người lập bảng | D21: Trưởng khoa

Sheet PT YÊU CẦU
A1: BV TRƯỜNG ĐHYD CẦN THƠ
A2: KHOA NGOẠI CTCH-TK
A3: DANH SÁCH LÃNH TIỀN PHẪU THUẬT THEO YÊU CẦU THÁNG 11/2025
A5: STT | B5: NGÀY | C5: HỌ TÊN BỆNH | D5: NĂM SINH | E5: TÊN CLS | F5: BÁC SĨ PT | G5: SỐ TIỀN | H5: THÙ LAO
A6: 1 | B6: 19/11/2025 | C6: HÀ QUỐC BẢO | D6: 23 Tuổi | E6: Chọn bác sĩ phẫu thuật theo yêu cầu | F6: NGUYỆN | G6: 1000000 | H6: =G6*0.9 -> 900000
A7: 2 | B7: 12/11/2025 | C7: LÊ TRƯỜNG CHINH | D7: 37 Tuổi | E7: Chọn bác sĩ phẫu thuật theo yêu cầu | F7: HOAN | G7: 1000000 | H7: =G7*0.9 -> 900000
A8: 3 | B8: 28/11/2025 | C8: NGUYỄN THỊ NỮ | D8: 54 Tuổi | E8: Chọn bác sĩ phẫu thuật theo yêu cầu | F8: HOAN | G8: 1000000 | H8: =G8*0.9 -> 900000
A9: TỔNG CỘNG | G9: =SUM(G6:G8) -> 3000000 | H9: =SUM(H6:H8) -> 2700000
F10: Cần Thơ, ngày 25 tháng 11 năm 2025
A11: Người lập bảng | F11: Trưởng khoa
A16: ĐD.Phan Văn Hiếu | F16: Ths.Bs.CKII. Nguyễn Lê Hoan

Sheet Lãnh tiền PTYC
A1: BV TRƯỜNG ĐHYD CẦN THƠ
A2: KHOA NGOẠI CTCH-TK
A3: DANH SÁCH LÃNH TIỀN THÙ LAO THÁNG 11/2025
A4: (BHYT)
A6: STT | B6: HỌ TÊN | C6: CHỨC VỤ | D6: SỐ TÀI KHOẢN | E6: SỐ TIỀN
A7: 1 | B7: Nguyễn Thành Tấn | C7: Bác sĩ | D7: 103006610215 | E7: -
A8: 2 | B8: Nguyễn Lê Hoan | C8: Bác sĩ | D8: 105001159195 | E8: 1800000
A9: 3 | B9: Hồ Điền | C9: Bác sĩ | D9: 105001225232 | E9: 0
A10: 2.8333333 | B10: Trần Quốc Toản | C10: Bác sĩ | D10: 107868829237 | E10: -
A11: 3 | B11: Nguyễn Chí Nguyện | C11: Bác sĩ | D11: 105867664283 | E11: 900000
A12: 4 | B12: Phạm Việt Tân | C12: Bác sĩ | D12: 104000362303 | E12: -
A13: 5 | B13: Đặng Phước Giàu | C13: Bác sĩ | D13: 103006610215 | E13: 0
B14: TỔNG CỘNG | E14: =SUM(E7:E13) -> 2700000
D16: Cần Thơ, ngày 25 tháng 11 năm 2025
A17: Người lập bảng | D17: Trưởng khoa
A21: ĐD. Phan Văn Hiếu | D21: ThS.Bs.CKII. Nguyễn Lê Hoan

Sheet TONG LANH
A1: BV TRƯỜNG ĐHYD CẦN THƠ
A2: KHOA NGOẠI CTCH-TK
A3: DANH SÁCH LÃNH TIỀN THÙ LAO THÁNG 11/2025
A4: (Dịch Vụ)
A6: STT | B6: HỌ TÊN | C6: CHỨC VỤ | D6: SỐ TÀI KHOẢN | E6: SỐ TIỀN | F6: THUẾ 10% | G6: THỰC LÃNH | H6: KÝ NHẬN
A7: 1 | B7: Nguyễn Thành Tấn | C7: Bác sĩ | D7: 103006610215 | E7: ='lanh tien PT'!D7 -> 555266.25 | F7: =E7-G7 -> 55526.625 | G7: =E7*0.9 -> 499739.62
A8: 2 | B8: Nguyễn Lê Hoan | C8: Bác sĩ | D8: 100006610218 | E8: ='lanh tien tphau'!D7+'lanh tien PT'!D8+'Bác sĩ điều trị'!D9+'Lãnh tiền PTYC'!E8 -> 16376086 | F8: =E8-G8 -> 1637608.7 | G8: =E8*0.9 -> 14738478
A9: 3 | B9: Hoàng Minh Tú | C9: Bác sĩ | D9: 100006610162 | E9: ='lanh tien tphau'!D8 -> 3674560 | F9: =E9-G9 -> 367456 | G9: =E9*0.9 -> 3307104
A10: 4 | B10: Nguyễn Chí Nguyện | C10: Bác sĩ | D10: 105001159195 | E10: ='lanh tien tphau'!D9+'lanh tien PT'!D9+'Lãnh tiền PTYC'!E11 -> 8740254.2 | F10: =E10-G10 -> 0 | G10: =E10 -> 8740254.2
A11: 5 | B11: Hồ Điền | C11: Bác sĩ | D11: 105001225232 | E11: ='lanh tien PT'!D10+'Bác sĩ điều trị'!D13 -> 8790892 | F11: =E11-G11 -> 879089.2 | G11: =E11*0.9 -> 7911802.8
A12: 6 | B12: Trần Quốc Toản | C12: Bác sĩ | D12: 107868829237 | E12: ='lanh tien tphau'!D11+'lanh tien PT'!D11 -> 3641240.5 | F12: =E12-G12 -> 0 | G12: =E12 -> 3641240.5
A13: 7 | B13: Phạm Việt Tân | C13: Bác sĩ | D13: 104000362303 | E13: ='lanh tien tphau'!D10+'lanh tien PT'!D12 -> 3611019 | F13: =E13-G13 -> 0 | G13: =E13 -> 3611019
A14: 8 | B14: Phan Văn Tuấn | C14: Bác sĩ | D14: 105872433048 | E14: ='lanh tien PT'!D13 -> 6866610.2 | F14: =E14-G14 -> 0 | G14: =E14 -> 6866610.2
A15: 9 | B15: Trần Quang Sơn | C15: Bác sĩ | D15: 107004193662 | E15: ='lanh tien PT'!D16+'lanh tien tphau'!D13 -> 7618389 | F15: =E15-G15 -> 761838.9 | G15: =E15*0.9 -> 6856550.1
A16: 10 | B16: Nguyễn Tư Thái Bảo | C16: Bác sĩ | D16: 109871759605 | E16: ='Bác sĩ điều trị'!D19 -> 2000000 | F16: =E16-G16 -> 200000 | G16: =E16*0.9 -> 1800000
A17: 11 | B17: Trần Nguyễn Anh Duy | C17: Bác sĩ | D17: 109867708726 | E17: ='Bác sĩ điều trị'!D20 -> 2000000 | F17: =E17-G17 -> 200000 | G17: =E17*0.9 -> 1800000
A18: 12 | B18: Nguyễn Giang Tử | C18: Bác sĩ | D18: 109875250610 | E18: ='lanh tien PT'!D17 -> 2400965.5 | F18: =E18-G18 -> 0 | G18: =E18 -> 2400965.5
A19: 15 | B19: Võ Long Ẩn | C19: Bác sĩ (nt) | D19: 102883571393 | E19: ='lanh tien PT'!D18 -> 1037686 | F19: =E19-G19 -> 0 | G19: =E19 -> 1037686
A20: 16 | B20: Nguyễn Xuân Bình | C20: Bác sĩ (nt) | D20: 102869161271 | E20: ='lanh tien PT'!D19 -> 707162 | F20: =E20-G20 -> 0 | G20: =E20 -> 707162
A21: 17 | B21: Phan Doãn Đại Dương | C21: Bác sĩ (nt) | D21: 106883542216 | E21: ='lanh tien PT'!D20 -> 711236 | F21: =E21-G21 -> 0 | G21: =E21 -> 711236
A22: 18 | B22: Lê Quốc Khánh | C22: Bác sĩ (nt) | D22: 103870057143 | E22: ='lanh tien PT'!D21 -> 591749 | F22: =E22-G22 -> 0 | G22: =E22 -> 591749
A23: 19 | B23: Lê Cường Thạnh | C23: Bác sĩ (nt) | D23: 106883557907 | E23: ='lanh tien PT'!D22 -> 1054169 | F23: =E23-G23 -> 0 | G23: =E23 -> 1054169
A24: 20 | B24: Nguyễn Văn Nghiêm | C24: Bác sĩ (nt) | D24: 108883113558 | E24: ='lanh tien PT'!D23 -> 1093514 | F24: =E24-G24 -> 0 | G24: =E24 -> 1093514
A25: 21 | B25: Đỗ Thành Công | C25: Bác sĩ (nt) | D25: 109881609351 | E25: ='lanh tien PT'!D24 -> 1483944 | F25: =E25-G25 -> 0 | G25: =E25 -> 1483944
A26: 22 | B26: Võ Ngọc Thiện | C26: Bác sĩ (nt) | D26: 102885267089 | E26: ='lanh tien PT'!D25 -> 2265346 | F26: =E26-G26 -> 0 | G26: =E26 -> 2265346
A27: 23 | B27: Nguyễn Hoài Linh | C27: Bác sĩ (nt) | E27: ='lanh tien PT'!D26+'lanh tien PT_BHYT'!E26 -> 5602681 | F27: =E27-G27 -> 0 | G27: =E27 -> 5602681
A28: 24 | B28: Nguyễn Hoài Đức | C28: Bác sĩ (nt) | D28: 101883256042 | E28: ='lanh tien PT'!D27 -> 1375488 | F28: =E28-G28 -> 0 | G28: =E28 -> 1375488
A29: 25 | B29: Phan Văn Hiếu | C29: Điều dưỡng | D29: 106006773860 | E29: ='lanh tien PT1'!D20 -> 5330525.7 | F29: - | G29: =E29 -> 5330525.7
A30: 26 | B30: Võ Thị Yến Nhi | C30: Điều dưỡng | D30: 105866700129 | E30: ='lanh tien PT1'!D21 -> 5330525.7 | F30: - | G30: =E30 -> 5330525.7
A31: 27 | B31: Võ Phương Duy | C31: Điều dưỡng | D31: 108869864215 | E31: ='lanh tien PT1'!D23 -> 5330525.7 | F31: - | G31: =E31 -> 5330525.7
A32: 28 | B32: Lê Ngọc Diệu | C32: Điều dưỡng | D32: 106002699376 | E32: ='lanh tien PT1'!D24+'Bác sĩ điều trị'!D18 -> 9330525.7 | F32: - | G32: =E32 -> 9330525.7
A33: 29 | B33: Nguyễn Kim Ngân | C33: Điều dưỡng | D33: 104869864258 | E33: ='lanh tien PT1'!D22 -> 5330525.7 | F33: - | G33: =E33 -> 5330525.7
A34: 30 | B34: Trần Quỳnh Minh Thư | C34: Điều dưỡng | D34: 102877256973 | E34: ='lanh tien PT1'!D25 -> 5330525.7 | F34: - | G34: =E34 -> 5330525.7
A35: 31 | B35: Thạch Thị Thúy Đa | C35: Điều dưỡng | D35: 109869939394 | E35: ='lanh tien PT1'!D27 -> 5330525.7 | F35: - | G35: =E35 -> 5330525.7
A36: 32 | B36: Nguyễn Lê Duy Anh | C36: Điều dưỡng | D36: 104882438347 | E36: ='lanh tien PT1'!D28 -> 5330525.7 | F36: - | G36: =E36 -> 5330525.7
A37: 33 | B37: Lê Kim Hoàn | C37: Điều dưỡng | D37: 100883540104 | E37: ='lanh tien PT1'!D29 -> 5330525.7 | F37: - | G37: =E37 -> 5330525.7
A38: 34 | B38: Nguyễn Thị Như Ý | C38: Hộ Lý | D38: 108002699374 | E38: ='lanh tien PT1'!D30 -> 2665373.9 | F38: - | G38: =E38 -> 2665373.9
B39: TỔNG CỘNG | E39: =SUM(E7:E38) -> 1.3683836e+08 | F39: =SUM(F7:F38) -> 4101519.4 | G39: =SUM(G7:G38) -> 1.3273684e+08
F41: Cần Thơ, ngày 21 tháng 10 năm 2025
A42: Người lập bảng | F42: Trưởng khoa
E44: =101038395-E39 -> -35799969
A46: ĐD. Phan Văn Hiếu | F46: ThS. Bs.Nguyễn Chí Nguyện

Sheet Thực lãnh dv
A1: BV TRƯỜNG ĐHYD CẦN THƠ
A2: KHOA NGOẠI CTCH-TK
A3: DANH SÁCH LÃNH TIỀN THÙ LAO THÁNG 11/2025
A4: (Dịch Vụ)
A6: STT | B6: HỌ TÊN | C6: CHỨC VỤ | D6: SỐ TÀI KHOẢN | E6: SỐ TIỀN | F6: THUẾ 10% | G6: THỰC LÃNH | H6: KÝ NHẬN
A7: 1 | B7: Nguyễn Thành Tấn | C7: Bác sĩ | D7: 103006610215 | E7: ='lanh tien PT'!D7 -> 555266.25 | F7: =E7-G7 -> 0 | G7: =E7 -> 555266.25
A8: 2 | B8: Nguyễn Lê Hoan | C8: Bác sĩ | D8: 100006610218 | E8: ='lanh tien tphau'!D7+'lanh tien PT'!D8+'Bác sĩ điều trị'!D9-'Thực lãnh'!I28+'Lãnh tiền PTYC'!E8 -> 5666086.5 | F8: =E8-G8 -> 566608.65 | G8: =E8*0.9 -> 5099477.9
A9: 3 | B9: Hoàng Minh Tú | C9: Bác sĩ | D9: 100006610162 | E9: ='lanh tien tphau'!D8 -> 3674560 | F9: =E9-G9 -> 367456 | G9: =E9*0.9 -> 3307104
A10: 4 | B10: Nguyễn Chí Nguyện | C10: Bác sĩ | D10: 105001159195 | E10: ='lanh tien tphau'!D9+'lanh tien PT'!D9+'Lãnh tiền PTYC'!E11 -> 8740254.2 | F10: =E10-G10 -> 0 | G10: =E10 -> 8740254.2
A11: 5 | B11: Hồ Điền | C11: Bác sĩ | D11: 105001225232 | E11: ='lanh tien PT'!D10+'Bác sĩ điều trị'!D13+'lanh tien tphau'!D12-'Thực lãnh'!I18 -> 8050892 | F11: =E11-G11 -> 805089.2 | G11: =E11*0.9 -> 7245802.8
A12: 6 | B12: Trần Quốc Toản | C12: Bác sĩ | D12: 107868829237 | E12: ='lanh tien tphau'!D11+'lanh tien PT'!D11 -> 3641240.5 | F12: =E12-G12 -> 0 | G12: =E12 -> 3641240.5
A13: 7 | B13: Phạm Việt Tân | C13: Bác sĩ | D13: 104000362303 | E13: ='lanh tien tphau'!D10+'lanh tien PT'!D12 -> 3611019 | F13: =E13-G13 -> 0 | G13: =E13 -> 3611019
A14: 8 | B14: Phan Văn Tuấn | C14: Bác sĩ | D14: 105872433048 | E14: ='lanh tien PT'!D13 -> 6866610.2 | F14: =E14-G14 -> 0 | G14: =E14 -> 6866610.2
A15: 9 | B15: Trần Quang Sơn | C15: Bác sĩ | D15: 107004193662 | E15: ='lanh tien PT'!D16+'lanh tien tphau'!D13 -> 7618389 | F15: =E15-G15 -> 761838.9 | G15: =E15*0.9 -> 6856550.1
A16: 10 | B16: Nguyễn Tư Thái Bảo | C16: Bác sĩ | D16: 109871759605 | E16: ='Bác sĩ điều trị'!D19+'lanh tien PT'!D14+'lanh tien tphau'!D14-'Thực lãnh'!I31 -> 6385583 | F16: =E16-G16 -> 638558.3 | G16: =E16*0.9 -> 5747024.7
A17: 11 | B17: Trần Nguyễn Anh Duy | C17: Bác sĩ | D17: 109867708726 | E17: ='Bác sĩ điều trị'!D20+'lanh tien PT'!D15+'lanh tien tphau'!D15-'Thực lãnh'!I30 -> 4493868 | F17: =E17-G17 -> 449386.8 | G17: =E17*0.9 -> 4044481.2
A18: 12 | B18: Nguyễn Giang Tử | C18: Bác sĩ | D18: 109875250610 | E18: ='lanh tien PT'!D17+'Bác sĩ điều trị'!D18 -> 6400965.5 | F18: =E18-G18 -> 0 | G18: =E18 -> 6400965.5
A19: 13 | B19: Võ Long Ẩn | C19: Bác sĩ (nt) | D19: 102883571393 | E19: ='lanh tien PT_BHYT'!E18+'lanh tien PT'!D18 -> 2057686 | F19: =E19-G19 -> 205768.6 | G19: =E19*0.9 -> 1851917.4
A20: 14 | B20: Nguyễn Xuân Bình | C20: Bác sĩ (nt) | D20: 102869161271 | E20: ='lanh tien PT_BHYT'!E19+'lanh tien PT'!D19 -> 1727162 | F20: =E20-G20 -> 0 | G20: =E20 -> 1727162
A21: 15 | B21: Phan Doãn Đại Dương | C21: Bác sĩ (nt) | D21: 106883542216 | E21: ='lanh tien PT_BHYT'!E20+'lanh tien PT'!D20 -> 1521236 | F21: =E21-G21 -> 0 | G21: =E21 -> 1521236
A22: 16 | B22: Lê Quốc Khánh | C22: Bác sĩ (nt) | D22: 103870057143 | E22: ='lanh tien PT_BHYT'!E21+'lanh tien PT'!D21 -> 1461749 | F22: =E22-G22 -> 0 | G22: =E22 -> 1461749
A23: 17 | B23: Lê Cường Thạnh | C23: Bác sĩ (nt) | D23: 106883557907 | E23: ='lanh tien PT_BHYT'!E22+'lanh tien PT'!D22 -> 2509169 | F23: =E23-G23 -> 250916.9 | G23: =E23*0.9 -> 2258252.1
A24: 18 | B24: Nguyễn Văn Nghiêm | C24: Bác sĩ (nt) | D24: 108883113558 | E24: ='lanh tien PT_BHYT'!E23+'lanh tien PT'!D23+'lanh tien PT'!D26+'lanh tien PT_BHYT'!E26 -> 8391195 | F24: =E24-G24 -> 839119.5 | G24: =E24*0.9 -> 7552075.5
A25: 19 | B25: Đỗ Thành Công | C25: Bác sĩ (nt) | D25: 109881609351 | E25: ='lanh tien PT_BHYT'!E24+'lanh tien PT'!D24 -> 3928944 | F25: =E25-G25 -> 392894.4 | G25: =E25*0.9 -> 3536049.6
A26: 20 | B26: Võ Ngọc Thiện | C26: Bác sĩ (nt) | D26: 102885267089 | E26: ='lanh tien PT_BHYT'!E25+'lanh tien PT'!D25-1500000 -> 4200346 | F26: =E26-G26 -> 420034.6 | G26: =E26*0.9 -> 3780311.4
A27: 21 | B27: Nguyễn Hoài Đức | C27: Bác sĩ (nt) | D27: 101883256042 | E27: ='lanh tien PT_BHYT'!E27+'lanh tien PT'!D27-500000 -> 3620488 | F27: =E27-G27 -> 362048.8 | G27: =E27*0.9 -> 3258439.2
A28: 22 | B28: Phan Văn Hiếu | C28: Điều dưỡng | D28: 106006773860 | E28: ='lanh tien PT1'!D20 -> 5330525.7 | F28: - | G28: =E28 -> 5330525.7
A29: 23 | B29: Võ Thị Yến Nhi | C29: Điều dưỡng | D29: 105866700129 | E29: ='lanh tien PT1'!D21 -> 5330525.7 | F29: - | G29: =E29 -> 5330525.7
A30: 24 | B30: Võ Phương Duy | C30: Điều dưỡng | D30: 108869864215 | E30: ='lanh tien PT1'!D22 -> 5330525.7 | F30: - | G30: =E30 -> 5330525.7
A31: 25 | B31: Lê Ngọc Diệu | C31: Điều dưỡng | D31: 106002699376 | E31: ='lanh tien PT1'!D24 -> 5330525.7 | F31: - | G31: =E31 -> 5330525.7
A32: 26 | B32: Nguyễn Kim Ngân | C32: Điều dưỡng | D32: 104869864258 | E32: =E30 -> 5330525.7 | F32: - | G32: =E32 -> 5330525.7
A33: 27 | B33: Trần Quỳnh Minh Thư | C33: Điều dưỡng | D33: 102877256973 | E33: =E30 -> 5330525.7 | F33: - | G33: =E33 -> 5330525.7
A34: 28 | B34: Thạch Thị Thúy Đa | C34: Điều dưỡng | D34: 109869939394 | E34: =E30 -> 5330525.7 | F34: - | G34: =E34 -> 5330525.7
A35: 29 | B35: Lê Thị Tuyết Đoan | C35: Điều dưỡng | D35: 108872473096 | E35: =E28 -> 5330525.7 | F35: - | G35: =E35 -> 5330525.7
A36: 30 | B36: Nguyễn Lê Duy Anh | C36: Điều dưỡng | D36: 104882438347 | E36: =E30 -> 5330525.7 | F36: - | G36: =E36 -> 5330525.7
A37: 31 | B37: Lê Kim Hoàn | C37: Điều dưỡng | D37: 100883540104 | E37: =E30 -> 5330525.7 | F37: - | G37: =E37 -> 5330525.7
A38: 32 | B38: Nguyễn Thị Như Ý | C38: Hộ Lý | D38: 108002699374 | E38: ='lanh tien PT1'!D30 -> 2665373.9 | F38: - | G38: =E38 -> 2665373.9
B39: TỔNG CỘNG | E39: =SUM(E7:E38) -> 1.5109334e+08 | F39: =SUM(F7:F38) -> 6059720.6 | G39: =SUM(G7:G38) -> 1.4503362e+08
F41: Cần Thơ, ngày 16 tháng 12 năm 2025
A42: Người lập bảng | F42: Trưởng khoa
A46: ĐD. Phan Văn Hiếu | F46: ThS. Bs.CKII.Nguyễn Lê Hoan
